6.915594 13.369258 42.957459 5.023139 340.626172 42.593896 92.758791
6.204895 13.189394 42.833696 10.600624 145.789944 32.163218 109.929214
6.672177 13.447038 42.951022 13.182273 160.951824 21.451833 115.528570
6.352962 12.953486 42.951225 3.866792 143.528059 36.978158 50.930484
6.913895 13.546533 42.801034 6.380227 271.941487 74.930718 3.811205
6.793580 13.004245 42.611717 12.317882 340.204003 37.599281 -86.171740
6.451785 13.162650 42.788877 14.478671 103.446938 33.297975 -82.427018
6.507941 12.952590 42.756008 8.171136 92.059692 55.606830 -79.112842
6.569740 13.254389 42.936867 5.218827 140.973948 31.068631 57.133887
6.413896 13.204114 42.820730 14.770993 204.237662 25.869805 87.108346
6.560008 13.078992 42.793248 6.017566 175.542603 41.324324 -73.434762
7.078463 13.128028 42.875126 9.866794 157.097222 33.579136 62.732644
6.556932 13.490904 42.808781 22.155059 163.413547 24.077166 81.292285
6.274527 13.182005 42.767985 14.564676 152.731684 37.455227 100.571785
6.389915 13.129419 42.757803 13.598364 137.258333 59.105232 -45.103098
5.859396 13.248253 42.817204 19.600475 136.313627 66.697928 -116.413174
7.435886 13.648938 42.842795 7.500428 143.743582 27.515154 125.865401
6.028025 13.056073 42.923362 4.818731 142.159817 54.865247 -56.916374
6.408661 13.056324 42.870517 15.821720 163.805648 51.191247 -69.820591
6.447782 13.057402 42.876185 22.629517 164.072423 36.221033 74.590348
6.861655 13.241960 42.851024 9.381407 322.910254 50.191991 -62.689314
6.090484 13.122260 43.018856 8.676297 346.613635 61.741625 -90.728769
6.591311 13.237694 43.024727 9.568229 148.593017 33.065017 121.222817
6.403133 13.122617 42.886424 14.488861 248.497083 51.225143 68.864245
6.961887 12.954733 42.714420 12.986847 334.691780 37.395467 -100.810365
6.464715 13.018066 42.712031 3.610573 173.454766 53.999914 82.780022
6.104459 13.212627 42.797897 5.021078 357.781319 58.855699 -62.494244
6.341271 13.137944 42.769605 8.116071 14.096694 72.053312 -24.836898
6.316344 13.062319 42.747338 14.087489 150.343602 58.143659 -70.204142
6.507954 13.075876 42.748837 13.380023 348.259866 22.829081 -65.655290
6.479398 13.019911 42.820929 7.044433 333.706550 38.462346 124.550124
6.793386 12.975817 42.728678 15.331745 258.192364 52.013511 59.478551
6.224259 12.927736 42.844509 5.529216 101.082593 15.753155 3.100484
5.949216 13.138770 42.803035 22.707957 165.918341 51.082145 -83.333478
6.904248 13.053666 42.910318 6.653112 195.887641 54.873092 -128.935281
7.208815 13.232447 42.896372 7.195412 146.435466 21.851626 80.251758
6.577882 12.905963 43.106231 12.623412 161.692091 58.418089 -122.317229
6.339851 13.097440 42.870434 9.826072 159.026250 48.747619 -131.312124
6.521547 13.168325 42.891349 22.749555 157.792404 27.428861 92.834326
6.538945 12.936197 42.752612 16.081768 141.395175 50.904324 -108.608020
6.585764 13.136450 42.921267 3.970262 138.304779 53.200912 -70.301702
6.207111 12.967731 42.794926 16.220139 152.918694 41.408520 -106.177495
6.814249 12.812293 42.839596 20.263805 102.784277 82.752175 -38.300679
6.657740 12.588692 42.819392 12.932797 271.845237 65.534876 -98.828013
6.281926 13.128889 42.934342 6.386739 169.775494 74.948219 -47.227380
6.556959 13.112217 42.731201 4.097504 355.535653 59.677841 -109.227098
6.569797 13.161866 42.798336 8.403007 145.433561 48.901872 -134.326070
6.097407 13.172722 42.772521 9.090196 4.218743 84.850410 -36.570158
6.349234 13.315084 42.764612 8.646978 56.889386 84.994562 162.419525
6.305412 12.977655 43.066144 11.233050 177.921206 56.526812 -73.044233
6.769926 13.016704 42.805445 7.749928 350.797748 37.112529 -71.997096
5.842657 12.975491 42.876069 14.643807 225.466197 54.887213 73.961172
6.471603 13.500467 42.930987 10.112738 162.197227 64.918878 116.008751
6.145316 13.168843 42.713827 5.383442 139.380263 32.384611 115.460419
7.270380 13.016807 43.071987 11.889679 108.796991 80.387734 137.238484
7.220031 12.662648 42.528888 7.596768 6.262750 35.745439 54.446226
5.932641 13.221084 42.754130 5.700045 152.643173 23.424134 102.483262
6.473554 13.216795 42.961233 10.338468 359.835944 69.962171 92.570990
6.563797 13.000594 42.656855 17.922200 148.639487 56.873475 -45.108938
6.311847 13.131441 42.798758 4.466325 47.523352 77.265217 -103.105400
6.092181 13.099900 42.965253 7.185839 168.046984 58.043676 -90.729826
6.702739 12.809766 42.756628 7.435575 161.718383 41.585591 -114.437592
6.298143 12.847037 42.818382 4.524204 161.381112 51.393022 -58.441652
6.330856 13.119274 42.781258 9.381610 119.619555 84.776539 -23.594312
6.289712 13.086511 42.808702 6.585371 135.390888 57.849983 -101.987851
6.447753 12.978543 42.877088 25.049800 322.861229 35.101863 -62.687822
6.738910 12.719120 42.857203 14.631739 336.730921 30.400642 -90.248316
6.448191 13.197930 42.749120 19.461610 279.393902 76.268592 -104.730493
6.906615 13.464003 43.168268 12.005819 170.345564 23.114209 -126.434418
6.581173 13.103720 42.710992 5.679226 177.833227 52.912049 -90.178063
6.757627 13.049323 42.789582 19.417374 158.290837 42.516890 -87.137130
6.115539 13.275047 42.923085 7.359542 112.989902 49.763318 -70.711332
6.365362 12.886219 42.858245 4.766853 320.224136 30.448174 -86.953166
6.534868 13.104484 42.846318 14.390626 161.800162 49.500891 -79.466185
6.162434 12.811702 42.841199 8.373872 271.742062 49.479206 -130.029669
6.466999 13.327729 42.988860 7.665507 142.075470 35.471661 131.921207
6.964859 13.300804 43.224552 13.465867 26.241932 19.568880 86.410460
5.967953 13.030514 42.809201 5.079598 146.459926 34.594854 123.224509
6.435037 12.985050 42.735221 13.198164 156.338358 59.395898 -102.367373
6.474746 13.193977 42.868188 13.141236 291.428678 10.711149 -128.614831
6.023578 13.116465 42.800756 8.386228 264.748131 40.086562 80.734752
5.917569 13.027213 42.843779 11.320292 295.845379 44.720446 -128.264781
6.600781 13.197974 42.669772 4.612001 135.790469 49.939137 -86.273246
6.205776 13.081898 42.884084 10.326595 2.458795 73.399633 -161.733192
6.647871 13.355790 42.970876 9.089778 138.951622 50.324916 -117.068185
6.661976 13.045206 42.632097 15.352805 337.296487 74.735097 -73.578324
6.306003 13.176336 42.760046 15.634032 138.191137 34.715229 60.109227
6.728067 13.099824 42.666869 24.538160 187.183499 62.057610 179.784276
6.560144 12.995489 42.917768 4.071699 163.287442 58.525819 -133.953195
6.517443 13.068128 42.807162 14.569600 98.932008 81.375195 162.371502
6.386070 13.021369 42.727041 7.667807 170.214305 47.925332 -129.019969
6.714559 13.151333 42.600660 12.545611 313.020726 53.230959 72.893950
6.732291 13.214346 42.741295 7.664101 161.513044 31.229650 97.704809
6.508258 12.993163 42.720210 14.844822 166.220239 41.705520 -126.004956
7.202706 12.736326 42.642861 7.035555 261.512818 10.318908 -0.686366
7.074980 12.998256 43.454195 14.028751 137.027241 33.255640 72.693147
6.938432 13.230090 42.404390 15.473386 102.427651 47.421976 -71.138133
6.201275 13.236137 42.847144 12.624641 325.956638 45.428880 -122.073280
6.054301 13.168239 42.905115 4.488907 294.219090 15.512100 -173.710857
6.533353 13.123258 42.883982 12.853907 159.845934 37.945703 89.464692
5.831920 13.247530 42.887735 16.024061 164.341796 41.780371 -68.119788
6.827415 12.868919 42.949526 11.814421 156.048909 50.889965 -100.170835
6.930939 13.274757 42.805656 4.063619 231.665089 29.596312 82.145726
6.348541 13.413861 42.884689 18.935654 340.154249 49.300201 -57.989264
6.196982 13.058240 42.810387 13.480784 154.304177 81.283017 -22.932626
6.650754 13.118685 42.908135 6.806162 54.444563 82.017127 -16.715357
7.034442 12.841531 42.894169 18.837875 353.837377 28.426199 -118.521550
6.243409 13.099532 42.950264 8.646764 139.579869 58.588421 -123.442193
6.785129 13.064808 42.898736 8.038822 316.411938 30.183284 -77.838065
6.380602 13.257446 42.855209 12.400193 159.086804 31.196662 116.185764
6.419255 13.102362 42.833053 14.077580 115.368567 78.911358 -84.503533
6.829681 13.310961 42.649133 14.845579 0.801989 30.605849 -51.380906
6.838134 13.450279 43.011350 9.615361 276.217790 44.712147 62.348232
6.546509 13.109651 42.638234 18.891851 341.541731 57.169875 -62.418411
6.028166 13.146933 42.808710 7.676307 177.472042 28.092526 127.693743
6.007367 13.051545 42.738256 8.828835 133.484218 53.027014 -126.253034
6.441502 12.835016 42.798263 6.825016 178.629728 49.435032 -78.988382
5.931050 13.132454 42.899565 8.900482 177.519292 59.569568 -132.262549
6.920453 13.304713 42.743495 20.856116 254.546080 23.088156 178.006202
6.169253 13.159880 42.829841 15.252929 162.703184 34.478314 67.686585
6.656961 13.220287 42.761591 12.499301 179.115014 27.651496 81.043092
6.699477 12.972005 42.844377 15.332733 104.615224 49.399138 -66.116182
6.668638 13.251228 42.731247 17.248274 172.865342 30.944776 129.732953
6.200578 13.086466 42.781504 6.825583 4.582206 41.283425 37.717175
6.421007 12.978271 42.897653 8.878563 159.019188 48.745769 -58.766590
5.943319 13.086407 42.859206 12.419741 7.729133 85.811249 177.008155
5.885286 13.079887 42.787856 6.353866 144.313721 54.446596 -52.447381
6.432691 13.204673 42.768518 14.247595 24.151833 89.911083 -173.280877
6.579009 13.219869 42.818530 8.801182 320.756090 46.446481 -118.761950
6.527601 13.198964 42.881752 15.495367 316.346195 49.345550 -55.249388
6.432472 13.018209 42.948302 13.210610 310.728876 32.297746 122.579685
6.693470 13.267494 42.751376 17.238455 15.044062 53.182093 53.086682
6.066632 13.008717 42.845258 11.374620 134.437055 52.200054 145.310623
6.449050 13.038217 42.811682 7.543386 118.174173 41.680756 -104.760820
6.047371 13.127775 42.783874 7.614853 158.360644 48.585246 -97.773936
5.960002 13.024055 42.852224 18.160428 351.918988 38.493168 -85.959587
6.128094 13.027487 42.688112 16.982264 148.170049 50.336179 -120.292342
6.695009 13.500831 43.045411 22.198618 324.152729 59.284414 20.720110
6.708324 12.990983 42.803055 20.365617 158.823146 50.596358 -134.626626
5.900364 13.112128 42.730844 16.487149 153.045988 29.844942 131.695219
6.401048 13.027316 42.820050 7.520487 164.605314 42.636811 -95.871220
6.955527 12.321385 42.916604 14.635712 337.374280 26.425201 -69.743765
6.236715 13.004250 42.866147 15.208243 177.879878 55.062431 -109.819049
6.331499 13.237553 42.880973 9.489323 140.309871 21.359987 63.304958
6.468445 12.963934 42.823489 10.798788 43.015659 45.988919 88.144621
6.375371 13.278065 42.763307 9.607630 156.272458 23.288633 89.968452
6.462507 13.077660 42.943617 19.826901 173.404701 40.518302 -67.935222
6.484974 13.223818 42.910838 10.873609 123.965593 87.682385 5.149313
6.608198 13.001565 42.933457 10.095954 152.098185 22.713185 113.241562
6.154232 13.063913 42.826719 4.884691 306.956576 17.224846 77.341503
6.538641 13.258643 42.924266 14.655098 147.297523 20.226592 81.563084
6.253323 13.063817 42.966560 3.154215 151.410906 58.379877 -79.909072
6.610377 13.277692 42.469951 9.627885 127.330544 56.510004 -92.971459
6.715371 13.209631 42.593169 8.143558 132.907541 45.943925 -82.440289
6.382617 13.203334 42.924802 11.863810 306.832371 51.657178 -83.190067
6.624175 13.220820 42.888388 12.250394 210.977862 76.464681 100.267215
6.616212 12.853995 42.880968 7.238438 157.888627 57.388171 -68.296792
6.441178 13.039747 42.678176 3.838821 94.709842 64.677641 123.811665
6.205111 13.129337 42.819330 6.955124 283.299898 53.162534 -67.699839
6.491652 13.237417 42.736155 13.636122 140.938429 21.074783 112.935580
6.146661 13.247356 42.722643 2.928233 167.409000 21.706900 78.595725
6.030115 13.275205 42.826476 13.057014 156.138056 44.175442 -51.981066
6.677351 13.253794 42.759179 6.086872 170.341949 33.913519 122.709239
6.339584 12.856409 42.760574 14.661846 337.667271 21.973343 -85.685643
6.707225 12.881466 43.067775 3.332862 146.142848 33.150112 50.539852
6.559856 13.140603 42.774045 23.444883 153.782847 32.067421 118.125012
6.781403 13.332282 42.841013 13.497323 144.443924 29.459207 95.583157
6.116348 13.031391 42.939557 14.810744 140.632301 51.029652 -113.764582
6.498595 13.191872 42.837244 15.485389 61.865816 38.077406 -107.090263
6.025622 13.068879 42.802227 8.920592 351.003133 24.472512 -58.947249
6.997783 12.655526 42.940969 23.856749 320.653593 30.964102 -121.579408
6.500732 13.114907 42.866590 4.095456 259.061599 61.946757 -37.646838
7.077563 13.664159 43.168502 6.154547 153.503065 52.077079 63.066757
6.651850 13.319494 42.907113 10.088933 176.106983 27.094898 87.121374
6.878156 12.916797 42.858955 8.177401 141.701840 48.226554 -73.558878
7.330602 13.559874 43.199933 21.788531 211.942607 51.303251 81.114075
6.215981 13.096468 42.692165 4.993978 137.570536 59.382863 -80.179972
6.711180 12.981167 43.027989 11.969381 149.101438 37.621506 73.910301
6.195396 12.952268 42.726246 6.495848 64.372646 56.821029 120.687080
6.156798 13.173543 42.900590 12.563226 69.339987 89.120606 169.032452
6.726272 13.130102 42.536105 15.657362 171.667791 54.997943 -100.945312
6.681743 12.746414 42.400772 6.725215 59.151845 54.633175 33.002746
6.863103 13.109176 42.944933 14.516136 142.113647 48.790676 -69.247864
5.849370 13.143366 42.971927 14.219257 146.906144 36.064187 54.393950
6.624982 13.073798 42.863605 10.002717 114.050818 33.659634 117.446264
6.670076 13.013775 42.574762 8.878354 194.910004 61.187857 113.405543
6.912520 13.009677 43.349806 16.850629 31.954977 40.926744 -45.500380
6.915938 12.865185 42.822555 3.377723 330.270423 25.995460 -118.033163
6.430991 13.085114 42.879451 15.835553 101.041077 44.981093 -82.827698
6.994276 13.194597 43.058292 16.994776 5.184960 83.953896 -135.974681
6.526563 12.923331 43.085818 22.746338 170.461443 29.749556 127.148004
6.332475 12.991229 42.812293 5.308945 167.166385 46.751964 -126.166936
5.991113 13.093373 42.755078 10.369308 229.805072 17.375317 132.558840
6.338287 13.310875 42.992163 18.250206 267.091841 54.364910 94.153860
6.529122 12.962227 42.786108 6.421811 345.559538 27.909189 -94.045023
6.189786 13.110805 42.822030 13.071893 8.077161 65.253396 -145.455301
6.598245 13.086686 42.678246 11.875447 133.494079 44.704389 -131.005720
6.320071 13.242633 42.761823 12.468873 153.026291 63.532919 -74.141891
6.136998 13.077124 42.843448 11.293736 321.146594 35.179726 -76.988934
6.002730 13.297475 42.826247 7.886520 144.226169 34.962678 54.208331
6.181261 13.110791 42.956853 2.989256 171.165909 58.688722 -126.362034
6.439342 13.162479 42.645366 14.837938 160.333442 40.737360 -46.107993
6.383670 13.176916 42.753954 8.401835 122.270137 48.523801 -50.816216
6.658787 13.111423 42.804681 8.647042 49.462306 84.995614 171.441727
6.503619 13.146864 42.616439 9.708235 102.609986 75.470225 144.829827
6.697484 13.088042 42.871322 17.276551 331.546266 47.580998 -66.667666
6.139878 13.135334 42.927098 9.327727 348.059649 51.981881 -54.550510
6.926789 13.290470 43.125197 11.942845 146.337389 45.371091 62.062274
6.068264 13.185200 42.734128 5.566266 151.629647 50.821855 -130.601166
6.450194 13.290241 42.745226 3.947818 97.883381 68.268465 112.250124
6.737005 13.249726 42.782136 5.510194 152.439524 26.040633 120.291638
6.662336 12.981503 42.973115 19.786184 152.805574 57.961524 -76.662558
6.315464 13.171933 42.756175 13.909564 324.716220 17.076441 -91.355223
6.990258 13.150859 42.836245 12.640084 135.422824 27.120962 88.558106
6.718111 13.071576 42.605427 18.686218 158.008854 44.133596 -95.541953
6.676781 13.412463 42.922074 10.180172 176.411524 24.972803 55.207114
6.115591 12.953319 42.831414 6.826199 279.161635 47.958716 -117.375053
6.292829 13.132604 42.990580 4.870585 147.860626 51.074203 -57.649677
6.362609 13.095672 42.815156 5.652910 354.776660 35.651923 -60.524478
6.303648 13.207836 42.874318 17.651335 197.467624 48.960152 74.663224
6.838251 13.473806 42.850757 13.124948 177.280799 31.326153 71.360585
6.348055 13.287319 42.983309 10.512564 172.974197 29.718516 53.244325
6.489971 12.847985 42.732435 10.164520 159.191867 45.215341 -120.104391
6.409740 13.313283 42.936021 6.795328 176.147617 35.502344 100.440442
6.446659 13.137084 42.773673 17.147320 276.445496 21.468193 -73.024152
6.417183 13.102605 42.777755 16.222551 132.636152 55.791512 -117.971527
6.605930 13.026661 42.925182 16.982366 154.552263 44.625717 -54.389628
6.035899 13.137994 42.775237 10.232857 264.555516 14.370997 -35.693531
6.356462 13.015974 42.764099 21.673980 155.242981 46.496040 -91.970631
6.469334 12.999932 42.737633 9.924779 293.373040 31.598185 -104.757575
6.874080 12.846144 42.767036 6.084594 320.414723 79.592511 -59.320247
6.397344 13.019312 42.781102 4.375493 176.188065 53.435915 -86.276268
6.460574 13.151646 42.804825 10.839112 155.738961 50.029180 -66.363465
6.560838 13.023594 42.814662 12.228240 149.930755 54.556938 -97.810255
6.319343 13.160133 42.942625 8.400066 156.170454 24.630098 119.272078
6.495244 13.034822 42.888508 6.472378 152.177606 19.601236 -70.105067
6.702603 12.949561 42.663835 24.829383 177.265267 59.233906 -117.835340
6.675738 13.304190 42.970857 8.253714 133.190824 55.430516 -158.069598
6.441145 13.073175 42.899790 10.169711 62.473284 71.999873 61.171169
6.482722 12.951881 42.960977 4.299708 152.116706 81.944610 139.849974
6.717235 12.737912 42.875718 12.795749 341.919939 39.116495 -88.874456
6.200278 13.051362 42.781849 17.761369 146.613011 53.641532 -86.619186
6.616053 13.302283 42.700583 8.361242 179.066602 28.766890 100.821878
6.707013 13.128203 42.773535 6.816246 165.104979 22.070903 95.010730
6.059140 13.063338 42.831861 15.584532 263.980224 49.905243 114.051123
6.751932 12.626352 43.208165 9.329323 317.455182 33.688833 -49.574118
6.392387 12.915469 42.912277 4.924637 149.178250 20.540688 133.303603
6.787458 12.701886 42.810668 5.565551 95.273440 53.675621 -131.870562
6.852654 12.651375 42.692503 20.735290 145.549386 77.233393 -90.864680
5.950937 13.118371 42.745901 2.544712 107.081994 44.396684 -50.823118
6.650972 13.313432 42.785694 3.835746 163.561674 26.475811 80.400474
6.185238 13.032458 42.845475 4.990507 194.030441 53.865452 -131.040120
6.531756 12.857321 42.753221 9.178351 162.551058 71.517843 -96.686563
6.175891 13.055017 42.725025 16.069915 165.291492 41.798439 -53.181219
6.461185 13.148814 42.771518 6.778529 169.656174 26.633300 127.282079
6.673233 13.142203 42.638302 11.071436 322.717896 54.766835 -119.240027
6.766561 12.801877 42.839858 5.124229 331.827515 28.014295 -49.086503
6.779436 12.766062 42.803271 14.724962 104.495633 41.221109 -81.106560
6.758802 12.829047 42.804691 7.542329 151.996253 59.274695 -80.538979
6.396626 12.934923 42.788885 13.431389 208.625103 69.111004 49.629087
6.247524 13.123766 42.697384 14.966842 125.373106 67.872443 -31.697902
6.282218 12.951496 42.746213 10.412862 334.665909 30.121527 -50.447626
6.712245 12.686959 42.990580 11.837920 124.047950 42.699312 -90.387719
6.808342 12.962272 42.795949 5.942167 145.557842 41.587879 -124.332495
5.968108 13.188208 42.916301 3.734250 142.793161 31.576657 94.107202
6.607102 13.080744 42.791666 9.677341 124.652455 77.449718 -164.151312
6.106654 13.138874 42.846386 11.262739 324.227776 25.276751 -118.556969
6.591750 13.241840 42.849399 12.158313 142.568526 48.703158 -73.915401
6.800733 13.439923 42.951748 17.827505 177.885839 30.101402 109.028116
6.688419 13.020737 42.449651 7.929777 329.403073 23.655017 -127.526484
6.715888 13.171121 42.976936 10.776347 151.672912 36.835514 47.834418
6.540928 13.230557 42.931785 6.414923 153.003524 39.305196 70.051642
6.640786 13.164138 42.806501 14.234775 142.611466 43.566173 -83.727717
6.165365 13.095973 42.859828 8.588341 312.849193 33.875166 65.449708
6.187215 12.808372 42.803720 7.552914 149.120934 56.026720 -73.850104
6.714918 12.794456 42.775232 22.244806 346.834245 63.908727 -71.506846
6.725885 13.166694 42.998219 9.775855 153.545795 34.805931 78.823383
6.380013 13.035752 42.860999 11.976865 142.830662 41.962243 -115.900724
6.331279 12.983153 42.842570 6.107308 145.048373 52.117414 -59.652127
6.103548 13.060601 42.790643 8.789277 318.971230 28.552688 -84.829736
6.022992 13.054127 42.844233 17.353313 80.175295 18.291660 117.780108
6.607059 12.782688 42.661227 6.073893 133.108514 50.373182 -116.790234
6.535162 13.030626 42.761819 14.290735 276.117087 11.537656 127.642201
6.456260 13.225108 42.948777 5.813911 159.507588 31.559294 55.558241
6.591789 13.128434 42.800270 10.568227 121.521049 33.848049 -87.015572
5.864682 12.974854 42.857909 11.916325 274.939542 50.265401 -55.070128
6.910194 13.153749 42.675950 10.413982 140.886605 29.110414 91.440942
5.742354 13.186946 42.783030 15.739707 166.307338 28.225902 94.585811
6.213229 13.049118 42.861142 4.946233 348.118285 34.508361 -59.849719
6.355788 13.049783 42.830627 6.854021 176.060660 43.665070 -132.136994
6.233574 12.980650 42.948457 15.269025 171.443652 43.231293 -106.990092
6.518168 13.360188 42.593459 3.929555 164.779058 58.614547 -112.290192
6.606474 13.182819 42.599405 10.118927 146.914265 56.360789 -50.530784
6.192095 13.094069 42.822215 11.854706 162.671115 56.319974 -64.883956
6.650384 13.343391 42.455955 13.661342 147.778826 48.924580 -127.669683
7.091598 13.837486 42.661528 10.172264 127.404972 60.733639 169.431088
6.536035 13.048859 42.835206 13.036715 172.377294 43.204851 -50.605711
6.473480 13.394652 42.964950 13.472244 215.142599 58.932032 -48.592928
6.397125 13.176383 42.573430 17.057765 355.220098 72.243470 -66.751071
6.612462 13.042557 42.696412 9.094269 166.614027 44.424668 -53.210634
6.020367 12.986267 42.739110 9.670541 347.370319 49.646179 -50.809409
6.345527 13.234681 42.943785 17.738680 188.949435 42.439990 -87.360754
6.403668 13.349110 42.886325 13.320122 168.479744 29.403554 91.248307
6.652873 13.137386 42.679540 3.917354 166.344925 46.719037 -101.371202
7.065552 12.672611 43.104032 7.181579 332.192598 36.746049 -52.800367
6.559827 13.242924 42.929217 18.336204 145.400113 39.485271 104.452918
5.831219 13.254718 42.832312 8.322858 352.692909 44.702050 26.928908
6.546407 13.173960 42.848863 7.479524 170.183523 35.431686 74.044495
6.399913 13.214891 42.996896 7.484438 156.046208 22.136317 110.420646
6.531850 12.945908 42.667191 5.089786 162.468629 55.761839 -74.345057
6.960043 13.186535 42.903732 11.736124 162.288920 69.022643 -47.542462
6.795993 12.569718 42.819054 4.861948 317.289021 27.356713 -51.232080
6.254995 13.121717 42.802531 9.495282 179.657069 54.587053 -99.698388
6.571399 12.886133 43.002425 10.466942 202.791351 61.653680 42.514321
6.623504 12.719727 43.006889 12.327819 328.792144 44.450233 -103.186621
6.391625 13.021004 42.774432 6.855009 317.040920 39.289816 -81.721025
6.210121 13.127583 42.935275 11.603074 136.862694 20.098186 64.393159
6.417393 13.012369 42.878370 20.941812 124.726688 45.117013 -52.826915
6.767706 13.480014 42.714883 12.291743 192.745581 69.234735 167.483100
6.899570 12.886404 42.969930 12.012604 347.493445 66.400758 -85.515393
6.130205 13.145712 42.675918 8.086377 142.053522 23.979325 47.468913
6.370004 13.027786 42.826428 6.892297 269.273271 51.644000 -5.217386
6.463327 13.078918 42.891082 11.072222 64.158658 84.973483 147.572480
6.809479 12.959491 42.814579 12.209968 96.600517 27.889377 -71.898600
6.144614 13.010926 42.815289 13.923523 165.733495 41.256367 -100.907274
6.440334 13.113511 42.919614 6.775395 6.836211 12.463142 -116.200789
6.612416 12.795773 42.815880 9.002226 295.308789 46.779683 -102.488069
6.257628 13.073496 42.827233 20.058190 152.268978 45.170667 -96.653267
6.760730 13.167808 42.933219 11.427398 164.274331 31.289329 69.421774
6.859248 13.378930 42.781828 12.827001 148.288437 35.791710 84.460657
6.691628 12.915829 42.914010 8.396911 135.767680 55.636987 -79.995262
6.420751 12.937149 42.911948 11.322631 169.666819 54.907481 -128.451138
6.064981 13.160938 42.895733 16.130440 145.959101 51.124283 -73.283014
6.313107 13.329067 42.765069 11.717021 359.860027 55.059988 118.758350
6.126318 13.107840 42.887669 6.380734 159.853996 42.204748 -128.418565
6.409135 13.115217 42.902650 7.896883 80.629540 54.110509 146.377939
6.529824 12.965109 42.764569 17.931852 296.941049 50.417447 -130.608579
6.847666 13.172806 42.542309 16.329280 104.906535 51.322278 -59.554294
6.205212 13.103854 42.645292 12.526511 167.311343 27.413934 -103.075002
6.873036 13.243425 43.044687 9.893193 146.896743 53.945316 -61.641222
6.309253 13.029526 42.602630 9.847637 354.031044 33.633978 -129.152822
6.326717 13.438232 42.862444 12.649997 144.190514 34.216607 57.152643
6.827916 13.234973 42.753983 16.473141 140.539250 32.050976 71.940912
6.492295 12.863643 42.939578 5.104249 91.367338 63.624585 160.815793
6.280424 13.118870 42.809103 16.002669 343.026937 49.342782 -48.945397
7.125297 13.199282 42.959850 18.533737 179.233983 22.022468 126.428181
5.956547 13.095843 42.829613 12.363480 143.021547 53.586742 -67.477385
6.342178 13.183456 42.889983 7.672190 319.248937 70.478836 -162.644244
6.345597 13.070679 42.867253 13.076561 253.640090 55.802472 -85.527933
6.891544 13.113592 43.083141 6.067506 98.996566 57.335578 -128.827497
6.099365 12.874510 42.810510 5.011249 94.208941 53.243803 -170.058902
6.586483 13.089126 42.485847 8.230746 128.664045 68.487593 -165.776172
6.074903 13.224933 42.874995 12.343883 161.058514 51.889178 -123.994192
6.813913 13.072081 42.734077 13.855308 359.444613 34.576896 -76.198696
6.402055 12.934989 42.865335 18.050423 168.525559 41.230084 -72.371473
6.779655 13.092720 42.866686 15.318881 300.078777 56.250438 -56.601687
6.582610 12.728328 43.063012 8.240933 324.516787 32.183323 -133.972085
6.159163 12.952577 42.804257 16.621683 172.581454 40.666515 -108.086638
6.125170 13.112249 42.728256 8.874968 178.036412 40.673469 -126.888037
7.221881 13.330225 42.830139 11.875052 115.210498 81.431076 169.495433
5.943219 13.132141 42.825564 9.009696 277.009218 56.391058 133.399347
6.804933 12.855303 42.961120 14.663425 168.895886 23.004450 82.596482
6.306401 13.254121 42.902372 10.592722 169.834777 24.246496 61.198410
7.025185 13.141942 42.353127 12.611307 25.690710 15.902578 54.822325
6.480999 13.196748 42.896841 7.406467 159.007841 29.370421 63.992376
5.865334 13.117756 42.802879 5.027899 142.429668 22.846413 89.325238
6.562357 13.261713 42.843773 13.668335 317.813962 72.239314 32.165095
7.106254 12.842098 43.059531 8.100961 148.053726 39.269886 -86.625586
6.298201 13.122783 42.751038 10.844477 145.954621 26.395469 72.136802
6.280368 13.161498 42.821435 18.160661 53.468590 87.870644 150.246292
6.643494 13.152844 43.026453 10.417267 163.162817 22.919729 127.890398
6.473147 13.430040 42.737498 10.495760 179.452670 34.398107 61.069463
6.865105 12.704836 42.874479 4.857487 65.187812 48.931941 116.818174
6.534216 12.945421 42.894284 8.298891 146.447153 52.382265 -76.604849
6.707184 13.001278 42.670333 15.915325 164.628153 55.262016 -81.318719
6.709633 13.141615 43.002384 3.997270 300.827042 22.461781 -81.175914
6.222144 12.984424 42.673280 16.271620 195.821368 58.803950 -119.532120
6.417713 13.124337 42.654892 6.232721 95.556801 22.860582 -14.266417
6.294621 13.078421 42.799356 12.308205 340.912631 28.853328 -105.215978
6.661002 13.490707 42.843837 5.854335 310.034612 18.354707 124.804524
6.350660 13.056806 42.837763 13.052789 169.892631 55.757636 -127.893254
5.963350 13.191641 42.821287 10.546050 178.371457 37.772186 45.433790
6.381826 13.073162 42.781338 6.661754 96.918644 68.270587 149.357666
6.207987 13.202168 42.860891 9.996734 96.268169 24.048307 115.850784
6.093389 13.130118 42.664458 2.880153 322.449255 63.311969 -96.079247
6.125929 13.131209 42.899807 7.173333 162.261252 20.432363 64.214899
6.591570 13.167458 42.830264 19.532653 133.143851 24.564302 -76.580532
5.921487 13.145603 42.752004 10.015113 177.060787 38.894921 121.400805
6.679702 13.207811 42.983495 14.762984 302.916890 58.306542 72.342690
6.866305 12.884478 42.973527 15.670609 326.077254 70.492128 -127.869949
6.294727 13.221598 42.786202 6.576905 173.821840 54.615007 -103.098673
6.646709 13.281630 43.159309 8.326837 137.502851 36.919583 132.723783
5.744547 13.077418 42.858004 8.076199 316.895344 28.395612 -81.706228
6.430074 12.917117 43.065973 11.709931 168.556253 52.604790 -103.303280
6.666653 13.248047 42.686755 19.075770 14.009628 69.578700 72.955854
6.470523 13.217748 42.700221 8.224188 169.811334 32.763308 -86.516825
6.218707 13.164198 42.803345 9.878381 165.683528 30.790248 71.770217
6.367635 13.110126 42.715726 5.426247 135.554434 31.032305 130.032091
6.803283 13.367147 42.758416 7.073699 171.843224 29.326924 -82.987302
6.079788 13.040152 42.749550 10.904680 156.418573 38.614744 -48.157406
6.366256 13.333697 42.747989 9.128092 318.109317 72.665917 -77.148556
6.776229 13.152322 42.806502 14.254208 238.606688 30.367515 -76.025481
6.381303 13.130490 42.734030 15.605691 152.418442 37.612264 52.577397
6.065344 13.126053 42.769027 7.637235 79.300542 75.835879 141.742253
6.353557 13.342411 42.887831 8.751758 136.854459 21.100545 99.012213
6.714875 13.037576 42.837428 15.656812 249.524342 13.399606 36.277789
6.828914 12.729184 42.739105 19.023990 197.676974 12.881134 -62.996554
6.243176 13.260235 42.766057 12.516490 141.191498 55.533141 -107.046239
7.155133 13.424756 42.865435 20.203425 197.635794 28.027656 -17.467810
6.489925 13.145832 42.976963 5.249926 176.376753 80.259759 3.621197
6.543992 13.122423 43.050088 10.652329 136.935686 55.224225 -94.720674
5.825821 13.151456 42.821059 13.473104 305.724223 49.242608 -137.463171
6.544922 13.136881 42.992553 10.534443 167.264426 88.429125 179.006056
6.030987 13.129252 42.774999 7.621612 181.792574 74.892002 -163.475163
6.653174 13.036246 43.006014 10.482999 137.409336 33.863098 57.167915
6.623251 13.240326 42.780011 11.838275 335.851708 51.803826 -68.366296
6.927929 13.239434 42.849469 11.994268 290.803202 45.135511 129.919146
6.531058 12.991980 42.866738 10.601206 166.147222 48.076873 -104.614147
6.111548 13.191864 42.779273 6.168733 352.222049 68.033152 -106.384923
6.377472 13.110702 42.858559 14.313308 178.529498 39.097305 87.268758
6.036234 13.048465 42.813245 6.990129 148.831127 58.111836 -84.182626
6.673414 13.233586 43.220242 9.757739 1.608715 52.654280 -92.990191
6.841832 13.453614 43.040723 23.851602 225.858042 21.972179 -76.173376
6.273768 13.331004 42.827068 16.237548 176.472372 31.897366 -36.210910
6.498357 13.087848 42.767193 14.684248 91.926149 41.403908 -179.157507
5.875227 13.006559 42.652321 11.785642 331.011452 24.113851 -102.766750
6.481383 13.270246 42.713328 9.001603 29.895303 76.782417 -147.103759
6.604453 13.099533 42.819183 9.353575 171.725053 41.510265 -123.029594
6.937891 13.372187 42.795638 21.658684 158.197240 48.146482 -98.428159
6.312210 12.830196 43.016834 3.781855 157.545598 46.042921 -60.202372
6.884698 13.277447 43.029221 14.418573 10.580311 71.140408 10.053784
6.859281 12.951583 42.597773 9.797656 344.444241 37.338466 -108.406785
6.690370 12.933541 42.870715 10.270388 172.180847 53.902725 -112.721279
7.042073 13.309385 42.745923 11.890203 158.461790 54.449027 -78.192773
6.514495 13.092876 42.802210 16.928519 170.012913 55.377255 -59.555893
6.168108 13.166069 42.740615 15.024027 161.950036 39.718208 131.628271
6.673936 13.234289 43.021702 19.776640 237.132225 43.330026 -128.546541
6.466903 12.910180 43.065482 14.241200 61.330863 18.029996 56.426911
6.285818 12.942804 42.836772 9.498146 140.457890 53.865868 -106.245933
6.477624 12.969635 43.001893 3.788318 165.333162 58.359027 -91.952670
6.755658 13.367379 42.902297 19.378015 349.992089 65.971420 -175.569194
6.179100 12.992404 42.779577 11.354408 111.885752 72.696752 42.987536
6.470342 13.153215 43.001138 7.263417 159.671262 27.697739 101.004945
6.238881 13.138611 42.942217 9.307347 167.785058 47.683888 -118.312613
6.786542 12.984828 42.749849 4.963068 319.511358 25.740444 -57.801977
6.425315 13.105628 42.925867 9.899404 169.543955 55.060724 -50.795691
6.337225 13.172567 42.861290 2.590502 135.432393 26.358657 110.121763
7.247447 13.578525 42.991121 10.878448 173.994267 54.279311 56.911695
6.731068 12.792631 42.831648 12.657470 293.923036 34.312277 -47.172824
6.016384 13.205642 42.814512 10.251384 148.286506 28.420500 130.775498
7.138036 13.733340 42.688062 10.155383 285.261474 56.113985 -5.533199
6.456961 13.277467 42.786257 7.426302 309.023308 65.038891 -105.217145
6.640598 12.934361 42.912058 4.237271 206.887901 55.017783 -76.357866
6.070883 13.011591 42.731340 10.383826 343.880573 32.926738 -120.897417
5.882015 13.204511 42.722539 9.958286 150.382348 31.602178 45.982747
6.153894 13.026268 42.962072 13.526862 285.173585 21.756112 47.874272
6.497233 12.949502 42.828621 14.000959 209.628721 22.809570 84.158187
7.047992 12.877208 42.735898 11.912015 311.496192 23.831187 75.248736
6.532066 13.127529 42.904740 12.367572 101.797613 51.887045 -46.675061
6.727593 13.023298 42.426305 6.991899 321.112690 23.727321 -65.245093
6.473629 13.213381 42.675054 4.456187 161.402105 51.012891 -116.858938
6.488449 13.095828 42.648324 3.410714 183.638015 43.506525 122.506687
6.675337 13.188385 43.063697 7.669612 163.675606 20.023937 67.635525
6.556302 13.116572 43.046551 8.901045 314.892702 30.977522 -104.718233
6.359457 13.249832 42.755575 14.786073 54.520489 80.897466 101.670926
6.560731 13.150034 42.920548 14.771007 177.199580 15.575039 -168.821662
6.324942 13.195331 42.819877 12.264245 135.047164 24.644216 129.103712
6.391234 13.053920 42.749285 8.648667 167.661613 32.996842 -7.574481
6.668898 13.122439 42.443782 3.665772 175.826315 40.772716 -133.161509
6.800330 13.082194 42.764686 14.491617 123.772215 46.539180 -126.181937
6.617117 12.992986 42.668377 12.072741 144.947876 48.911100 -124.948229
6.165765 13.311430 42.810050 14.008831 155.692521 24.489877 53.531387
6.503774 13.294075 42.984572 8.546439 40.316290 77.614779 133.965083
6.402671 13.057499 43.011709 14.149324 133.200459 56.202344 -99.159744
6.007167 13.100228 42.857514 11.909325 144.871631 57.281468 -79.409316
6.733680 12.885272 42.664061 18.435653 342.543185 30.715080 -76.093599
6.108846 13.008257 42.912462 10.129519 155.177935 58.463857 -67.733802
6.407980 12.961381 42.757314 11.167858 320.993646 25.596527 -130.934329
6.885251 12.649901 42.580600 9.300163 142.627189 26.368061 111.084738
6.586400 13.322757 42.515230 8.256186 99.405635 45.294559 -92.096800
6.726636 13.225063 42.631356 6.016416 290.281146 37.175630 -78.209037
6.330726 13.175773 42.823714 8.384972 359.743298 78.045599 15.396123
7.051377 13.143805 42.753132 10.690448 356.356120 42.776997 -74.056740
6.099285 13.036284 42.882812 5.225243 151.269723 35.422125 99.149173
6.575138 12.735011 42.863181 8.148928 337.329350 35.593188 -74.478783
6.301030 13.255573 42.844148 9.606359 269.803436 59.573520 -67.673600
6.472369 13.250114 42.679305 7.675863 359.503967 41.581213 -122.992238
6.014613 13.240728 42.836697 11.791935 137.685703 38.120848 104.526393
5.970862 13.120391 42.789342 5.144190 163.174814 37.848431 -76.590624
6.822015 12.757144 42.905048 13.300790 168.405801 47.267783 -112.063132
6.989248 13.409362 42.724639 7.468928 330.191568 49.020907 -100.552201
7.127154 14.003664 42.395904 6.940966 110.495512 59.174799 76.761735
6.532130 13.152291 42.950931 5.192962 1.501687 83.859539 -43.631407
6.677358 13.124921 42.806342 15.493043 250.799242 72.310986 12.800342
6.264838 13.240769 42.711781 16.285997 159.908119 33.662553 69.737422
6.640840 13.313064 42.821867 18.643558 329.268407 44.537810 -66.420957
6.868210 12.997248 42.887846 8.260569 204.962362 15.129749 -112.045695
6.112459 13.187439 42.903130 12.883205 170.528807 30.813622 86.894984
6.667573 13.399947 42.775229 13.091500 16.848022 22.922876 -101.306982
7.127137 12.596381 43.116176 23.638689 318.810956 21.017744 -87.945763
6.668599 13.175999 42.742078 12.046090 173.016747 30.782999 69.258983
6.133013 13.106996 42.792805 11.525164 156.253860 46.921329 -71.333005
6.510028 13.271499 42.921432 7.179020 176.695481 22.725685 74.187573
6.776690 12.907550 42.870865 14.865861 163.407848 48.305812 -74.761264
5.697024 13.114555 42.831989 12.737139 343.176517 51.408365 -57.496865
6.696861 13.153734 42.859093 14.801271 153.487746 42.177580 -109.919357
6.408273 12.959988 42.844604 11.456783 322.395841 25.085499 -88.910124
6.838333 12.894425 42.716737 13.991204 149.991598 61.474484 -63.585437
6.378313 12.927082 42.836266 5.320204 32.089838 50.328141 -9.991690
6.774015 12.761736 43.008961 12.294916 140.659970 59.174601 -61.956037
6.584524 13.156769 42.822159 11.693278 130.904492 52.115466 -82.821807
6.460436 13.255285 42.822464 4.633677 350.252801 55.447346 152.306717
6.875830 13.479446 42.895964 5.015906 136.176156 40.729321 116.997183
6.469547 13.237575 42.872211 11.139306 222.031744 30.597325 118.883624
6.511741 12.980525 42.747253 11.773569 165.422943 42.673605 -105.911495
6.213018 13.043021 42.808986 6.099830 170.891376 37.942017 -85.137636
5.992767 13.225988 42.775646 14.215130 140.453609 25.372492 117.585894
6.196752 13.224734 42.733008 17.578200 172.369159 23.194742 67.530744
6.199415 13.039046 42.742343 18.207910 265.513020 75.735333 -155.656492
7.097893 13.181450 42.978642 11.344572 175.540579 31.112877 71.184953
5.979170 13.009430 42.760327 6.247575 144.753572 51.843556 -128.412766
6.558968 12.973403 42.727590 14.289813 345.046747 32.422969 -132.781057
6.544257 13.356011 42.869309 4.476680 167.647709 38.766912 124.515304
6.654841 13.121239 42.982894 9.231158 81.273848 35.340012 50.784266
6.607524 13.317972 42.851577 12.491210 113.477939 47.429260 -121.691859
6.689068 12.991349 42.888730 16.637071 68.447410 41.313083 -86.510818
6.647066 13.320831 42.768585 15.400099 234.263967 24.898090 120.952252
6.393502 12.819865 42.815039 10.462528 172.014997 48.717185 -129.538916
6.255323 13.156851 42.925319 8.210852 169.712977 36.686834 70.661891
6.487459 12.968654 43.011237 14.314403 135.185995 75.083359 -140.782889
6.559315 12.883155 42.816165 8.896101 331.402978 39.108177 -117.633038
6.363992 13.057905 42.755747 12.097553 122.901006 50.728491 81.890303
6.815835 13.014500 42.808562 4.803052 286.961520 51.875599 -74.162785
6.008754 13.184512 42.888871 10.420454 142.480101 59.810176 -65.326816
6.819281 13.307135 42.676944 11.166582 201.279228 47.638926 -82.845709
6.620923 13.145095 42.914028 6.936848 156.009365 24.366811 107.669488
7.105926 13.135824 43.209112 4.315052 172.079421 29.408182 101.513015
6.700249 13.019874 42.672808 13.521257 167.373503 46.200204 -97.602599
6.636957 13.534381 43.054580 5.186768 296.274759 40.489844 97.491233
7.103106 13.707470 42.750886 5.562128 316.816084 36.711687 32.257995
6.959463 12.600030 43.264206 12.730082 5.980790 46.898516 -103.246421
6.565111 12.874657 42.672010 9.855009 309.891060 35.607222 106.097910
6.277343 13.282745 42.783853 11.681105 166.840687 28.155944 86.359888
6.389114 13.146593 42.823027 12.648897 234.356664 23.427963 154.884623
6.577622 13.295418 42.775320 5.489602 135.875803 43.053503 -115.935372
6.498308 13.111031 42.771859 27.538939 28.686528 44.860601 -28.608436
6.363344 12.976479 42.848358 15.856500 130.670580 50.982764 98.944760
6.606172 13.360960 42.845062 9.208721 146.285361 23.501805 118.837345
6.419235 13.267530 42.955652 6.670462 170.025677 32.380550 100.707368
6.724915 12.904153 42.810567 11.105763 269.415483 60.305778 -157.719043
6.857789 12.834200 42.823701 16.078367 165.540932 51.173343 -114.314816
6.599088 13.053869 42.875390 5.751367 307.596337 47.571039 -81.346873
6.021999 12.935887 42.834737 6.640258 127.669628 59.657156 123.464696
6.544820 13.068412 42.813140 9.260429 175.643228 57.047643 -54.564852
6.313273 13.180119 42.764727 11.503131 313.443960 47.851647 -129.347825
6.668368 12.915961 42.856879 14.230186 130.045587 80.079699 -20.604933
6.507263 13.412270 42.824962 16.435898 149.115665 51.637816 -118.485066
6.812952 13.116299 42.885133 10.983326 152.380927 44.039053 -117.309095
5.967963 13.125034 42.754538 8.040791 331.150014 21.876370 70.440103
6.244421 13.099244 42.795064 4.652339 67.954942 88.961844 152.471846
6.375579 13.482503 42.711676 10.961934 310.293069 16.762957 -47.464538
6.276724 13.179181 42.766756 9.856610 146.645942 22.181585 72.486887
6.231093 13.083320 42.806157 4.900984 147.362294 76.562635 34.590717
6.817928 13.670683 42.988859 7.343409 144.571290 42.377102 87.136627
6.393300 13.235199 42.747988 11.269048 233.106509 58.758240 81.766655
6.058467 13.172475 42.804225 3.168344 354.236188 58.634745 2.667124
6.405106 12.957672 42.950905 15.978406 177.131168 48.922398 -82.280337
6.434676 13.152570 42.843253 10.120497 36.542614 61.773124 -134.161127
6.583525 13.406835 42.877176 16.785916 180.517200 71.702072 -66.616394
6.228448 13.170850 42.878675 4.426053 149.410113 28.676667 104.402278
6.235229 13.243082 42.782179 5.510540 108.012234 47.944717 -116.271875
6.383163 12.931520 42.945129 5.237157 145.749153 87.378379 17.651934
6.415805 13.169621 42.911654 11.617777 323.323141 55.681830 -90.087867
6.566731 13.058166 42.871099 10.308470 109.316098 40.440994 -104.671178
6.259023 13.281938 42.861898 8.868661 116.446153 64.224824 42.739133
6.992543 12.683807 42.948388 11.195115 111.998104 55.847460 -103.600698
6.452805 12.960708 42.978980 11.173049 156.881408 47.245230 -94.972002
6.149315 13.024173 42.827659 15.743381 144.743719 40.291641 -80.196230
6.664858 12.968188 42.716391 18.118980 7.958002 61.884610 -122.513875
6.657131 13.062635 42.776810 11.330622 147.819422 41.222610 30.029477
6.418596 12.811689 42.928063 14.765248 322.302691 29.929333 -96.406387
6.478642 13.313818 43.126919 11.440645 146.197830 26.084692 132.988285
6.867916 13.152868 42.301375 8.645146 126.687605 43.234350 -63.434739
6.449364 13.069535 42.964648 17.616845 168.102214 55.286953 -83.134771
6.679589 13.467947 42.712134 7.559184 95.170980 87.634974 -17.202721
6.639333 13.062744 42.810375 13.426273 64.075658 42.387767 111.552050
5.946027 13.071822 42.837681 12.285483 169.136190 61.013648 111.578849
6.351082 13.130230 42.840147 13.202416 27.427606 40.576679 54.301443
6.541552 12.991879 42.938445 6.566201 152.495198 47.025880 -107.487033
6.695876 13.243446 42.867362 9.546778 161.995456 48.469799 51.478160
6.593679 13.087103 42.524494 7.380711 245.579589 59.337861 86.881114
6.549592 12.686156 42.968719 14.775538 322.929162 25.449999 -129.584507
6.187632 13.102005 42.841426 13.259076 357.008254 24.633737 -45.870014
6.179314 13.152327 42.876947 12.792633 143.238993 25.785701 107.521375
6.928588 13.214637 42.814847 11.160701 129.284609 51.306811 -72.800501
6.071003 12.980083 42.832481 16.112995 333.462666 38.270217 -117.435106
6.811740 13.183226 42.667722 16.349782 168.068899 35.974695 -116.885604
6.821070 13.300999 42.849168 13.403203 244.447147 11.544740 13.311243
6.446670 13.102995 42.803062 9.515733 120.342315 76.771305 -66.655233
6.742144 12.847625 42.716788 13.377045 138.825475 44.538772 -109.249802
6.498768 12.988569 42.593319 9.892637 319.320505 31.070153 -80.543745
6.741909 12.956857 42.844401 7.891499 164.050041 40.054077 -93.218295
5.659436 13.013513 42.865528 11.464124 42.377082 13.546782 117.696045
6.575258 13.249176 43.019336 8.416514 143.679818 37.689551 61.333949
6.658391 12.985135 42.918703 13.014100 11.391809 58.046027 34.864000
6.767569 13.232127 42.720295 9.396355 179.381719 47.440305 -93.939254
6.570348 13.173839 42.742613 17.755893 166.712571 63.474358 -63.854601
6.527393 12.936044 42.986211 7.342559 337.786777 73.258536 -69.706917
5.999399 13.061237 42.809205 15.159090 168.330474 29.316380 84.665728
6.424015 13.094516 42.792419 19.862636 116.073176 87.843629 -145.429566
6.603175 13.176777 42.732498 10.583555 181.614311 21.680979 47.291246
6.781664 12.861376 42.865097 7.858280 139.935630 55.334549 -122.940743
6.346579 12.846232 42.834810 3.230902 137.149507 52.380473 -96.869090
7.012018 13.803667 43.046975 5.806948 178.037982 52.495281 84.134698
6.580566 13.439795 42.739148 11.608239 159.941526 38.645574 69.506563
7.076177 12.581601 43.253445 9.435311 126.517357 37.760357 -125.436772
6.829200 13.401513 42.768571 17.407134 94.593269 57.610794 -68.587697
6.324733 13.153306 42.724734 4.413433 153.440332 46.423686 -62.328233
5.872731 13.057324 42.888506 6.484244 122.796754 43.110866 -95.668974
6.340882 12.916546 42.946566 11.196574 325.526574 52.340429 -56.657149
7.039550 13.101623 42.829809 5.250839 320.799797 23.894199 -67.878974
6.456544 13.226328 42.969039 16.457578 167.621641 33.899906 75.623343
6.278612 13.116367 42.733429 20.679288 142.750244 28.417174 91.854535
5.598554 13.122668 42.776998 10.196979 127.396497 64.171709 -41.801234
6.258666 13.077195 42.610381 7.540300 112.907743 42.175679 -30.251004
6.096867 13.123968 42.830048 18.807536 344.357005 51.912087 38.395332
6.519583 12.865587 42.874898 14.588514 155.873989 46.335454 -82.851728
6.726413 13.074334 42.833073 6.801862 159.955981 43.189009 -84.925840
6.376594 13.222468 42.788389 3.946518 100.795961 87.513812 -135.422894
6.550363 13.338077 42.875199 13.510542 176.178405 28.542754 96.499950
6.353122 12.996764 42.746700 9.491402 344.491563 23.682264 -112.350783
6.817342 13.087281 42.973076 7.839734 300.476888 33.051895 133.798405
7.023437 12.604977 43.004865 20.892416 320.070103 35.773490 -77.768385
6.604008 12.979045 42.948641 14.932798 243.570391 37.376043 115.551221
6.702357 13.423962 42.908209 8.689636 307.234915 59.469620 52.904658
6.368608 13.038846 42.994526 7.806435 155.305295 58.792654 -74.253955
6.769198 13.061526 42.556862 10.953069 327.114712 22.735149 -111.622521
6.832903 12.882350 42.893211 15.543586 354.443125 23.363951 -68.184932
6.326382 13.101990 42.931961 12.938014 161.901731 55.606220 -57.927686
6.290568 13.019078 42.859427 5.977159 178.687632 54.254151 -67.270561
6.949207 13.013933 42.967855 13.213409 141.867604 42.497155 -79.037824
6.150474 13.166675 42.715278 9.928098 231.272202 10.707861 -32.553679
6.632036 12.928289 42.824672 14.382728 260.407915 21.161522 124.160423
6.386835 13.126967 42.813963 13.647883 169.124056 32.944242 133.394804
6.320761 12.977074 42.910080 13.308801 165.938100 24.830373 112.141769
6.266213 13.108133 42.839666 10.008647 147.151327 38.845058 104.868624
6.567381 12.993535 43.080249 11.531372 301.623334 65.880373 -165.534363
6.258162 13.042350 42.834488 12.556791 82.100350 26.612202 75.943149
6.462463 13.393486 42.884067 8.912518 150.069220 26.997448 83.575089
6.465153 13.153917 42.807060 16.695694 157.526483 59.580594 -71.658346
6.705150 13.060176 43.080928 8.777791 337.168327 74.467429 -106.881304
6.665948 12.856941 42.850954 15.032317 136.593304 38.720800 -61.976830
6.994588 13.591396 42.524874 11.419417 75.951595 48.945336 65.107254
6.347176 13.137360 42.809190 9.457402 175.452547 82.888354 29.530995
6.555076 13.143880 42.692128 11.199587 16.883516 85.755746 -83.066616
6.823947 13.172536 42.872939 8.547154 246.720717 72.350082 163.858857
6.510564 13.162032 42.653839 13.635830 154.992068 46.088196 -75.761157
6.384972 13.040703 42.738860 7.855930 359.342135 27.438884 -84.074396
6.330808 12.910996 42.847507 3.304864 356.613083 55.293413 -82.598981
6.681012 13.254329 42.509047 6.596240 135.540760 43.559697 -119.399040
6.052548 13.063968 42.840344 21.691129 169.711640 57.726178 -98.958362
6.751512 13.024176 42.596362 9.989659 356.615128 22.170518 -66.131187
6.971807 12.822376 42.837252 13.369649 113.302946 51.144550 -69.726920
6.771866 13.066893 42.919535 10.586946 162.714521 23.911656 50.982573
6.907791 13.185713 42.776796 7.219182 146.531243 50.262904 -74.704408
7.018881 12.858434 42.436423 12.471907 349.359415 72.085191 36.356016
6.254704 12.930042 42.816739 12.627358 173.956878 40.866067 -50.494322
6.190133 13.077328 42.828417 10.233688 259.978530 46.968651 56.502831
6.544061 13.250368 42.874529 10.316951 136.017304 49.866260 -132.536195
6.580280 12.912514 43.043411 10.983807 213.201283 28.973818 -148.765185
6.523564 12.929228 42.931596 11.683294 176.935589 49.192789 -62.286044
6.845060 13.057323 42.898143 6.306319 128.685127 50.431251 -62.551302
6.306924 12.934010 42.709338 10.386070 168.736591 41.830724 -61.555605
6.331105 13.031575 42.839660 12.760105 103.208923 57.243177 -90.084072
6.162117 13.082209 42.800359 4.488042 140.467209 88.476486 -80.755445
6.379153 13.145203 42.736057 12.798735 176.105827 26.665775 114.654281
6.715151 13.022041 42.990476 10.038678 147.222899 50.731385 -106.022549
6.602506 13.120046 43.052155 6.954860 304.880107 57.279886 53.442149
6.943272 13.371418 42.846704 6.858203 295.992735 56.724075 131.772660
6.282009 13.020030 42.817767 12.487112 82.876797 42.490176 97.910493
5.947433 13.009487 42.746277 17.635241 122.193904 57.485535 -55.848414
7.221586 13.491450 42.245453 16.804882 109.089526 45.324506 -108.183044
6.152673 13.116334 42.839468 11.071698 160.049525 33.572308 -117.365714
6.457138 13.144430 42.909032 5.429209 60.348926 55.660501 54.615605
6.072811 13.159810 42.818483 15.212322 255.779685 37.241891 179.731972
6.410884 13.184105 42.888907 12.615005 229.243419 70.328561 137.762706
6.607523 13.115682 43.028126 10.919472 154.903489 58.873018 -54.024073
5.978801 13.118586 42.806327 17.839820 120.156816 53.140747 -84.438107
6.554231 13.075456 42.869865 10.923979 346.558945 61.193552 -175.473531
6.796448 13.163175 42.811853 4.973401 166.367928 57.188766 -127.412487
6.512404 12.935384 42.652917 10.621783 239.554136 48.244734 150.663375
6.476100 13.081149 42.774935 5.344270 355.308691 38.444437 -115.803104
7.378024 12.578613 43.023648 15.281832 315.590858 20.612288 -71.804094
6.720137 12.835478 42.901282 12.069729 177.639038 45.425143 -72.131431
6.446459 13.404276 42.711650 11.786407 106.220845 86.888998 -70.402751
6.581010 13.158801 42.975552 9.650638 260.098901 48.576355 -104.889504
6.631276 12.957331 42.637606 7.913922 325.897064 37.944115 -84.050987
6.515220 13.071200 42.685074 9.204445 145.350340 75.401764 46.491963
6.190355 13.130004 42.914479 7.410478 161.598675 45.664034 -77.224345
6.740590 13.353008 43.129906 12.215050 133.330454 87.289164 169.325934
6.463813 13.202579 42.906770 11.460868 144.300131 31.255717 117.862640
6.051842 13.206059 42.732482 7.597515 104.575583 53.677557 -143.952679
6.091852 13.231318 42.760938 6.990873 154.499961 53.439859 -68.318182
6.725176 13.184319 43.055571 11.411161 174.452686 28.761168 81.980789
5.797183 13.063772 42.749617 13.175974 339.743779 39.960390 62.502982
6.380086 13.148381 42.746192 8.852927 314.551446 76.774026 -72.439671
6.675556 12.995605 42.967600 9.385952 135.987481 43.264572 -112.344748
6.041706 13.248110 42.865304 8.404041 93.107998 84.795732 -64.774405
6.610537 13.446204 42.651425 12.130542 15.968725 69.365144 -108.083316
6.880575 13.165694 42.819367 4.400264 152.580231 40.755755 -129.055757
6.790732 13.546925 42.877518 19.977159 147.919990 45.394535 -60.428200
6.329611 13.205848 42.910649 10.593609 137.279339 24.318065 123.657104
6.434014 12.999268 43.031486 11.027484 60.875298 49.392361 -104.363200
6.461748 12.864279 42.735619 12.724831 153.518606 72.241074 -62.898137
7.034549 12.760442 42.629804 12.959510 284.099289 75.272439 157.288417
6.974471 13.041529 42.615230 14.385065 316.141378 33.325598 -128.108029
6.503071 12.936491 42.808240 7.635937 263.839700 25.000006 120.193492
6.632145 13.083002 42.783045 12.054890 289.996597 62.673291 159.930751
6.578251 12.874846 42.838312 20.776400 163.552175 58.366712 -132.673705
6.300076 13.075291 42.878488 11.599835 324.310600 77.238176 133.810019
6.239841 13.235124 42.732900 16.015942 157.877643 25.781336 112.103851
6.095595 13.064305 42.907944 14.751625 177.658359 43.465514 -66.894520
6.456712 13.372971 42.835712 5.821496 202.312583 50.883591 109.278702
6.455002 13.160318 42.918836 4.528173 71.952922 87.750349 -179.121423
6.359823 13.239420 42.719101 17.449831 325.901857 54.989602 -111.035917
5.917477 13.106860 42.806225 14.128339 291.445131 58.462571 -105.087343
6.807759 12.957826 43.024460 4.796010 151.966323 52.424462 -132.616691
6.815564 13.100639 42.905160 5.699319 278.744122 76.500153 -58.279069
6.746735 13.531138 42.835757 16.136804 137.513641 21.160762 60.456370
6.611259 13.057526 42.823441 10.209730 174.412065 42.426082 -107.587320
6.924472 13.148910 42.544319 9.346576 140.505382 56.778861 112.111659
6.684677 13.176369 42.796171 11.133691 254.338216 42.888855 60.350757
6.723638 12.952197 42.825566 11.042524 169.968269 73.265079 -3.615788
6.669570 13.016927 42.670402 10.220057 341.070578 31.267918 -127.574146
6.514780 13.268851 42.792427 9.860164 53.521904 89.366327 -28.105479
7.074862 13.286072 42.798235 18.980038 138.752660 22.724309 132.184056
6.659138 13.147607 43.128662 7.236581 7.832895 42.758719 120.562702
6.980872 13.495857 43.241008 10.885925 167.354213 40.953289 104.120320
6.686544 13.041623 42.676181 13.426239 142.112735 48.884457 -81.274958
6.205318 13.120816 42.862155 5.769268 139.580789 31.180034 46.466525
6.739054 12.671545 42.700882 16.990059 331.553244 37.120648 -129.414318
6.322358 13.342920 42.926090 8.866858 122.355365 39.978535 -118.814830
6.250664 13.022644 43.001402 10.693227 156.727205 48.960948 -90.638174
7.037578 13.450628 42.904707 25.159402 138.252609 27.090395 117.182076
6.077522 12.980127 42.826085 10.861127 233.085949 40.548605 98.973236
6.536478 13.108538 42.822682 16.476608 215.495158 57.019230 77.416343
6.257432 13.226345 42.869022 6.103514 143.848767 22.989199 81.891199
6.580661 12.888764 43.076753 11.013281 178.379888 47.241955 -98.778947
6.616541 13.125939 42.893202 3.647662 323.185385 43.544968 -70.572589
6.753429 12.723290 42.741053 4.789891 346.167740 22.671116 -56.350907
6.563342 12.912538 42.893496 12.765496 141.272526 50.132999 -106.501625
6.195547 12.925026 42.772511 9.060926 154.959378 43.104749 -55.604454
6.817315 13.014455 42.881246 12.978239 143.769995 58.584797 -116.367172
6.523891 13.267053 42.838286 16.634602 324.447752 54.441876 -114.004055
6.176553 13.386134 42.854144 3.923255 125.140741 34.616038 -64.575063
6.400053 13.082849 42.710492 3.330183 348.777199 34.994744 -55.119671
6.377827 13.021975 42.850272 3.358737 190.548164 46.600739 124.450844
6.771815 13.015302 42.654543 21.029141 135.913881 86.841935 -176.281563
6.925028 13.746121 42.601168 16.551498 354.741309 21.227832 -90.786648
6.616850 13.168059 42.656174 6.695424 148.294174 40.884697 -90.679184
6.505303 13.246496 42.692261 3.831663 210.777181 56.873890 -75.383475
6.816307 13.286728 42.794850 14.204265 114.939091 54.324477 -76.829990
6.698993 13.324751 42.960951 6.738639 169.485625 27.135507 86.023715
6.168787 13.191634 42.701160 6.343761 158.353139 24.290448 56.821272
6.573744 13.428001 42.876660 18.928593 149.935081 33.868604 79.513828
6.430133 13.307061 42.857719 9.571020 194.397451 33.439723 108.784808
6.287922 13.007933 42.891283 20.596077 143.181003 36.442242 58.325697
6.860025 12.863437 42.789913 13.806160 227.233267 62.003653 154.613081
6.503815 12.865853 42.735738 12.545275 166.537663 46.550686 -58.891596
7.116968 13.338125 43.120843 14.709743 23.734606 42.436371 22.744347
6.823424 13.131791 43.043851 5.899928 149.739880 34.681471 120.916606
6.707296 13.065051 42.858632 5.301811 178.410040 50.822595 31.890217
6.229040 12.986003 42.713825 7.695015 82.817234 47.501474 133.999089
6.076277 13.110221 42.824342 14.611777 151.107993 13.866568 -69.393187
6.450005 13.268251 42.831630 5.161303 91.806509 86.192708 179.279103
6.234640 13.157212 42.869299 7.526467 172.950909 50.515112 -88.069235
6.351315 13.163363 42.688636 10.790795 132.547740 52.151487 -114.646192
6.584975 13.303157 42.835158 19.950750 179.518179 33.506347 111.731023
6.134867 13.047908 42.842556 18.420234 315.858563 49.520399 -124.245911
6.570343 13.175545 42.711577 15.182274 179.019310 24.937862 120.007464
6.206393 13.110306 42.804227 15.051830 81.357265 84.543662 -158.390982
6.415483 13.140246 42.879916 14.308867 160.457617 38.998652 69.627814
6.474707 12.946405 42.745424 12.369391 179.710930 42.223538 -56.950106
6.585945 13.261364 42.904961 7.731983 178.352781 28.583615 99.734733
6.496172 12.879593 42.808010 5.119110 352.946486 38.209522 -91.612192
6.800576 13.130585 42.873436 5.947089 148.850605 20.126325 124.030319
6.260109 13.137715 42.711545 7.043606 303.188927 49.486912 -60.166884
6.378510 13.089840 42.692765 11.807335 334.622230 73.630282 -53.067146
6.726004 12.896385 42.874905 15.626113 319.587316 34.821504 -131.903987
6.401289 13.152789 42.878120 7.325533 36.147699 53.463930 -94.388290
6.242060 13.050297 42.805619 16.707599 11.890078 83.510758 10.841139
6.200352 13.083459 42.789795 17.564167 296.562639 46.298631 -72.908224
6.392981 13.111597 42.828079 9.437246 139.236486 52.479633 -74.257991
6.183874 13.067327 42.852836 18.284993 325.721814 28.880464 -69.698353
6.941794 13.521055 42.304373 8.449608 93.319947 59.760994 -111.503930
6.390734 12.976049 42.824308 3.790267 344.261316 35.658279 -100.001337
7.098820 13.639785 43.306486 6.679252 159.170254 58.008379 83.836897
6.618513 13.039894 42.936177 11.288967 267.893781 62.416234 -27.683206
6.117192 13.045876 42.809204 8.888274 340.645081 39.773290 -71.005302
6.569443 13.144778 42.898989 10.342954 170.690843 31.718272 53.344936
6.713087 13.299353 42.883141 5.677047 326.738146 41.698722 -79.470740
6.618180 13.333890 42.698740 17.234604 140.263874 34.014820 123.011479
6.237331 13.146958 42.734431 9.125482 154.962599 48.153830 -114.636930
6.551165 13.241366 42.675825 4.412338 85.754879 25.909645 81.166652
6.134828 12.841531 42.915500 8.292945 176.795644 57.079485 -102.888529
6.559418 13.375736 42.803938 17.783412 164.302729 28.662046 53.733898
6.154385 13.229246 42.776385 5.094219 139.963182 51.027461 -133.841847
6.533599 13.137566 43.004080 18.423339 305.104906 52.636726 -58.760564
6.703591 13.078851 42.820284 6.724511 278.185557 53.936456 109.897292
6.454287 13.416985 42.886136 12.537379 66.135550 87.818728 95.845951
6.840894 13.068874 42.663631 9.119261 170.481080 33.705544 -51.989447
6.565755 13.037432 42.883682 13.328261 39.935711 72.697916 27.717531
6.627523 13.042882 42.786399 12.883118 166.037096 57.505102 -66.566784
6.416686 13.070960 42.868627 13.966556 36.251008 36.956424 -118.836363
5.941612 13.062546 42.925358 6.810752 143.966547 31.967859 78.899162
6.948502 13.189789 42.939481 14.680631 141.516051 33.356541 62.045082
6.680533 12.875412 42.964377 10.163237 157.330446 24.007214 92.467826
6.168868 13.138546 42.728875 15.346544 177.505122 49.754586 -107.280734
6.385051 12.923706 42.738102 18.209317 154.357674 56.597553 -68.537624
7.294692 13.398560 42.989755 22.540810 228.072166 47.333042 -61.655373
6.066972 13.266892 42.837635 13.474675 138.876260 48.461611 -109.572652
6.345397 12.873079 42.852040 11.690068 151.420952 56.659357 -111.538713
6.289060 13.223366 42.818627 8.619025 63.021225 31.361260 -156.245625
6.584249 13.160965 42.915422 8.403547 142.898914 27.742026 62.537504
6.342102 13.131520 42.781537 11.852694 125.894680 56.687374 -127.290533
7.030431 12.728388 42.737572 21.295751 242.863270 35.421667 -117.224790
6.757882 12.963854 42.665356 11.579045 147.306487 85.396900 25.826395
6.658991 12.885057 42.964282 10.402910 163.185032 43.133229 -59.019147
6.751256 12.901875 42.835577 11.448911 136.054368 41.406983 -67.148970
6.475568 13.264069 42.738877 2.991728 319.302193 25.805765 -85.224113
6.315692 12.984268 42.540303 17.385450 115.852399 42.432427 -131.675493
6.265412 13.219784 42.812644 11.674725 142.213307 21.783127 53.669716
6.179801 13.249732 42.882888 8.974616 144.000984 29.045870 86.753233
6.474506 13.348857 42.835477 11.750849 148.532197 37.415595 81.670661
6.452593 13.021736 42.839561 11.902716 175.899997 56.607000 -67.262430
5.881631 12.978420 42.884121 9.575698 145.818706 41.135684 -76.220944
6.364798 12.986195 42.826426 15.000119 230.198395 76.735291 15.070237
7.035457 13.518111 43.102014 5.862107 205.505997 51.356162 -64.092911
6.256453 13.058465 42.956698 6.897079 94.158066 31.972644 -68.724757
6.270794 13.168527 42.827363 10.964474 357.299740 48.164745 -51.496567
6.716341 13.025869 42.851390 4.601208 306.992223 50.433635 -92.122387
6.383304 12.963899 42.794895 11.494305 359.452858 46.121663 -68.988845
6.302832 13.170426 42.778838 8.693948 90.911306 25.405862 -125.591627
6.817752 13.058618 42.965001 17.323914 161.697261 49.416224 -112.980593
6.337027 12.891545 42.965131 11.189342 312.629087 79.954017 177.637365
6.434382 13.225980 42.984417 6.624470 177.693095 36.734378 133.013303
6.518891 13.111989 42.804846 11.079718 323.416527 77.728937 -106.024107
6.978738 13.276678 42.994326 12.805713 169.740601 37.638792 100.727773
6.541003 13.301741 42.687402 15.538984 173.688435 55.286868 -45.909881
6.828630 12.796312 42.802665 6.292862 336.199612 50.927041 -100.425898
6.605089 13.095337 42.949183 3.357938 137.997370 37.903587 122.038688
6.849949 13.525851 42.850432 8.916600 178.828200 21.777134 83.114314
6.308265 13.007033 42.847553 5.112737 157.905037 43.072920 -97.683713
6.853619 13.045193 42.914436 10.058819 70.813781 84.886693 -177.915035
6.802443 12.952055 42.780766 23.920211 151.471683 32.665498 -91.202341
6.364440 12.990579 42.768321 9.943813 52.280802 26.798474 128.361643
6.761824 13.259593 43.075235 11.510922 155.811987 22.655368 121.813309
6.260598 13.217711 42.732285 18.642062 67.088535 85.526604 -139.120272
6.770740 13.001275 42.807972 13.127506 169.917040 51.270302 -59.511671
6.836880 12.838783 43.018506 16.017052 140.940803 89.786111 -81.425715
6.900263 12.879113 42.925621 6.823970 95.534728 46.810811 -115.259275
6.229420 13.262082 42.898029 7.998430 231.023786 38.180092 68.023362
6.864319 12.849651 42.877092 10.745327 168.029986 35.807873 -28.204208
6.502812 12.983419 42.826811 10.692849 312.473650 47.757749 -53.752334
6.642139 12.881452 42.765813 11.452417 338.900336 21.851969 -74.334050
6.218335 13.013073 42.877558 14.152585 333.353996 20.859588 -74.872376
6.521269 13.284129 42.861848 11.778775 336.344798 55.818666 25.098730
6.089105 13.019656 42.817939 5.594042 216.795648 22.246319 64.951228
6.227336 12.836799 42.824464 8.228365 47.309447 83.002874 -164.671599
6.800984 13.109931 43.050725 8.042840 275.359866 78.074784 -33.660948
6.599271 13.016462 42.741210 23.348473 178.248641 42.888393 -91.786117
6.094696 13.010197 42.878133 8.095977 157.786715 57.800844 -100.795362
6.015808 13.065805 42.798247 8.225576 342.110899 24.902852 -124.032390
6.729976 12.835441 42.613651 6.311363 322.771985 39.929468 -104.567334
6.736693 13.510405 43.041431 12.142404 170.647187 31.619407 -107.264791
6.630400 13.240941 42.845658 11.139770 355.829976 12.270395 49.865412
6.285780 13.218299 42.888560 9.514606 119.139799 80.018108 -157.524327
6.193547 13.084546 42.710975 10.270527 146.891691 37.575775 -106.582624
6.696191 13.209455 42.681043 3.578432 145.617778 21.407161 131.366144
6.277434 12.980359 42.847321 11.999324 153.187363 45.652712 -57.550755
6.636212 13.352909 42.859859 3.806390 301.372890 39.131935 -51.363603
6.659297 13.538755 42.805238 7.594235 120.319806 49.126761 115.174231
6.545451 12.925456 42.920341 9.525207 158.397399 73.041400 126.065708
6.680851 13.482622 42.849428 13.698749 153.425626 37.697084 133.623665
6.856144 13.417367 42.715257 16.106915 163.144802 37.625869 115.160413
6.396723 13.248695 42.763616 5.475717 325.476430 67.142379 -97.139354
6.709020 13.086018 42.858273 7.808573 338.144959 35.122692 -69.610652
6.653064 12.886803 42.787405 13.016707 280.267276 56.350327 70.600295
6.693357 13.206453 42.656321 8.100177 106.731804 21.089367 -150.793896
7.433373 13.576375 42.543305 15.320938 98.900082 69.686875 170.119898
6.690296 13.234964 42.806866 5.095571 292.529459 15.107749 -113.533898
6.928337 12.800464 42.678612 9.332400 308.651334 58.926547 -54.927058
6.662883 13.303308 42.829888 13.076001 143.346325 42.761396 -53.127917
6.688488 13.221065 42.652519 9.600410 302.378361 22.973821 -130.098883
6.641482 13.030893 42.686695 11.756562 351.607180 58.240469 -31.592084
6.869606 12.896097 42.728161 15.807193 257.932807 20.846808 132.257821
6.741027 13.158074 42.521363 6.846988 310.816841 46.874425 -129.263037
6.517472 13.114331 42.947842 8.956160 177.889384 44.688781 -111.081706
6.627604 12.844789 43.066815 6.190769 332.265032 22.562253 -118.903656
5.959215 13.051951 42.768700 13.630033 105.374647 87.000074 176.527411
6.143942 12.982360 42.793646 5.819499 315.210783 23.797365 -125.887823
6.916593 13.102818 42.788382 3.942188 319.520349 32.815941 -129.670093
6.807862 12.911901 42.953152 12.263511 122.398403 50.075846 -133.210785
5.911204 13.080620 42.694640 14.788991 135.431011 40.359872 -106.567578
6.474305 13.367948 42.777661 5.803046 176.431658 40.080105 -73.307886
7.166102 12.973841 42.904998 10.516461 90.873681 81.457927 -90.718153
6.232715 13.220432 42.959377 3.766076 175.515359 36.817975 52.018809
6.085119 13.190105 42.831822 3.923425 160.523056 27.252872 115.384695
6.584981 12.936255 42.926803 7.010293 349.512614 55.725476 31.201924
7.087452 12.862950 42.991937 23.832648 303.626162 44.662267 -122.799271
6.590962 13.058535 42.926885 7.750480 153.485757 56.673922 -130.210162
6.611209 13.082537 42.815373 15.065693 126.040751 78.079141 147.692527
6.319389 13.169759 42.872809 10.881847 109.180418 81.327310 -6.762240
6.593939 13.020406 42.973393 7.519528 132.203221 37.209693 -96.265082
7.007834 12.989710 42.753711 14.925590 30.687049 50.278303 174.658937
6.529274 13.090434 42.886818 20.362144 342.576972 37.931893 73.734790
5.811794 13.165393 42.857564 15.932555 2.919914 82.518514 -19.067723
6.268857 13.261350 42.876643 16.661577 168.548433 64.713903 -70.952754
6.620257 13.189259 42.584647 7.859654 331.032832 25.347621 126.388926
6.701817 13.374074 42.594707 7.187424 175.742237 53.807245 -130.606680
6.465412 13.126771 42.723277 12.121684 161.308124 31.721823 86.983937
6.436908 13.074303 42.997659 16.312931 97.728049 67.670845 -84.636336
6.693567 13.153015 42.717347 4.740566 146.746546 47.826723 -58.923284
6.157185 13.347222 42.809293 6.855219 354.852160 26.326572 54.650864
6.352415 13.103515 42.973268 14.791790 174.544914 34.788190 -78.389698
6.548234 13.193273 42.623088 12.641452 94.012089 40.743022 132.783185
6.020816 13.134633 42.891373 11.253370 174.695006 40.135759 -112.653948
6.570192 12.743286 42.677118 14.741206 75.462007 56.510451 66.285648
6.388371 12.993178 42.763786 10.748657 140.838587 34.679655 -9.612052
6.678167 13.198370 42.871756 6.639455 341.157704 44.834103 -82.473524
6.065558 13.131822 42.852318 8.571093 179.510039 52.661487 -97.897939
6.225255 13.150976 42.833133 12.486557 163.342602 28.445013 114.751443
6.492104 13.105063 42.761668 10.151177 31.917490 58.205682 -81.234769
6.795322 13.114965 43.111471 9.242881 158.514657 38.417690 128.167233
6.107591 13.059233 42.722879 8.299714 219.964494 74.144110 -4.328609
6.463059 13.157232 42.997281 17.512754 121.613598 45.440756 -155.764421
6.440178 13.095121 42.823610 8.840226 150.281275 50.060322 112.868228
6.667174 13.298054 42.780662 8.408867 64.444960 41.576534 -82.593892
6.855861 13.173165 42.811784 5.096898 164.230358 31.678212 56.164424
6.859425 13.037226 42.818598 14.561366 332.771523 26.647062 -56.287698
6.421249 13.172880 42.733364 8.190161 241.851646 33.397732 -114.371856
6.112409 13.110023 42.858360 4.296175 273.635265 22.624513 -57.669571
6.522092 13.000819 42.618798 7.128255 157.229304 29.265758 -60.525491
6.516281 13.242925 42.755742 8.297260 221.882258 36.177530 66.925674
5.998072 12.968495 42.756504 12.049820 141.791629 83.133014 -132.843124
6.203465 13.173483 42.828940 5.581510 144.633216 51.344804 -45.451862
6.445132 12.949996 42.856725 9.696587 158.693351 54.437251 -82.974331
6.125460 13.275058 42.745150 17.270224 171.596986 27.262126 75.366097
6.615866 13.205722 42.809518 3.608760 158.436753 42.791240 -80.547034
6.459494 12.884905 42.751562 9.549889 353.521057 30.265114 -58.457243
6.095712 12.920899 42.911011 7.793260 160.909453 40.601376 -71.104365
6.813261 12.859182 42.828666 11.062380 105.322150 47.931051 -94.024798
6.275927 13.170841 42.923386 19.531454 292.972507 74.832778 5.860778
6.701835 13.108735 42.792799 13.467270 334.381118 61.364847 -50.934307
6.776811 13.059587 42.883303 3.095321 155.738384 20.905007 65.026463
6.141024 13.313120 42.938539 13.478112 136.898485 32.752655 91.683179
6.588888 13.274206 42.904975 3.769389 285.533915 48.065354 -107.499660
6.461432 13.061563 42.679636 5.320367 51.802638 32.426380 55.730847
7.028268 13.302482 43.080549 12.105884 171.209794 33.160473 124.747088
6.813701 12.701650 43.067935 3.273825 329.887114 28.132002 -86.903860
6.576619 12.929111 42.744321 12.096765 118.733347 67.114992 -121.664431
6.473295 13.215726 42.805820 3.563999 146.267585 51.884964 -51.061946
6.757854 12.963826 42.824991 18.173974 206.788603 23.868119 -59.676551
5.851272 13.091042 42.753517 8.167205 161.694906 54.969677 -86.684617
6.119947 13.038015 42.749976 3.651445 43.788666 48.569529 -55.285614
6.605120 13.003007 42.989429 17.379043 123.966750 46.609385 -89.030295
6.215511 13.241008 42.715422 8.839447 58.855263 26.792782 -75.368212
6.499737 13.002603 42.863700 7.294010 340.096165 78.805562 -127.003524
6.334334 13.252724 42.843538 8.486754 147.034546 31.994158 95.433172
6.419260 12.859654 42.730419 18.559369 172.964766 52.468876 -59.360150
6.254190 13.150560 42.806917 12.993823 325.478343 52.568294 -91.544654
6.321385 13.263965 42.770266 6.145611 156.642160 30.521664 91.331528
6.654681 13.267400 42.757654 4.279449 158.970861 54.751451 -118.786891
6.066021 13.169851 42.808454 9.486434 358.996358 53.643775 83.332458
7.344550 13.575228 42.699069 6.011114 150.054324 32.603203 45.952892
6.708795 13.190841 42.891988 16.174845 264.777110 34.931424 115.067155
6.267101 13.022442 42.773577 18.184748 161.318047 50.199339 -55.369395
6.448154 13.038048 42.755545 8.232327 137.659549 32.638123 -64.214559
6.592867 13.027251 42.858511 15.675477 323.101121 22.210487 -101.139303
6.081097 13.104976 42.837546 7.818868 102.830221 51.790078 -122.416232
6.532380 13.512206 42.909411 6.936765 171.190190 46.126381 129.326532
6.643883 12.846668 43.018569 11.084713 160.890071 54.168147 -93.503965
6.400463 13.146934 42.937971 8.020316 147.499197 21.102153 45.246433
6.573586 13.009727 42.768372 11.920422 284.916028 44.053914 -90.136620
6.319392 13.113270 42.744956 13.573159 135.596115 49.836208 -130.951092
6.626267 13.427849 42.781545 13.304751 248.141439 59.780083 -91.467156
7.095961 13.288287 43.166551 17.687295 132.164041 51.191008 -133.904025
6.348375 13.063179 42.933521 9.374717 87.254382 15.003653 114.173370
6.343956 13.040778 42.831787 12.740343 163.323344 57.086421 -89.936348
6.314199 12.938715 42.775828 6.755785 72.055983 54.600415 58.098297
6.660658 13.221676 42.869212 7.131305 168.562391 21.295477 71.544167
6.582638 13.305360 42.868982 9.166264 173.234012 33.870034 82.065127
6.543708 13.017027 42.967913 13.445853 213.648730 39.102812 80.311624
6.636616 13.397383 42.946793 13.375030 165.740880 27.027770 122.334277
6.049852 13.117899 42.889707 9.832200 161.941363 59.366406 -131.659434
6.508598 12.940947 42.800520 10.629590 173.096758 26.177317 -60.012343
6.617087 13.043788 43.012862 6.727312 125.867289 52.219619 -80.422929
6.577211 12.992898 42.846046 9.759977 139.888044 37.729960 -70.317662
6.778481 13.038541 42.964194 15.176335 155.681376 22.124595 66.681587
6.226515 13.134627 42.798456 8.265658 178.462809 34.926218 84.421212
6.792118 13.369716 42.695608 20.377532 112.061485 67.019541 -140.165637
6.583723 13.060192 42.794978 17.441306 325.772907 29.076595 86.117210
6.729949 13.267169 42.537507 12.196718 152.528510 59.544952 -65.314742
6.518746 12.944708 42.799648 20.098055 298.454174 56.091634 -104.679814
6.175331 13.261335 42.699875 11.533950 147.511969 25.321033 97.361895
7.139215 13.037638 42.841427 16.866980 43.363989 45.233272 -120.472185
6.596943 13.092332 42.775442 16.749064 97.941565 53.056003 149.968022
6.595050 12.882247 42.747916 11.070956 353.690045 20.946423 -51.692834
5.999690 13.060809 42.954240 9.929314 158.999944 77.773747 123.900899
6.747432 12.865729 42.810689 6.941170 322.276304 23.083993 -92.838730
6.919805 12.861777 42.594966 14.871603 343.786527 20.378594 -47.999303
6.266014 13.185912 42.867884 10.686097 139.454971 28.366835 82.058049
6.289899 13.130227 42.901253 8.982737 278.653069 38.081278 -95.797953
6.962960 12.751829 43.156409 15.262350 350.164521 50.876383 -64.082905
6.402937 13.257360 42.808508 6.442026 213.928341 27.336660 -81.205770
6.545828 13.069476 42.764511 4.716054 353.425200 25.270209 -87.938107
6.288690 13.267921 42.812657 5.228686 168.384068 57.780610 -90.505164
6.470755 13.289353 42.599992 7.759811 113.279349 47.238551 -49.711877
5.977688 13.253536 42.888166 5.969088 113.013366 85.716045 138.664578
5.857711 12.957814 42.852296 11.576971 138.958087 55.547634 -87.293927
6.533362 13.023656 42.609309 13.491818 332.656625 46.710943 -95.378266
6.366479 12.841053 42.779157 14.439797 144.935200 49.276295 -49.555269
6.977510 13.488056 42.545756 7.653977 191.705013 62.658120 30.913616
6.000989 13.066677 42.784815 10.054735 351.029356 26.228541 -83.958398
6.536821 13.037179 42.887518 12.511271 318.371679 55.972684 -73.308466
6.252426 13.182847 42.760829 7.149705 92.216178 54.845534 144.610252
6.678392 13.388574 42.570023 11.383324 151.719740 44.705529 -110.733097
6.042275 13.172415 42.889254 11.581815 93.596512 81.466819 -4.247102
6.531365 13.177179 42.882556 13.472639 321.724188 57.144758 -92.233467
6.176805 13.086968 42.937413 12.500084 143.958045 48.242540 -95.587446
6.686026 12.793601 42.943278 11.565975 164.401929 55.335801 -126.044846
6.612983 13.383051 42.875231 18.338749 174.733590 29.218032 72.871836
5.937170 13.168672 42.938755 2.646568 152.297924 22.962916 72.252910
6.666634 12.996243 42.832357 9.272544 153.471978 53.425548 -98.711064
7.024547 13.302852 42.643226 15.008680 146.765030 42.759067 -109.132362
6.769431 13.015576 42.864769 5.570627 64.738060 85.812682 -86.126845
6.619332 12.985338 43.032008 12.163123 177.090923 58.735159 -109.499387
6.587315 12.913481 42.899317 6.548880 253.378016 66.069667 87.075871
6.867697 12.762651 42.899098 8.070712 160.931392 55.094617 -96.420545
6.513991 13.111924 42.668774 14.389907 271.085073 67.473815 -109.457827
6.574219 13.016220 42.774622 2.757736 350.129048 28.698553 -122.283969
6.563107 13.004007 43.030673 12.479961 169.695883 44.752484 -83.644570
6.578892 13.216180 42.991197 9.498258 169.832299 83.436700 35.063755
6.321289 13.192440 42.710188 5.251375 164.366121 28.184227 105.998004
6.826143 13.318248 42.756588 13.615097 146.569450 27.517241 131.008396
6.570906 13.154818 42.900492 15.620099 75.069288 40.884652 -127.037796
6.473861 12.992241 42.841254 5.314522 329.960882 26.589521 -80.464603
6.125616 13.204517 42.830803 4.892293 164.331052 35.979102 77.615585
6.811987 13.185899 42.750735 8.113030 243.162966 79.553073 -61.223271
6.716566 13.142838 42.687319 14.927175 158.697636 27.574200 121.052391
6.632604 13.108722 42.906489 4.574573 13.848233 64.503574 -11.014075
6.771711 13.332377 42.927333 8.589075 155.460665 29.247349 91.149713
7.172507 13.011267 42.936786 11.493959 30.781588 25.084135 -98.364224
6.553688 13.150464 42.790297 7.592587 40.876233 61.727630 -29.569759
6.452846 13.280367 43.059536 12.990213 244.083103 72.314143 156.679800
6.191639 13.102357 42.817239 10.029195 177.986816 58.343467 -66.606876
7.176186 12.187973 43.032712 13.285969 99.693701 88.684401 15.465399
6.123155 13.036655 42.829397 9.160593 169.596947 46.095596 -90.162710
6.379815 13.330558 42.776545 4.589256 144.905756 82.756696 -119.368450
6.300331 13.199248 42.668017 8.499631 155.066775 21.247895 83.682687
6.941941 12.983034 42.801749 9.693259 109.608713 57.272226 -134.255466
6.778168 12.909335 42.844027 17.477326 346.877204 55.812746 115.743282
6.549514 13.351733 42.746331 10.293905 173.654945 24.105258 -127.036810
6.193213 13.120137 42.790055 13.776405 301.191166 55.765933 53.807912
6.249607 13.290340 42.844874 4.338672 76.569291 52.236738 45.990868
6.169722 13.173912 42.759568 8.873073 249.732479 15.227007 102.392408
6.208032 13.037784 42.989325 7.271080 351.382334 25.539200 -102.004775
6.415715 13.059513 42.721006 11.323316 322.219155 30.210208 -117.439727
6.172782 13.102249 42.858319 14.283700 153.106435 35.379420 -127.610706
6.745861 13.131763 42.876938 8.433890 350.320480 52.732646 -85.542044
6.735167 13.225429 42.848730 13.405082 260.989230 65.811428 -60.939290
6.310197 13.092037 42.762809 11.874583 153.283111 58.670331 -77.740756
6.348646 13.131926 42.638125 5.878774 95.709334 52.217766 48.998707
6.796905 13.118242 43.015051 6.320419 315.684083 16.699767 -93.790107
5.950213 13.034243 42.813329 11.660497 167.999707 56.164096 -47.592391
6.034359 12.880770 42.824426 17.344224 259.467709 26.177530 124.255523
6.629454 13.004053 42.746140 5.168862 153.111439 41.052603 -118.931063
6.160485 13.051849 42.780948 13.930601 207.690898 29.002751 -49.048907
6.170086 12.988325 42.843883 14.648379 141.566106 41.518681 -91.816478
6.137914 12.999229 43.026343 10.951642 165.152534 57.186361 -106.354630
6.359759 13.182511 42.800540 10.656720 141.750953 27.520033 104.056455
6.663889 12.535121 42.734659 10.436612 301.510612 35.811126 -121.675803
6.326091 12.994526 42.892272 10.622286 355.150130 43.654289 126.902177
6.342393 13.105419 42.790026 12.661070 167.757253 57.154443 -101.900639
7.302999 13.201432 42.925342 6.453197 170.574041 39.368601 107.531617
6.986945 13.205682 42.739789 15.502565 165.859401 28.149586 49.235694
6.176438 13.096890 42.877496 13.403725 166.611020 51.871972 -53.178834
6.366832 13.193022 42.950924 9.266929 170.693032 28.546628 89.168451
6.816545 12.955512 42.845643 13.989209 298.863124 56.749937 -133.284653
6.786454 12.988810 42.757845 20.682806 144.720805 44.193415 -47.389634
6.435210 13.397053 42.824518 12.624480 226.430298 11.184486 41.228591
6.773564 12.758952 42.673108 11.794295 69.350982 70.303264 146.898468
6.536608 13.085681 42.749621 9.272396 148.669387 56.067461 -132.697104
7.143642 12.926823 42.887126 5.762949 313.786962 42.494053 -56.177303
6.633265 12.945214 42.957915 8.128415 296.357432 11.802226 -166.837651
6.973069 12.772190 42.984078 7.984213 340.797588 54.071067 -56.902329
6.748847 13.034585 42.877988 16.814693 164.899724 85.485941 96.902235
6.404603 12.905077 43.018072 12.235808 165.294441 23.379730 110.131072
6.631317 13.267750 42.851284 13.195127 177.745470 31.679412 51.805102
6.560828 13.189964 42.974142 10.595313 141.977365 33.733482 129.107857
6.456153 13.054791 42.860605 17.153487 317.361271 31.233508 -71.683427
6.337861 13.082139 42.811925 15.849778 260.171187 73.626520 168.820516
6.623858 13.129893 42.706083 10.173097 166.233781 38.138987 127.870034
6.228045 13.161870 42.744366 7.044156 322.366710 67.743898 -57.805385
6.711571 13.367608 42.988919 6.413173 173.834829 37.680392 132.800335
6.561578 13.184203 42.772488 12.084672 177.553352 52.487126 -76.188511
5.902502 13.216796 42.962755 11.156058 169.999078 35.917264 126.890515
6.510785 13.257431 42.901651 13.814485 266.790423 34.994023 119.929699
6.861495 12.984182 42.847048 12.536966 327.713057 22.112764 -73.089025
6.640720 13.268148 42.671934 17.801754 89.287430 78.138208 -151.610652
6.996764 13.374564 42.315195 11.753974 102.966546 59.870453 -113.750427
6.641937 13.313062 42.810784 7.763627 138.624426 32.700972 91.828816
6.854771 12.548293 43.169638 6.189730 235.665121 30.866034 -151.410268
6.586875 13.097225 42.755345 13.930884 304.698557 23.494759 -151.680437
6.771279 13.046014 43.009108 9.349434 108.255335 53.646431 -105.569344
6.900793 13.413164 43.231952 7.886982 343.948211 29.766564 29.253092
6.602893 13.100100 42.828178 16.288121 13.128967 33.575921 108.772347
6.304582 13.161360 42.777850 15.506286 113.111634 72.167019 -126.893684
6.681815 13.054658 42.788076 9.033335 149.112693 46.104360 -109.105500
6.269013 13.148705 42.806151 12.175655 179.473113 23.979114 97.668590
6.489585 12.857700 42.888768 12.528725 336.584022 29.419701 -82.325590
6.636462 13.157284 42.657755 7.192170 171.666168 45.863175 -58.029013
6.805332 13.245256 42.655030 10.038438 76.067085 84.742280 140.360983
6.196352 13.050074 42.756077 9.448575 92.848517 54.912609 -132.697715
6.967009 12.775758 42.862079 11.883624 320.000981 21.867176 -113.230957
6.634534 13.108870 42.795264 20.316822 257.787005 49.436769 51.262283
6.265610 13.322899 42.861083 15.640885 53.506998 48.931555 -124.277414
6.521452 13.136611 42.861768 9.593846 149.257150 36.597446 78.913010
6.912162 12.968845 42.596377 18.570635 141.226456 66.700901 -30.511764
6.597917 13.096113 43.042841 6.222528 317.163473 33.830203 85.489840
6.375411 13.055107 42.817668 20.672444 143.053335 41.184787 -55.345484
6.459227 13.349948 42.753986 4.991565 314.788111 47.776510 101.864057
6.799358 13.202800 42.991762 14.054753 261.834063 50.079183 61.813141
6.572968 13.394989 42.904538 5.176698 169.143212 36.731137 120.701690
6.700875 13.113727 42.940031 3.710706 163.812610 39.796619 73.057698
6.336514 13.149602 42.754701 11.096096 148.493453 38.964662 81.977027
6.132371 13.243549 42.780470 14.827919 162.183028 21.468136 114.520679
6.220865 13.048796 42.908756 14.563349 162.866982 54.574150 -61.184909
6.196189 13.120274 42.932169 7.098125 357.989132 57.608371 -64.303435
6.033647 13.152197 42.940420 15.880946 280.442324 52.230907 64.467525
6.896883 13.613935 42.666997 14.538068 27.759564 18.909806 58.862636
5.765556 13.048325 42.823317 16.304102 292.696792 42.006615 -95.872474
6.667035 13.115752 42.667008 12.850741 111.228297 74.596105 174.053433
6.407728 13.123772 42.739975 2.222485 143.285538 23.862121 94.080817
6.459322 13.074747 42.913180 10.637425 358.902451 65.730692 -118.960173
6.916057 12.876896 42.527722 3.759577 318.770356 30.571930 -46.694138
6.574749 12.920182 42.948202 16.860638 163.903573 88.965347 -85.936363
6.524768 13.274048 42.761028 5.728247 146.092482 53.265467 -123.211574
7.171473 13.133226 43.296303 9.810586 140.050794 29.839414 76.243053
6.226775 13.171361 42.770228 13.673847 173.644769 21.043597 124.195413
6.560464 13.225576 42.732809 17.139232 44.605927 45.841337 100.315564
6.175561 13.147802 42.730627 11.914986 10.785246 39.699302 106.568258
6.059421 13.255471 42.909236 6.282057 187.435392 57.551278 173.757741
6.561702 12.956699 42.648273 9.659431 343.620825 35.000260 -88.631171
6.714309 13.412491 42.771463 10.987658 179.831370 25.726414 57.637203
6.779003 13.148664 43.060131 6.959138 161.805943 27.707475 111.627582
6.105732 13.037176 42.788630 9.023734 142.232760 57.392060 109.310452
6.173713 13.050023 42.823782 15.945997 145.764163 53.041822 -63.910004
6.190100 12.986563 42.822593 14.264399 322.298299 55.123005 -117.423788
6.695561 13.388964 42.806755 5.248991 155.385107 86.281007 -17.272170
5.932414 13.177707 42.853090 9.952863 163.262067 28.166829 101.490289
6.794349 13.026161 42.653056 10.788382 349.630544 54.575149 -126.775840
6.439886 13.067032 42.742189 11.284142 176.713542 58.727382 -96.956535
6.820839 13.400167 42.963744 18.783674 143.367004 26.289097 65.916336
7.016682 13.106892 42.582453 10.957183 90.714806 88.162142 10.151657
6.544019 13.325578 42.763629 11.289360 327.890973 48.917254 -52.246448
6.267024 13.089081 42.890020 11.544167 179.857128 32.866255 107.346946
6.877271 13.428447 42.878986 17.208056 179.924676 22.317289 104.309837
6.921152 13.217748 42.644966 12.912738 226.205826 56.036468 76.353770
6.284320 13.228512 42.947072 11.519285 161.716918 61.955906 -109.018639
6.687827 13.066973 42.942374 17.279159 166.369868 59.908954 -64.327504
6.715034 13.133514 42.713671 13.295074 291.173565 70.997249 -156.991802
6.238766 12.988980 42.807096 9.313447 284.039035 38.555748 53.853780
5.972992 13.146660 42.818286 16.966175 149.041736 56.915649 -53.531641
6.186730 13.141610 42.823740 10.983379 160.879445 48.140344 -89.029095
6.825361 13.149643 42.984187 16.268635 38.880685 84.675814 -32.162565
6.485707 13.035031 42.952424 16.846077 251.604971 75.553714 -19.374322
6.883528 13.656791 42.695769 8.628234 278.088365 40.016620 65.176861
6.710675 12.916167 43.023136 8.385128 10.449397 18.764633 -105.579844
6.082578 12.970005 42.761330 12.802233 323.142873 31.352773 -70.842771
6.412347 13.187531 42.610156 15.739133 183.794735 54.650540 64.319425
6.115408 13.091200 42.804341 9.673692 171.500474 56.953247 -74.214712
6.383003 13.120302 42.823479 20.914613 143.242405 56.623362 -76.307860
6.350250 13.039957 42.833503 14.483584 167.476302 40.566034 -75.741347
6.468927 13.039211 43.037170 5.205477 167.375954 29.107351 96.700821
6.774173 12.925970 42.757229 5.994644 151.542778 48.737009 -45.995335
6.698971 13.118547 43.085512 9.614830 137.877701 58.082090 -54.650587
6.476298 13.067491 42.938292 17.765858 27.774590 85.009316 -8.845807
7.144850 12.451359 42.578562 11.391994 122.967807 57.301354 -75.171304
6.382274 13.232539 42.948953 7.168505 150.395139 30.505358 66.413230
6.527571 13.073581 42.856364 11.696698 353.311841 53.228391 -133.383047
6.700922 12.637815 42.919322 17.757080 112.039009 52.300090 -85.184808
6.897424 13.359345 42.673252 9.756567 289.170565 37.722774 -101.895588
6.745475 13.196265 42.762058 8.967296 160.468720 45.819140 -93.051588
6.794589 13.038397 43.009449 16.101899 175.637801 53.223439 -80.880150
6.579815 13.236724 43.021353 13.544747 174.556136 27.568023 110.174754
6.453594 13.123392 42.597417 13.772990 336.284119 40.880181 -75.489816
5.727213 13.080098 42.817378 8.296841 322.600144 66.813155 -110.031108
6.091297 12.894810 42.802508 7.851858 331.301539 30.240386 -57.857659
6.175671 13.074258 42.893584 4.697391 175.622571 44.422913 -70.193223
6.570104 13.013241 42.667508 5.020887 173.534128 59.036048 -125.642194
6.483033 13.322056 42.776810 3.717620 163.286809 35.632135 56.757204
6.782323 13.392128 43.129999 19.763241 154.630343 51.267138 123.871088
6.146610 13.197437 42.759632 13.172726 357.538083 58.296634 -123.181312
5.614931 13.058434 42.818795 11.420902 147.072301 48.371549 -50.707198
6.996252 13.106057 42.716832 7.127763 140.520468 60.705979 -147.071634
6.820608 12.890608 43.130060 13.002061 321.963111 72.791044 141.819895
6.514831 13.290618 43.127509 7.429101 135.499634 22.305668 76.769362
6.667455 13.023415 42.860999 6.935899 107.048642 47.860802 15.902232
6.673396 13.029948 42.678260 10.562732 245.176510 68.760581 -119.858343
6.558665 13.265971 42.929717 7.431086 191.929929 64.335862 -37.759367
6.442026 13.255568 42.760444 12.227195 355.835982 43.399706 -119.852780
6.653167 12.897251 42.796526 11.073663 152.923956 41.264245 -112.019847
6.614380 12.780117 42.895010 10.786086 59.319837 28.074470 -142.371854
6.399656 13.030312 42.935150 14.577761 140.019714 38.057440 99.749628
6.720744 13.002747 43.144396 12.606441 160.294580 24.731555 102.424492
6.505059 13.312990 42.682982 4.119685 347.539321 42.133493 -63.290025
6.909427 13.292484 42.775765 12.468942 159.204862 22.343460 130.183457
6.857376 13.075678 42.855046 5.722338 137.537037 53.422221 -53.814700
6.088180 13.190978 42.712488 5.071028 64.295780 80.800176 -157.008446
6.990393 13.133744 42.689824 9.900000 176.452390 31.031643 47.637759
6.918570 13.311541 42.986593 10.209195 273.553582 57.764593 78.552820
6.951157 13.415503 42.849889 4.907484 313.440636 11.322284 -67.330456
6.776863 13.059124 43.122625 16.664048 162.641324 22.240824 45.669745
6.750007 12.983038 42.731326 18.843598 322.404574 24.888925 -67.718313
6.869363 12.780234 42.966531 15.760221 150.231097 43.680393 -92.503319
6.150005 13.028319 42.714609 7.429176 359.439795 25.862029 -67.397029
6.726038 13.030027 42.966580 19.090648 104.028920 44.560206 -78.987850
6.328556 13.205609 42.832916 11.027088 166.877871 28.743924 -53.469320
5.993424 13.188567 42.821406 10.468706 283.909060 13.446540 -161.794515
6.506293 13.048547 42.688000 9.093769 22.274454 19.228154 113.736953
6.610877 13.076983 42.953651 5.824697 173.811921 23.858461 81.375014
6.676792 13.204762 43.046678 10.311197 324.181600 46.034098 106.478003
6.310585 13.115740 42.835596 3.820878 122.860745 21.211926 -178.925395
7.055339 13.285746 42.608103 14.214935 126.045980 57.340630 -115.475173
6.371816 13.077384 42.716860 6.886870 139.520479 42.048719 -84.492433
6.122531 12.935127 42.842626 11.591160 172.605033 52.376437 -105.247612
7.203248 12.767329 42.461807 19.407660 358.875718 57.055762 -60.612586
6.496363 13.212209 42.809082 8.281361 155.416732 27.849143 63.345367
6.145569 13.218290 42.966045 11.985964 63.521956 89.565263 -158.305936
7.456014 13.806152 42.548101 11.215883 85.095147 88.484153 -32.597190
6.498259 12.861778 42.833994 14.337411 109.483680 37.985108 -128.744696
6.516438 13.237710 42.627572 12.615226 118.624191 42.792367 -91.855976
6.681863 12.974876 42.541216 4.924954 96.625985 45.328188 -49.358585
6.432298 13.044906 42.965934 11.249832 171.010691 49.582597 -87.738887
6.363569 13.275148 42.744063 3.467218 178.233411 31.753869 117.324385
6.331821 13.158936 42.822006 21.391052 152.875783 37.378201 111.495058
6.252009 12.917533 42.864241 10.383589 302.899861 13.494062 117.811497
6.859311 12.801880 42.906208 20.571343 347.382052 33.535241 -118.545834
6.741544 13.100007 42.768901 12.014663 131.568884 69.198509 -100.849424
6.059006 13.095929 42.688108 3.992882 152.560294 42.661175 -57.375390
6.096458 13.084738 42.927045 2.809021 136.973758 58.940322 -110.107696
6.382729 13.138496 42.671690 9.537876 174.184112 65.674031 -78.115739
6.975428 13.804858 43.026333 11.806073 141.755763 50.222261 105.521194
6.692097 13.136480 43.130719 11.689569 191.482910 51.986717 136.301013
6.348863 13.098612 42.644185 5.831097 151.010029 48.517723 -146.457093
6.613714 13.144847 42.795056 9.565439 348.235188 75.617062 -52.945793
6.534096 13.150322 43.048200 8.817215 234.750921 59.335398 -92.748777
6.365954 13.121677 43.000336 11.404049 87.993867 78.735152 -178.567932
6.317772 13.185305 42.781778 13.827304 151.682697 57.778046 -53.920935
6.609247 13.011851 42.518357 6.466284 96.697945 42.320204 -133.440389
5.739098 13.015929 42.801583 6.539722 100.358776 78.957561 -94.545232
6.985212 12.908648 42.879037 5.383877 341.819925 23.197033 -77.745927
6.666332 12.999805 42.731747 12.008581 176.170674 37.517028 -96.921951
6.364067 13.111064 42.889443 3.756190 146.622558 54.161867 -62.422012
6.372429 13.338462 42.899812 7.081845 45.908176 79.104832 -55.157252
6.701157 13.302793 42.725058 6.258799 127.367709 59.316149 57.991430
7.050749 13.579800 42.368044 5.465821 100.101005 44.818588 -61.399143
6.606138 12.937318 42.549553 10.225174 333.646560 43.808118 -49.247656
7.610139 14.344816 43.322167 11.200987 322.256453 57.733532 78.180740
6.521143 13.004004 42.662637 15.921572 162.279255 52.685138 -63.252497
6.940549 13.446916 42.946250 14.404941 152.367708 39.687999 90.681067
6.518667 13.300289 42.957593 14.230389 9.079479 39.173960 -72.509914
6.314031 13.270320 42.851076 7.117740 176.211510 36.974387 97.516201
6.358244 13.335673 42.830571 6.978264 97.097872 42.327200 -101.294284
6.385061 13.263393 42.675517 11.475625 326.466052 27.937627 19.289289
6.549201 12.997039 42.688458 13.690178 356.287177 32.101302 -122.930870
6.836452 13.599055 43.046772 12.683405 151.467672 41.829318 134.466416
5.954859 13.129952 42.902750 12.587181 169.572599 22.468480 91.623965
6.551869 13.206320 42.718342 13.836745 166.542875 31.327065 111.929463
6.531129 13.468701 42.787961 4.634032 162.735600 33.832501 63.154810
6.342042 12.852198 42.968134 6.176831 154.460543 47.908042 -102.041365
6.760100 13.122288 42.745954 15.736691 139.197428 20.703427 -69.868274
6.989468 12.984982 42.707439 12.074681 175.962922 44.712244 -64.652530
6.129871 13.279295 42.832414 19.397163 50.787392 89.885793 36.111453
5.939218 13.132756 42.855977 12.649434 164.610933 24.738626 102.553098
6.872480 13.116163 42.636662 5.894274 144.092161 54.866432 -114.841358
6.639476 13.191494 42.914829 4.933767 19.547444 80.225609 -155.831250
6.148678 12.989043 42.923415 9.832395 144.531645 43.264268 -96.311325
6.101120 13.091461 42.857876 6.731377 310.916635 27.362068 -98.565776
6.754377 13.547377 42.764741 18.608920 74.851042 55.606076 23.987984
6.767192 12.735418 42.774401 4.771857 334.156352 33.370186 -106.171663
6.562076 13.201744 42.760399 11.328885 326.408627 46.105147 34.037103
6.266738 13.221991 42.742718 11.789106 163.973103 42.472405 -118.877012
7.213785 13.272399 43.366058 6.347158 169.612563 44.389716 96.213962
6.198130 13.159569 42.862026 10.607153 113.461192 35.901407 42.519138
6.007865 13.164185 42.826391 9.915453 235.479306 56.644177 117.818927
6.186003 13.282462 42.822415 10.863926 175.662486 48.158886 -119.961750
6.707839 13.150139 42.763289 7.208009 74.688482 89.960759 -16.595057
6.727173 13.073978 42.751965 6.376532 327.748117 52.184619 -50.729685
6.128469 13.092822 42.675807 15.401254 177.983812 56.621642 -88.450169
6.039420 13.233257 42.954497 6.397401 285.748723 76.451748 121.774962
6.514582 12.941739 42.822484 6.968731 162.634735 59.442963 -121.781819
6.651929 12.966516 42.817569 8.585632 235.807270 59.901561 -24.965474
6.298876 13.101850 42.951534 8.102555 172.022486 32.913296 -125.798584
6.806205 13.296977 42.829280 7.065139 171.155932 24.053495 63.150647
6.510552 12.756759 42.959068 11.223011 318.685073 39.980239 -99.197807
6.506653 13.119270 42.939180 8.563549 160.294554 30.617019 -112.761326
6.569830 13.136773 42.903000 18.407854 59.006850 87.614451 31.887597
6.545930 13.559414 42.931190 16.429320 304.953623 48.191857 -77.420741
6.696381 13.331656 42.761836 6.159275 115.792824 84.473107 139.545494
6.563254 13.079209 42.766348 10.006344 336.312634 12.213338 50.089092
6.330688 13.201507 42.791923 10.815472 178.124449 41.025961 -134.621821
6.700226 13.198450 42.941470 10.899478 178.517452 22.215054 102.509915
6.322749 13.265774 42.719660 11.323643 135.221190 20.180315 61.010622
6.296658 13.226727 42.904768 7.848465 133.758641 27.146619 125.501979
7.117923 13.176814 43.110056 7.244729 155.660915 33.435760 91.778146
6.288683 13.248560 42.742342 7.402822 153.720162 32.825998 86.892190
6.626138 12.880561 42.822595 14.251147 141.071427 49.635071 -106.284964
6.457827 13.234115 42.555301 12.467357 284.127412 58.447554 95.093685
6.554242 13.279934 42.758904 4.152516 354.118639 61.797550 -133.616382
6.525188 13.168808 42.995071 12.626306 147.963740 65.509459 -66.971329
6.619496 12.847084 42.785984 17.271464 281.768131 52.752277 -107.260889
5.772388 13.033057 42.837447 9.465150 155.230611 56.354210 -46.271191
6.569814 13.120118 42.860520 14.564619 243.967775 17.715441 -11.557186
6.118879 13.122217 42.806794 8.680463 136.948912 56.081269 -72.793781
6.502248 13.309937 42.807297 14.895365 154.979532 28.976975 45.659115
5.837065 13.193030 42.875207 7.719919 139.738843 23.466778 -115.459114
6.727811 13.302242 42.870273 16.666794 34.995849 79.989683 49.424254
5.998894 13.046642 42.885222 12.997176 163.612168 43.402993 -49.546631
7.158486 12.819822 43.150669 10.558584 329.617704 39.453595 -113.449819
6.629798 12.969842 42.763248 9.711352 38.724854 67.066218 -48.277487
5.953248 13.233843 42.731019 11.830697 152.459552 26.794692 54.803761
6.338007 13.148193 42.830963 9.748616 169.609388 66.937985 40.081155
6.796125 13.679324 43.221821 17.112488 305.652829 31.246035 68.388639
6.920827 13.326267 42.583406 21.884337 3.202785 34.493173 -63.806336
6.260676 13.019502 42.834607 12.318419 335.069107 31.492167 -50.078332
6.175751 13.030100 42.795483 12.864711 149.682589 45.402005 -45.127899
6.473639 13.104108 42.803279 16.031428 164.798994 47.195475 -124.699803
6.586921 13.314743 42.932876 17.607723 314.626695 79.474061 164.871951
6.697955 13.272576 42.931175 14.485074 159.899468 34.337936 50.911241
7.128769 14.039071 42.954459 11.319118 103.302215 52.660684 81.017009
6.473740 13.030194 42.985980 8.762627 138.976256 32.583552 90.998061
6.747738 13.062149 42.828027 8.934727 88.342519 88.600813 136.690354
6.664408 12.762534 43.149450 7.095784 117.182481 10.709913 -112.944498
6.054820 12.986504 42.973821 5.473363 142.618934 52.190394 -115.106794
6.428067 13.219349 42.705745 7.569987 142.974710 46.304273 -70.191632
6.960847 13.264971 42.451249 12.000315 315.233055 31.277008 -127.573082
6.008508 13.057224 42.784986 10.819161 158.441547 80.381238 -9.680095
6.787070 13.311433 42.767120 7.896772 172.217826 22.233266 111.856227
6.068767 13.302432 42.881483 9.729568 146.850326 50.801990 -72.858288
6.277711 12.880921 42.782613 5.377162 23.218571 66.275415 22.667773
6.864123 13.264933 43.116630 16.116028 244.471070 36.397013 98.383824
6.197279 13.173569 42.841654 5.378612 127.074463 48.243853 -107.187069
6.333022 13.273272 42.799674 5.669663 87.866007 87.426631 40.480579
6.740880 12.959343 42.665544 7.336994 69.714330 83.298494 -31.836327
5.818149 13.144021 42.776834 5.678109 314.990629 40.576663 -102.965105
6.639979 13.148727 42.542884 9.488360 121.156433 59.252296 -100.091848
6.662686 12.968181 43.005414 14.018720 81.835579 41.674741 49.019241
6.650979 13.087028 42.960377 7.405495 340.717788 29.157114 -101.189993
6.460677 13.271640 42.713310 9.627769 169.182258 33.789788 121.430455
6.908327 13.231419 42.964652 15.956025 278.248560 28.960400 64.536538
6.060502 13.162048 42.868149 14.776700 146.416867 24.411513 134.809032
6.623885 13.301504 42.965805 6.352122 19.386350 52.024694 99.257500
6.347871 13.080406 42.733050 16.313457 326.908162 48.643968 -113.620996
6.350073 13.045343 42.842066 10.785200 202.080164 47.092154 -64.754684
6.958832 13.225430 43.266104 12.713108 165.236925 51.048408 102.150399
6.580748 13.155623 42.768446 6.821493 169.083121 41.769199 -90.085140
5.959574 13.081225 42.848689 8.925746 347.824549 23.575747 -90.888401
6.657350 12.909923 42.846760 20.131038 323.828502 56.310891 -64.186034
6.548584 13.068559 42.748383 17.918568 321.885565 25.007827 -79.804015
7.144077 13.070747 42.554557 8.251791 36.508502 85.211234 168.042468
6.584927 12.901611 42.715372 9.314618 123.454075 83.146484 43.433092
6.156459 13.185793 42.814623 4.980766 212.419040 22.053051 -76.560718
5.867405 13.023826 42.781580 8.631173 338.307367 44.365603 -121.122371
6.292028 13.276116 42.898790 11.677819 161.165647 26.996273 92.562152
6.896863 12.934701 42.727654 14.281319 175.863026 56.509721 -113.831789
7.133276 12.658971 42.711146 17.119364 322.865342 35.410713 -73.465428
6.782167 12.861491 42.789158 12.368525 326.880605 57.803919 124.199642
6.550362 13.415061 42.567566 8.517495 136.005477 33.393729 125.196202
7.212804 13.140433 42.577180 7.401919 276.056391 27.565897 -125.276871
6.249440 13.277121 42.963381 9.147714 150.241262 38.758168 73.540099
6.617333 13.647287 42.963746 8.714922 141.861132 57.287053 89.748413
6.273049 13.081647 42.879884 3.587092 23.534220 56.347705 -95.349767
6.438371 13.036635 43.007185 11.073647 67.271023 16.014558 95.554886
6.733555 12.907173 42.823243 9.395438 339.800675 21.426165 -94.027898
6.163818 12.974178 42.886785 8.217080 166.585242 48.559398 -78.523221
6.199022 12.931594 42.930374 17.947056 355.626300 70.728249 -75.023050
6.732193 13.213880 42.580375 8.977067 98.736203 59.439500 -51.424711
5.945871 13.111407 42.817099 3.717105 176.442738 85.002158 8.486620
6.811223 13.319458 42.945272 2.667933 158.678008 20.221047 53.513034
6.567876 13.043837 43.011475 7.928362 145.580026 56.646099 -72.383115
6.592773 13.104639 43.054035 11.707343 59.495822 66.427962 -93.566543
6.678735 13.066811 42.708676 12.481515 216.525917 24.768523 -132.757756
6.132425 13.015141 42.842375 5.308884 178.591837 53.694279 -46.484972
5.951433 12.994826 42.907678 14.358817 176.514324 45.668800 -134.073177
6.112824 13.072843 42.790644 12.972366 125.111512 36.775426 -51.797490
6.531461 13.198553 43.042806 15.328294 109.101349 71.734104 -171.140025
6.483072 12.816153 42.931892 15.758524 99.152262 38.722763 79.493345
6.561993 13.112988 42.768732 6.880510 62.628678 69.498502 111.695614
6.745005 12.719183 42.645795 7.104026 192.133210 54.039539 17.781341
6.056899 13.085433 42.879506 6.474081 164.676768 80.879845 -137.376712
6.711879 13.107136 42.691230 16.583607 264.727054 48.175977 -98.136768
6.353428 12.970520 42.815113 5.497281 325.898334 37.276766 -116.807988
6.641997 13.040758 43.002642 8.358500 142.314103 52.077549 -108.931971
6.702133 13.141962 42.537129 10.916542 147.108733 14.989612 105.335653
6.600181 13.222071 42.949297 7.924701 138.351056 33.443527 114.032186
6.197822 13.155766 42.962234 16.856670 292.490461 59.966338 125.147699
6.596372 13.014765 43.033874 12.981667 158.839189 32.897834 124.922009
6.279738 13.061420 43.044529 4.992093 166.419621 28.375757 54.593792
6.863772 12.781684 42.730098 9.081819 329.093082 37.332166 -82.787213
6.640134 13.138327 42.527268 20.585424 255.480259 26.787720 -61.665830
6.868576 12.945474 42.775563 10.422822 132.962675 54.251900 -48.863576
6.621243 13.043803 43.040287 15.319678 174.887912 85.818591 -168.391310
6.062626 13.217897 42.880140 9.914687 94.835379 80.925393 -45.379160
6.513131 13.179963 42.902536 12.012528 201.286464 61.666076 -159.192079
6.532014 13.071690 42.719220 7.989247 323.028884 43.173229 -54.425064
6.457778 13.097467 42.952606 8.529070 170.406012 59.732022 -134.984102
7.081063 13.526530 43.023916 7.548451 125.015342 86.493392 -102.811066
6.667230 13.141316 42.572187 9.185081 150.134954 18.567349 -85.241052
6.453626 12.994898 43.071434 12.831873 168.800936 56.256710 -128.139602
6.443963 13.053266 42.808702 6.793766 352.190737 30.785200 -107.312110
7.088051 13.658157 43.095535 18.815374 169.566472 58.608199 47.261526
6.587144 13.160657 42.497321 14.966883 88.274198 82.979267 -169.740339
6.587435 13.127870 42.971751 20.880168 181.713204 38.518735 4.031767
6.776518 13.071625 43.134359 8.012591 106.544714 10.802283 84.141388
6.323850 13.170368 42.899164 11.655820 124.516615 48.086700 -95.606308
6.333474 13.130996 42.985746 13.297022 138.472622 82.410827 -26.276738
6.256432 13.316961 42.835882 8.535723 142.562999 28.564235 132.941922
6.539134 12.984751 42.829664 7.717741 179.576114 42.015001 -67.969255
6.731019 13.060994 43.030032 22.986417 137.887469 20.994712 78.883841
6.098908 13.004980 42.829362 5.200891 143.227829 46.399559 -66.112781
6.833188 12.909753 43.028197 12.969139 116.235582 51.030744 -72.669405
7.031876 13.149207 42.995399 21.364132 171.443446 21.311235 89.852556
6.215926 13.171207 42.761697 10.093288 162.851517 24.555819 88.524435
6.475586 13.116927 42.793294 13.772684 144.389684 43.424384 -62.116891
6.964869 13.252853 42.970324 14.668908 171.624614 24.518130 95.746347
6.533499 13.047871 42.959118 11.083023 160.952073 41.007401 -109.795030
7.006910 13.277559 42.654950 4.964354 134.154339 41.155637 -77.412405
6.820445 12.955539 42.815575 9.143539 336.915959 36.232444 -74.175242
6.552648 13.062070 42.889740 4.342062 141.979476 26.819652 73.873297
6.355316 13.339367 42.808158 15.413794 178.325016 41.731007 -107.765329
6.336523 13.209857 42.935372 7.255595 120.585883 18.552529 -8.579141
7.016877 13.324461 42.817306 5.223721 159.831863 38.556723 -99.219671
6.976141 13.038325 43.051055 3.714180 159.140283 22.178214 90.565205
6.352701 13.137828 42.723149 10.876581 286.515957 33.217397 89.429272
6.177331 13.155452 42.706240 8.315051 294.865371 47.837296 -120.057121
6.774604 12.985271 42.809433 5.225634 294.822789 46.915541 -92.008552
6.321061 13.202157 42.686837 10.694038 144.482238 29.504721 69.666339
6.441576 12.840615 42.639217 4.679753 323.180092 25.789178 -113.062238
6.749567 13.170007 42.715155 11.378039 152.390235 22.648165 86.206961
6.159905 13.185913 42.812978 6.484091 148.623585 51.183974 -117.568293
6.467798 13.140254 42.952778 6.444101 155.740435 23.701031 57.720361
6.753526 13.201234 42.801648 20.390149 171.860594 46.092329 -133.115925
6.098562 13.225515 42.768965 9.525805 79.348404 31.072788 51.239614
6.402601 12.968399 42.713341 6.359023 174.926094 42.900179 -126.287505
6.215191 13.178522 42.779284 16.556376 198.047704 47.911049 73.234691
6.292544 12.933463 42.773877 6.597130 152.019483 49.249669 -97.666008
6.802066 13.435676 43.033877 19.761766 144.854659 36.463054 87.753250
6.354470 13.194380 42.812362 19.013142 214.106310 30.992962 105.694195
6.432417 13.063708 42.800009 14.071232 349.415488 78.331567 -58.064791
6.780038 12.930047 42.738694 17.807373 347.105982 31.806808 -118.579947
6.680021 13.174900 42.772098 10.192603 336.675542 72.874637 -116.403846
6.384887 13.176503 42.949480 14.044653 145.158995 35.619922 56.235794
6.551719 12.781349 42.847266 2.819088 335.531735 28.868521 -110.644867
6.398686 13.192192 42.882073 10.471311 175.519896 48.862565 -133.945582
6.532398 12.867710 42.865734 13.267972 141.759884 43.512763 -100.166502
6.916701 13.112741 42.736279 20.843884 148.759685 51.144270 -70.000308
5.649521 13.163018 42.883826 5.582452 33.090707 89.342246 -9.528610
6.950514 13.154799 42.569345 11.973894 149.494165 14.024811 76.534092
5.898495 13.018609 42.779300 7.363376 116.468749 62.496579 -121.745958
6.521904 12.946964 42.850516 10.444536 164.264917 74.631346 157.574561
6.551229 13.200355 42.882292 16.881930 150.414518 62.373853 -57.852472
6.598250 13.455260 42.781354 5.051930 289.469774 39.273891 49.896943
6.502816 12.943624 42.843637 9.747702 244.482426 20.191469 116.879469
6.845892 13.195702 42.737867 13.264412 189.875665 49.560111 -104.990335
6.761194 13.098711 42.912467 14.646676 154.440393 45.398282 -116.166775
6.252346 13.295031 42.720028 8.686910 168.167349 38.407037 97.536460
6.562263 13.152390 43.002981 19.372511 41.002238 81.854121 133.191131
6.392122 13.175619 42.638751 3.698670 57.741612 65.397430 97.202141
6.625560 12.829169 42.542988 20.307476 338.529081 38.635548 -102.058634
6.636090 13.144484 42.698666 9.074370 107.587077 80.803275 -154.785030
6.831456 12.895002 42.569196 10.476712 328.182646 22.009678 -134.300056
6.669427 13.048437 42.889553 16.523585 155.236303 47.307253 -86.271986
6.458894 13.007112 42.868859 21.451612 138.585687 51.633601 -81.342716
6.379226 13.047556 42.811935 17.920143 249.845185 24.024481 80.597825
6.463443 12.981658 42.807807 14.046259 317.819324 49.775557 -34.979514
6.233270 13.263656 42.744775 4.609460 330.830438 45.593089 -101.840554
6.340871 13.067426 42.850008 12.685855 80.854059 75.339557 79.091463
6.811311 13.073217 42.772377 3.740576 123.490928 34.740204 116.544213
6.585610 13.108457 42.897034 9.078241 145.397532 41.576458 -96.410249
6.620278 13.084848 42.985857 5.475833 92.646629 68.752080 -120.879502
5.730960 13.258050 42.776448 5.117638 125.616932 63.918481 -48.531736
7.107731 12.979142 42.484115 21.793233 325.913127 37.392715 -100.285795
6.644299 13.020208 42.575093 9.013928 326.220883 27.399843 -95.260031
6.392305 13.298297 42.735000 8.979265 295.565494 32.112001 -125.085270
6.423183 13.359440 42.759551 11.028845 153.195768 40.133135 -72.980534
6.213749 13.107885 42.738916 5.012218 162.834407 60.834115 -50.218024
6.848391 13.182545 42.864133 7.262434 116.078425 72.960388 70.402169
6.096402 13.093799 42.807521 22.888180 146.024725 51.598905 -115.935244
6.637968 12.847958 42.710672 6.483694 141.871202 59.599201 -131.718088
6.156280 13.139313 42.840372 8.331887 168.694700 22.285693 66.954854
6.476071 12.898694 42.840841 7.070682 275.400982 39.492799 -168.077148
5.985952 13.286968 42.865338 6.969090 125.414473 83.432686 -169.427502
6.913800 12.968178 42.775353 5.328822 97.446624 23.031699 -116.855354
5.918866 13.187328 42.897490 9.849922 326.090389 47.391978 -64.606707
6.452981 12.957422 42.864871 9.871025 201.882556 71.214068 172.463563
6.428180 13.205763 42.740187 6.588638 161.343109 25.042701 -127.572703
6.334857 12.865842 42.879503 17.953839 328.810377 30.784144 -94.686461
6.704019 13.195055 43.004722 19.337487 156.355291 81.792416 21.428847
6.022558 13.000525 42.938532 11.523407 158.139076 21.944992 93.953231
6.209213 13.228207 42.770314 4.862899 297.649506 50.125470 75.634857
6.623362 13.154840 42.807043 9.991505 110.612960 39.826091 88.005835
6.281973 13.265103 42.761191 8.440193 50.807610 46.180560 110.932282
6.684581 12.735434 42.885927 6.824249 345.444878 35.574464 -109.810919
6.023961 12.995487 42.778501 8.995231 356.700312 22.975553 -65.768336
6.682994 13.328850 42.802968 8.057982 57.187332 39.457583 82.353527
6.670845 12.856982 42.700797 8.842548 175.669365 53.598450 -119.996399
6.731499 13.214616 42.860985 11.497694 145.006473 21.227006 66.652290
6.225388 13.180119 42.810569 6.820782 155.541786 25.470753 80.198961
6.621046 13.095901 43.016442 6.647971 155.424527 55.009672 -48.253915
6.582553 13.214973 43.055157 8.389654 138.436282 32.765712 69.068051
6.834945 13.084871 42.664870 9.139929 109.272161 36.506223 60.401920
6.156069 13.133569 42.727163 16.839202 57.855584 67.935486 31.896984
6.314290 12.988517 42.779445 3.012877 161.884913 47.879773 -126.963411
6.616574 13.150343 42.689785 14.032828 138.369311 28.925302 62.621037
6.262941 13.043302 42.831312 5.103871 17.527908 82.172259 28.639853
6.209025 12.990186 42.780940 7.562364 341.894254 31.908273 -72.821519
6.385198 13.182031 42.992932 6.460884 50.607374 78.460090 113.024541
6.326906 13.035228 42.795709 9.120891 165.547443 53.666983 -118.964375
6.206022 12.975689 42.848189 15.868995 356.721345 27.920537 -72.464746
6.590553 13.056087 42.747162 20.052987 93.343977 37.383629 -84.610736
6.258308 13.131529 42.818807 11.292959 156.442664 44.136853 -106.214894
5.927259 13.170754 42.861241 12.414181 102.208277 49.507534 -116.149214
6.645639 13.281059 42.691780 16.979635 230.990996 60.505915 10.612194
6.160808 13.058637 42.820975 9.890020 120.205974 44.592141 -133.642165
6.090306 13.159366 42.828355 11.418046 136.842015 38.816636 62.392692
6.753943 13.312744 42.928792 8.288520 25.587801 87.076770 -150.569284
6.350824 13.168140 42.756045 13.320989 161.686364 39.930777 101.058716
6.143317 13.013763 42.829355 14.321861 151.655895 50.531646 -106.425712
6.411937 13.314910 42.701951 11.212937 290.588231 53.695904 -97.228221
6.761422 13.236318 42.999151 7.397525 174.141164 30.939393 111.050148
6.308737 13.022302 42.760079 8.438251 124.035614 69.334673 137.270275
6.770586 13.353415 42.904324 11.441168 150.294329 44.609469 -75.506501
6.859859 13.101537 42.659933 6.716192 30.110544 59.649077 -29.946609
6.058796 13.285381 42.744499 14.376176 332.573868 50.060780 -16.833804
6.854003 12.871684 42.830306 12.006646 147.374047 25.664914 -78.126847
6.575536 13.153555 42.718482 16.063371 139.042717 23.381359 48.596014
6.360844 13.021910 42.709679 11.296827 159.278933 57.878226 -129.335671
6.568122 13.180760 42.692870 9.054561 167.715341 55.872862 -72.271688
6.967721 12.528281 42.734723 13.042096 27.906598 15.482289 110.838634
6.543700 13.016615 42.764618 14.304093 349.909225 39.374083 -91.984009
6.620264 13.338082 43.060945 10.182265 276.840238 74.728625 -20.293318
6.792238 12.930069 42.680591 5.753115 67.028459 87.087156 -4.957491
6.318422 13.043657 42.924167 9.908258 170.291000 50.240512 -14.375624
6.454070 13.042861 42.766576 7.318661 81.876537 82.317218 -138.008541
6.637907 12.748980 42.477364 7.281170 43.033602 43.928310 -106.248664
6.326992 12.995794 42.761246 10.074078 177.618402 45.228962 -123.373176
6.301183 13.001934 42.903318 7.589250 160.929440 42.431181 -69.437268
6.416637 13.330460 42.934699 14.243169 164.134602 32.572579 106.137338
6.915650 13.691856 42.872944 8.433342 87.174776 86.304804 149.676137
6.906213 13.485331 42.711744 13.278634 126.703303 74.809492 -126.206031
6.529613 13.033158 42.807865 8.163103 156.993454 46.516449 -104.892028
6.872345 12.942346 43.082228 5.049593 151.483651 27.073276 123.199698
6.043870 13.032856 42.929869 10.153502 167.961955 55.851779 -98.918461
6.162516 12.909297 42.801626 9.086179 48.544940 66.086360 43.197512
6.551036 13.408306 42.879136 8.828960 166.534136 36.934480 114.971444
6.861298 13.330402 42.539560 5.992540 147.211934 51.854195 -78.021158
6.674402 12.768734 42.706115 3.561471 337.633618 38.238778 -107.371666
6.151338 13.160383 42.801921 10.190479 65.787128 62.489097 -158.711537
6.992087 13.200272 42.689664 8.571306 149.352430 74.848736 64.871968
6.324823 13.253164 42.586924 5.541956 285.160125 39.744631 -93.931858
6.645163 13.113582 42.920223 9.427755 114.918481 52.925819 -70.898900
6.051299 12.945317 42.831449 14.430514 131.687407 31.581458 134.678892
6.823145 13.384759 42.673667 17.151154 220.713933 21.003639 61.729366
6.418284 13.050860 42.748461 2.651257 357.947290 24.766133 -15.869304
6.580227 12.834605 43.046162 10.218068 169.271065 13.594298 -74.770372
6.590469 12.898161 43.149598 13.539091 172.681670 34.761575 108.604854
6.690572 13.113263 43.031472 5.693326 309.628005 65.514269 80.984222
6.656402 13.331607 42.941959 5.524400 311.264372 49.356007 59.308068
6.395177 12.843850 42.734190 6.843405 179.422377 55.241259 -121.423593
6.755645 13.267733 43.085349 5.091150 248.121803 34.972040 -146.633034
6.490763 13.076481 43.018220 6.035121 248.346768 59.807523 -93.250342
6.593820 13.073662 43.027260 12.049974 139.854342 54.146455 -111.414440
6.628451 12.674461 42.975826 4.030876 325.726799 29.271727 -103.200199
6.387963 13.217400 42.873352 6.451486 258.037041 50.505907 114.303691
6.238774 13.118768 42.855228 17.023196 236.148806 70.106671 -124.634796
6.382248 13.144749 42.846616 6.658106 110.099096 50.826104 112.613699
6.228561 13.143546 42.806290 16.567199 139.588829 21.085016 133.997015
6.323089 13.013917 42.933012 11.899196 132.661296 32.505549 -28.759699
6.623567 13.587134 42.922844 7.948367 308.933735 44.371040 125.829976
6.277796 13.242524 42.855958 7.478261 238.103170 47.165139 112.311547
6.441747 13.389514 42.778240 13.100869 145.658347 26.941917 -102.697074
6.998665 12.726460 42.539459 11.034168 56.640349 30.765220 -81.911464
7.022277 13.215615 42.732376 7.809497 285.582762 30.682262 -102.375540
6.286395 13.412032 42.670702 5.417428 160.918130 42.142266 -89.171209
6.124799 13.044853 42.839298 12.259821 294.184121 24.560651 120.487890
6.570238 12.764465 42.789297 15.455174 130.207432 65.310253 -97.571030
6.929212 13.298776 42.992147 18.110348 155.821467 26.009675 58.001164
6.288451 13.084671 42.773768 10.582317 357.052513 34.304066 -78.245801
6.382940 13.281270 42.845559 8.058270 147.405200 38.245172 53.943463
6.768364 13.070952 43.162197 12.592823 145.120984 21.156122 62.644979
6.897310 13.330935 42.880025 22.332665 167.645414 37.889904 62.501446
6.641764 13.347357 42.730486 5.897792 105.484262 36.560966 -54.855395
6.212714 13.140964 42.806684 13.426905 178.695673 45.888834 -110.272139
6.466238 12.695820 42.926336 4.074634 353.093178 72.019116 -85.493738
6.579779 13.099858 42.753063 6.441852 159.605752 64.306290 -81.169945
6.163409 13.095741 42.918533 13.833008 166.830630 58.541270 -123.663751
6.294163 12.914906 42.955427 10.895587 139.741099 27.228945 72.473312
6.588209 13.090166 43.052431 7.097250 176.401698 41.061317 -116.823788
6.465122 13.022775 42.811862 23.069650 331.971922 51.343819 -64.346054
6.269149 13.127755 42.864921 12.699227 159.883888 20.929250 100.826993
6.262478 12.923901 42.767715 11.685305 342.010637 26.990080 -86.002577
6.402660 13.302846 42.752128 13.959341 142.910569 52.496409 -118.233831
6.438466 12.937829 42.659728 6.471310 355.436315 57.313284 -107.315083
6.504285 13.246584 42.658882 7.672526 358.506936 45.885185 -100.470108
6.217200 13.140103 42.873270 8.855820 113.229985 21.331278 -62.443124
6.340936 13.124839 42.890937 5.242103 335.594080 51.753644 -106.072993
6.699967 13.044050 42.752287 10.438126 27.332033 49.808918 54.001415
6.462563 12.916332 42.941340 6.593856 158.781429 21.377848 128.388374
6.682471 13.266497 42.485217 11.078427 309.072846 50.331057 -119.608063
6.162052 13.118904 42.756119 15.985264 137.743404 58.826363 -114.195515
5.669867 13.082970 42.873651 18.813477 138.914488 44.423123 -77.103588
7.000940 13.180737 43.234226 7.507468 266.076269 34.168482 56.603211
6.977260 13.063802 42.903372 21.347696 170.536869 76.914094 -121.273557
6.346324 12.954674 43.023561 8.977047 318.748670 14.579784 53.239916
6.323530 13.199959 42.916009 10.999141 164.122733 33.147805 105.898499
6.426648 13.180129 42.816643 10.396537 179.107984 30.303063 103.872296
6.507709 12.900838 42.977214 10.282671 145.819011 48.521481 -119.986197
6.521254 13.100161 42.805599 27.327311 319.100512 22.355807 -75.107351
6.542680 12.990829 42.817766 12.741066 141.734568 85.947663 -170.777585
7.173740 13.020964 42.976509 11.337150 154.271846 40.309803 -98.393072
6.491128 12.760817 42.835363 7.670686 320.247404 21.175322 -64.124287
6.089371 13.132089 42.883553 15.329207 170.644827 51.555007 -99.155043
6.309774 12.921630 42.827866 21.807063 159.288204 58.837619 -47.920375
6.383710 13.105680 42.809301 16.939203 355.471178 46.474166 -69.109485
5.843361 13.048688 42.860081 11.232377 178.503139 45.525453 -50.652892
6.276105 12.961134 42.921947 14.768887 159.576624 55.390596 -92.099751
6.402497 13.045646 42.694802 7.432981 354.664835 22.226792 -123.183027
6.582047 13.111821 42.717766 11.539524 308.449918 68.751235 -58.915571
6.544612 13.074758 42.722086 12.237071 156.101066 49.465751 -72.759275
6.386212 13.191214 42.772179 12.265121 179.161190 56.606676 -134.553085
6.184387 13.086470 42.931404 18.673708 174.898106 43.830255 -45.517008
6.195185 13.034995 42.809161 9.925092 293.470046 20.844522 -75.484325
6.371346 13.021422 42.859488 3.957993 344.097664 30.410590 -103.426706
6.506388 13.310799 42.575300 5.573950 284.735993 24.207774 -64.126458
6.792096 13.017966 42.971328 15.403210 206.152109 68.705859 -104.755032
6.508798 13.386182 42.942176 9.830583 138.600026 36.717426 102.361738
6.369782 13.430672 42.815813 17.936565 103.414561 40.215134 -178.815926
6.203309 13.246050 42.871465 8.014887 106.395711 86.316434 157.626550
6.032457 13.053743 42.897184 10.880166 329.661661 49.510485 -61.403028
7.146096 13.000284 42.950775 18.226883 126.452599 55.830543 -45.179345
7.100318 13.276277 42.987065 12.394632 118.015510 25.076154 79.473796
6.513423 13.128032 42.558070 6.424311 169.110320 49.561274 -50.532835
6.085793 13.034524 42.926927 3.564607 156.649314 22.280028 97.024198
6.641657 13.099618 42.848425 18.339000 112.254227 65.738728 -76.414244
6.375563 13.207761 42.800035 20.080732 304.303343 54.800934 -89.954426
6.100452 13.245199 42.933551 11.672163 224.624004 20.076324 -61.294043
6.464279 12.880439 42.929576 12.088519 203.095696 41.764502 -62.740775
6.581891 12.822866 42.809611 11.769030 300.380676 50.975174 -130.479750
6.320633 13.049832 42.845880 8.337900 330.275062 38.091727 -121.645001
6.348888 13.069041 42.704435 11.120771 136.951504 58.105932 -97.544132
6.514001 12.976884 42.865830 11.274390 261.702944 70.919144 -6.699234
6.435399 13.075392 42.662145 9.875659 328.683201 24.218403 -83.774586
6.773624 13.338309 42.913804 15.806844 331.072245 51.782190 54.970029
6.983554 13.188594 42.611325 9.492083 260.215076 56.027343 66.130063
6.378570 13.146860 42.854995 11.366693 135.340936 50.977923 -103.685334
6.942315 12.981788 42.567052 21.850508 148.114932 85.015779 148.077027
7.030065 12.644171 42.834080 15.557389 323.074842 35.620199 -130.041071
6.954500 13.207027 42.715762 16.208319 136.096143 30.926856 -96.289711
6.462485 13.114032 42.916476 13.185483 150.026818 43.665273 90.357821
6.586582 12.987159 43.040319 9.704539 246.464458 16.159641 -59.109482
6.551994 13.249857 43.048782 13.558760 145.111994 28.289575 118.909923
6.614312 12.868040 42.921467 7.708920 31.760063 89.883749 -3.946481
6.439576 12.966032 42.884723 15.048824 315.292805 21.864864 -96.599686
6.116215 13.118895 42.900236 16.694321 320.827505 50.553416 49.219142
6.978579 13.013316 42.800164 10.313263 165.942745 23.573613 -69.889164
6.961572 12.592436 43.210647 11.195221 164.148738 49.111418 -48.890498
6.786326 13.334437 42.954930 20.536483 189.426670 54.713086 -144.112740
6.072053 13.001355 42.868017 2.716386 19.714513 46.092246 -96.746131
6.934870 13.386828 42.490870 11.784751 97.273789 46.929783 36.839710
6.069637 13.094798 42.779711 8.926656 137.384687 43.383092 -82.272302
6.851030 13.071035 42.695857 7.515442 149.637093 51.484505 -134.942051
6.218091 12.983123 42.640150 6.886118 114.300399 50.457036 160.063166
6.696292 13.254904 42.839705 8.118708 352.447736 69.172073 -114.259501
6.994097 12.544220 42.507781 6.865134 18.598132 77.635808 -10.046729
6.436297 13.005254 42.802675 16.125403 268.289088 39.990624 -4.388730
6.959519 13.276232 42.785131 15.063638 137.264719 24.781241 -62.974086
6.820696 12.793668 42.766020 15.280546 340.819713 38.518285 -128.205804
7.176011 12.360639 42.670112 17.597676 235.952484 21.669135 -1.186262
5.842754 13.197256 42.952695 7.770825 134.282513 88.590177 -138.214702
6.527856 13.356699 42.859271 11.084522 59.377173 51.891946 90.273565
6.512541 13.331931 42.583704 7.906543 303.310502 30.208323 150.990710
6.637479 13.092731 42.893700 13.258929 4.708879 42.332232 -81.865857
6.163908 13.210422 42.760917 16.535367 101.887837 40.024094 -60.931686
6.099750 13.214090 42.870902 15.677110 190.871918 43.437280 129.993527
6.834007 13.090160 43.011182 12.258210 171.449715 44.293350 -110.614057
6.326694 13.043995 42.814489 5.426680 148.463778 59.912083 -125.977733
6.139863 13.168481 42.893769 3.978013 238.265281 40.458930 88.045017
6.301869 13.264923 42.869910 8.845397 275.512558 58.847226 -63.535879
6.546968 13.036098 42.825721 3.778528 150.937089 51.560679 -49.328625
6.836449 13.540420 43.089097 12.637758 160.083539 41.313408 84.841331
6.731261 13.053011 42.978123 5.604929 170.796182 49.691279 -125.727153
6.691679 13.059401 42.832264 22.830581 54.415553 49.790058 -89.697016
6.468839 13.192478 42.857001 7.054431 35.536933 32.939237 -107.969533
6.218178 13.084771 42.840583 13.231217 142.015718 51.349586 -90.211509
5.905360 13.139053 42.807133 9.070603 144.455402 38.633015 124.418829
6.563824 13.323874 42.773126 4.644270 89.911563 84.900635 -1.374547
6.297225 13.081640 42.909487 11.337728 148.782622 25.945262 75.325356
6.132036 13.122811 42.841467 12.669181 325.156801 57.096428 -105.177328
6.291265 12.953064 42.866948 4.372576 264.509253 34.354459 -63.096197
6.559299 12.936387 42.868166 11.676960 135.133757 53.166815 -77.517208
6.944706 13.910989 42.629665 15.757644 159.281980 55.643339 134.359579
6.684334 12.835772 43.143370 11.397024 137.709166 41.448714 -111.625240
6.102535 13.027930 42.751941 8.178598 159.960031 50.855197 -50.883536
6.414261 12.908814 42.819075 13.650115 159.312416 55.916575 -104.763100
6.592923 13.219485 42.787277 20.398057 125.314931 44.942607 -99.186036
6.377139 13.258232 42.718175 12.240489 167.881518 39.911186 45.658519
6.424957 12.938039 42.764260 14.873547 63.050649 86.265100 -161.059799
6.550539 13.567381 42.753866 5.644547 71.499165 55.797574 112.704496
6.292357 13.173361 42.902970 13.442272 129.755655 82.134286 136.392590
6.644347 13.034230 42.689536 13.769368 105.093233 51.215611 169.698536
6.181601 13.130388 42.899360 17.117726 146.789911 42.446508 -84.737600
6.605796 13.242050 42.962747 6.087609 0.620131 89.592779 17.373285
6.078274 13.155644 42.876637 12.428057 244.600248 36.767666 154.436942
6.640532 13.649616 42.765330 14.973251 139.294885 31.221213 134.789099
6.528516 12.882603 42.935519 13.029545 68.185420 11.993108 105.342298
6.372857 13.302785 42.846361 13.801824 334.192808 47.217130 -119.536563
6.512478 13.193523 42.698249 15.201728 158.345986 29.578630 129.356108
6.915597 13.008383 42.850925 7.283446 151.041836 69.093041 53.853580
6.367761 13.303260 42.694131 5.095823 75.451838 66.786030 -53.907159
6.562272 12.776491 42.918111 22.512273 151.092454 49.837512 -73.850690
6.156719 13.103336 42.823157 11.141796 276.696155 77.599212 -78.057085
6.287912 13.184712 42.918464 20.086416 86.510073 45.918256 108.624543
7.428045 12.698338 42.377366 19.203094 97.435030 36.340434 114.821609
6.415513 13.106960 42.794671 9.778974 140.953171 41.558703 -72.884430
6.128931 13.191719 42.814559 8.371963 248.027773 49.697698 -133.644537
6.024011 13.142994 42.784046 12.725101 154.606184 43.063565 -134.079107
6.223584 12.921385 42.838421 8.403310 148.157680 71.633827 -147.041454
6.661423 13.301800 42.790399 10.214676 275.634014 59.521920 -168.267190
5.888388 12.964376 42.835696 12.129048 37.622448 88.517718 25.448980
5.877498 13.050873 42.877872 11.223839 334.305165 36.325372 -120.129114
6.814374 12.989499 42.767944 11.189302 341.046702 38.039704 -107.535851
7.109547 12.791960 42.650109 15.221952 320.176265 20.457552 -126.401461
6.809466 13.040519 42.782437 17.404200 172.011205 54.034310 -45.734097
6.418585 13.025350 43.009147 10.887693 135.283229 88.866513 -12.713414
6.504554 13.083429 42.973709 16.649034 170.680761 23.526936 107.864171
7.001997 12.549106 42.713044 6.216065 317.068909 30.111007 -77.344805
6.240648 13.060271 42.840082 7.856465 127.301613 42.968661 126.386309
6.122607 13.089012 42.838195 7.801885 316.831732 52.192516 -116.344496
6.747234 13.193160 42.641031 4.838746 156.666831 59.239570 -81.001345
6.528802 13.304670 42.853386 12.622779 38.274432 21.951311 91.343467
6.433805 13.270295 42.764722 15.052258 325.363393 50.747609 -133.265389
6.721730 13.073541 42.764994 14.202667 244.861543 60.140224 177.317475
6.558302 13.182446 42.884278 15.895909 52.132786 79.180135 15.308451
6.352324 12.931197 42.819956 6.912058 148.427378 36.078654 -107.357786
6.632875 13.086109 42.618263 12.800910 174.498337 42.352633 -50.772057
6.438437 12.808340 42.835250 12.606392 340.720944 39.456604 -84.158411
6.387800 13.226346 42.789833 15.394395 177.516270 41.348126 -106.316875
6.203594 13.204162 42.924048 14.794557 75.621015 77.530791 -132.988692
6.690496 13.134687 42.728047 11.047662 140.364954 36.561986 -67.346568
6.391975 13.090984 42.887462 9.309107 160.424768 86.083172 176.359005
6.549078 13.170606 42.756540 3.145817 142.836638 26.609586 58.146037
6.320703 13.200436 42.791880 10.596679 177.109250 36.899238 91.461652
6.825972 13.204084 42.962740 17.568032 151.234229 36.651458 46.752318
6.432383 13.187623 42.882054 10.285314 162.780709 44.207664 -109.709457
7.273768 13.701367 42.784793 21.908074 176.984766 23.259823 54.607516
6.852856 13.157330 43.047659 8.237479 107.867979 19.771384 178.842436
6.457105 13.009548 42.711588 6.527035 94.632766 56.665419 122.209430
6.674867 13.384829 42.613130 5.398735 79.600760 46.277713 88.400256
6.143215 13.183890 42.791684 6.702051 345.929385 52.740846 139.466658
6.454609 12.806700 42.821682 17.305714 154.027384 52.286903 -102.658470
6.723335 12.960701 42.656742 9.133741 28.194648 83.045090 -139.606817
6.716214 13.164663 42.661382 9.899911 325.617362 50.475750 -127.475030
6.811082 13.101790 42.756816 15.649317 316.704159 37.146026 -80.762202
7.260361 13.368672 42.843970 20.130613 89.664148 46.362975 -118.654704
6.574653 13.103087 42.897880 12.319355 250.634696 39.193813 52.652268
6.274067 12.910851 42.925547 8.047312 151.844407 58.463521 -94.246443
6.092992 13.118916 42.840331 6.020451 165.467274 48.123575 -57.862214
6.591670 13.062487 42.998208 4.574530 310.413327 73.159055 -124.235709
7.022188 12.913926 42.686310 8.097908 328.911131 65.536897 -104.660115
6.224421 13.061561 42.715058 14.194743 172.793449 43.541684 -50.015886
5.980660 13.044093 42.775138 11.615448 327.203627 22.264586 -49.524919
6.635098 13.134805 42.827218 15.608556 131.198948 53.700298 -132.199562
6.216567 13.106203 42.744179 3.637045 121.869461 80.057140 24.649488
6.769381 12.954323 43.009704 7.162631 45.619046 87.818917 -136.123455
6.554172 12.953673 42.568678 6.399906 341.550286 37.268804 -116.006860
6.741387 13.361133 42.792564 16.859244 216.148041 74.939965 136.715278
6.706906 12.783882 43.020210 13.105660 315.967958 36.346555 -72.887941
6.976856 13.053972 42.949228 13.570987 179.706125 48.949889 -63.656940
6.563835 12.994697 42.895993 10.813675 154.126378 62.722960 -177.378720
6.366290 12.970450 42.835227 8.976626 152.990195 43.240194 -48.347467
6.139370 12.995691 42.786105 15.405944 105.782694 75.519460 -38.932249
6.439644 13.165695 42.829172 9.943179 155.762936 25.556097 -114.152672
6.816828 12.565969 42.614726 4.387293 206.140007 44.416608 48.666863
6.460051 13.233492 42.820084 17.210473 149.410948 29.616200 111.558656
6.398964 13.219254 42.849922 16.354550 304.479340 23.491667 -72.726150
6.846683 13.221770 42.857209 16.408046 160.900191 28.054849 78.609410
6.707208 12.986603 42.652715 9.258742 319.460750 28.419640 -112.186094
6.269766 13.063434 42.808276 24.787461 174.933418 55.718181 -101.347529
7.009955 13.404122 42.739503 12.177869 45.685104 42.483011 133.733973
6.214139 13.099355 42.896984 8.516139 88.817446 39.382893 -0.016860
6.094614 13.056088 42.832890 12.294344 56.847476 87.110969 44.164067
7.072450 13.089839 42.713468 22.748328 330.227386 44.350080 -73.224701
6.172576 13.071861 42.929303 11.814326 139.601317 20.371741 77.633215
6.441981 13.132120 42.762798 9.978252 341.472648 62.848812 -75.922353
6.330378 13.205818 42.744754 14.490851 168.940384 58.405621 -47.460853
6.604838 13.464515 42.999991 6.677020 2.568972 26.157958 -172.917118
6.227484 13.231015 42.960200 12.059891 159.641606 37.288264 53.813816
6.044609 13.182338 42.808021 16.184982 136.983305 37.353502 104.632829
6.632226 13.172129 42.722504 10.806344 151.464503 29.018512 122.902589
6.714156 13.281070 42.877556 5.946171 335.991217 50.014851 -47.742795
6.332674 13.024480 42.818044 18.295726 338.182442 35.968992 -74.660388
6.464773 13.298601 42.633012 15.573689 179.113708 50.728672 -72.366450
6.248635 13.129212 42.743239 8.938365 287.670979 29.356263 -179.683575
6.881824 13.101045 42.766680 5.889433 336.439701 28.913113 -129.052561
6.222169 12.961465 42.897484 10.268251 350.017201 76.138692 -95.635127
6.714080 13.245225 42.829143 12.155696 153.359953 35.416352 114.468186
6.595044 13.093310 42.943685 16.055692 247.560224 64.592774 33.409536
6.517248 12.857384 43.086766 15.516040 301.069443 58.986485 -97.365898
6.898601 12.970696 42.975852 19.410218 332.291537 67.908691 105.660175
6.279502 13.130630 42.775840 15.461126 151.073698 43.592703 -129.686064
6.480404 13.025867 42.770865 10.347997 334.229367 18.495807 138.064417
6.914421 13.008500 42.873723 24.854661 232.865113 59.432635 38.994954
6.027801 13.106912 42.835947 18.829414 317.196691 34.840037 -112.486566
6.270786 13.110222 42.957191 14.921148 328.521550 57.000561 101.582770
6.127503 13.111579 42.747667 12.517456 62.878054 86.231838 155.835637
5.715550 13.074197 42.777780 15.145299 359.130209 20.289384 -86.840071
6.573158 13.115319 42.910129 3.235258 318.782035 34.752759 -45.028855
6.933716 12.825815 42.941343 7.103432 127.230702 26.802547 140.058337
6.622658 13.170148 42.810013 14.029753 148.291862 86.066554 106.309375
6.500450 13.220562 43.010828 15.176682 164.444324 34.322674 130.357264
6.720983 12.945188 42.684458 11.396037 307.123748 49.937797 -120.410647
6.181170 13.040625 42.899932 11.621215 163.110667 21.300530 101.946549
6.824568 13.299860 42.781953 14.198024 33.939350 59.301089 12.794497
6.603353 12.964039 42.759927 10.404742 150.800827 58.287182 -113.978533
6.282080 12.840773 42.926532 15.206649 163.659896 29.892041 68.329066
6.862554 13.139731 42.869992 9.913725 216.324826 37.955169 -46.037503
6.511723 13.343773 42.767357 12.616947 173.921831 33.951107 62.693058
5.968894 13.172157 42.903270 9.519959 143.234215 29.379147 110.590462
6.546790 13.170559 43.087432 3.398213 167.145415 24.489255 114.753061
6.594764 13.550892 42.802049 12.333881 73.462869 63.326875 -177.722022
6.628276 12.967492 42.979410 13.035923 151.336455 38.877457 46.496477
6.827071 13.350283 42.856163 11.566061 169.005800 27.694724 93.934402
6.436068 13.326269 42.885743 12.636909 5.092151 84.267162 -43.157880
6.521501 12.892429 42.942227 10.238560 356.201795 48.331909 -73.878896
6.605867 13.244212 42.908681 3.291258 139.666825 24.230000 80.480839
6.311514 13.159477 42.801387 13.455618 137.570515 22.833260 98.202244
6.427556 13.097375 42.923098 13.907430 326.815945 74.952156 -129.378493
6.306620 12.961080 42.920152 2.489036 157.665687 33.612421 129.857026
6.563891 13.269817 42.785748 7.552808 7.050028 77.954260 157.256167
7.071933 13.241789 43.182906 9.969157 179.020818 40.241915 -66.499251
6.522130 13.408217 42.689818 13.222149 315.142140 56.619859 -80.928824
6.593266 13.260806 42.505206 5.127313 166.823831 48.957497 -102.871885
6.639307 12.957002 42.841303 7.483968 321.414773 47.911636 5.674963
6.533137 13.029131 42.731391 10.694535 103.874574 64.536713 -88.730480
6.189891 12.919106 42.668596 16.198200 148.036504 40.452717 -101.781647
6.523258 13.055805 42.974964 13.589517 165.176460 49.970400 -126.906342
6.788426 13.482989 42.898851 21.489211 295.151727 41.234327 121.082453
6.197609 13.123044 42.770990 6.314504 237.722261 59.222982 -143.150120
6.951480 12.531980 43.085206 22.639875 326.291333 38.186547 -118.466732
6.491187 13.192253 42.910528 13.395065 143.250273 31.502240 101.520821
6.457617 13.028351 43.034426 10.921823 311.800089 64.691073 142.804936
6.229241 13.139237 42.828232 13.941987 24.625235 86.686189 -177.088221
5.994066 13.143092 42.838440 5.546511 156.244196 22.032283 64.605730
6.916629 13.455795 42.690370 11.518280 36.785911 57.569348 103.682215
6.831797 13.210049 42.664943 6.247733 35.954622 89.460717 29.011248
6.424732 12.903823 42.736508 14.477622 148.790660 51.543192 -93.673118
6.846280 13.161517 42.975017 8.527248 245.588906 20.673922 1.437859
6.406557 13.232547 42.786930 4.161410 145.341933 35.660738 116.464576
6.301373 13.154819 42.806743 5.845183 22.154653 81.426725 135.798286
6.923531 13.264056 42.867677 6.435359 179.235009 37.845166 92.231952
6.509447 12.865611 42.926784 4.605940 287.138308 14.632802 30.266946
6.344469 13.050643 42.952323 14.167012 173.926574 21.634275 116.066905
6.729154 13.160311 43.063137 9.586354 136.415024 38.715552 133.250491
6.448834 13.282357 42.773638 13.939539 174.694004 51.969357 -48.973215
6.620394 13.001958 42.857537 15.967520 317.838945 40.253952 -113.935945
6.327417 13.181449 42.904185 12.085711 50.246736 51.710908 64.366878
6.466409 13.015511 42.758484 9.716708 208.679522 45.113379 -6.722525
6.293101 12.984799 42.789109 5.275227 150.207263 59.152509 -60.585596
6.162518 13.295914 42.812100 13.578063 138.122076 25.218886 75.709533
6.140618 12.974244 42.829087 8.050302 124.202416 59.027324 -143.161941
6.300876 13.186405 42.797717 11.958624 176.890183 49.591378 92.170273
6.252953 13.066906 43.038879 14.718948 16.586300 81.029679 160.626135
5.708716 13.113763 42.746359 8.007006 300.188441 20.479371 -158.384164
6.349984 13.361105 42.852915 7.839396 173.274195 29.002618 112.280413
6.004634 12.833887 42.764506 6.253086 149.807138 56.139752 -128.425722
6.973460 13.127589 42.797428 10.548598 149.796067 52.500201 -84.595383
7.110105 13.087837 42.727693 6.138575 140.544163 49.242251 -63.197159
6.733971 13.208955 42.809828 12.867536 175.471274 55.828344 -94.527861
6.545817 12.998648 42.990042 8.571722 135.390673 29.510105 130.906330
6.799294 13.239695 42.774610 13.514552 39.749942 85.757241 21.732949
6.233897 12.975636 42.851312 8.369406 145.720570 21.980288 -94.918042
6.399012 12.976478 42.679225 10.910473 78.876045 88.416659 15.418681
6.994604 12.969414 43.179730 16.373165 144.663633 20.029246 82.829779
6.622277 13.299543 42.803158 4.929667 307.439799 22.391048 -48.469417
6.763091 12.996741 42.731242 14.280781 313.980343 17.272504 -146.925350
6.340292 12.817483 42.849857 11.018811 92.692763 69.271096 169.926003
6.957465 12.970161 42.926184 21.699686 180.792859 34.521751 -108.219164
6.693424 12.886193 42.689685 14.370349 329.545163 33.982617 -130.442036
6.684646 12.816926 42.816468 7.981254 168.839602 59.190100 -85.441504
6.822543 13.150933 42.778701 5.819145 79.456810 77.921461 -172.732623
5.996177 13.017310 42.766071 6.739196 110.069128 66.652596 -69.279294
6.652237 13.302198 42.976882 16.031781 185.587301 61.575776 96.603708
6.599120 13.201937 42.807420 12.438259 260.622364 59.827596 114.670325
5.807117 13.132122 42.797019 9.224188 312.160694 13.815569 -122.890552
6.094124 13.090025 42.818040 14.231419 174.094865 57.019109 -101.202616
6.583970 13.185712 42.772657 12.068840 230.556799 41.485541 51.793070
6.526802 13.170481 43.001085 22.412710 172.558613 35.539959 78.360049
6.581227 13.235157 42.914067 12.370125 24.219137 69.325542 -34.493974
6.719381 13.140375 42.721414 7.037035 75.135858 34.896367 88.568463
6.817192 13.408535 42.880684 19.814640 164.138994 36.907311 126.803867
6.612174 13.044270 42.882669 13.534193 164.330470 43.103606 -62.923310
6.776544 13.398981 42.851894 6.352874 340.316285 47.771831 -52.833569
6.720597 13.287714 42.762280 11.998324 250.750590 22.951969 113.787846
6.158224 13.089149 42.835999 16.001762 172.201733 66.816944 -116.445801
6.529644 13.256657 43.028378 14.619456 163.168796 87.859548 110.387631
6.438706 13.194501 42.796224 10.086204 172.816181 54.806578 -103.509534
6.623086 13.278085 42.869218 20.031918 263.095110 47.500612 -41.668382
5.975929 13.017212 42.842659 11.414715 346.540380 25.168022 -88.765567
6.273059 13.032153 42.815363 10.598518 343.615235 34.259301 -129.315391
6.681331 13.124860 42.875697 6.758310 154.806619 89.998673 -20.580944
5.827784 13.158857 42.882967 10.326297 345.957824 78.413467 -55.593188
6.473780 13.228066 42.667335 6.899236 326.579645 48.640826 -133.010767
6.352713 12.848333 42.851186 13.664001 145.376281 51.999427 -77.817636
6.723333 13.088910 42.857857 8.465183 135.718175 50.797430 -67.258529
6.797987 13.425977 42.787950 9.634013 347.376724 58.921880 -52.954184
6.937655 13.138607 42.517524 6.129201 95.135520 65.726442 -164.452747
6.922847 13.596751 42.794279 17.403862 174.189674 20.341330 -36.827553
6.641091 13.140821 42.880057 17.614147 125.239526 45.559723 -130.260056
6.175412 13.292717 42.649270 11.507507 138.915405 57.641072 -100.024164
6.222764 13.276830 42.728822 6.608679 148.304511 22.227054 60.747174
6.290964 13.367786 42.797278 14.639118 311.407528 66.707136 22.566296
6.449653 13.095332 42.758768 3.302647 345.480991 24.670543 -91.306099
6.251073 13.190138 42.885571 4.406537 178.831690 49.866507 -47.785355
6.829392 13.132353 42.977394 7.337925 27.499847 85.502388 169.103363
6.630270 12.916972 42.883695 5.888236 316.099491 21.226953 -48.520544
5.976331 13.151145 42.817407 9.987524 117.939887 27.186221 -86.255453
6.594883 13.137074 42.636963 15.327548 145.336309 68.569807 -129.516613
6.814002 13.140299 42.530506 10.759326 16.547592 39.567639 51.758987
6.230964 12.830896 42.790718 3.022449 167.896567 40.385404 -134.554427
6.240302 13.093135 42.949748 12.200752 335.558699 75.806721 -131.580394
6.817860 13.445049 42.868864 5.643216 172.408525 71.308405 -25.897324
6.255351 13.079562 42.835008 9.421483 332.856779 44.078877 -63.977391
6.009691 12.896180 42.781280 8.194085 329.870780 21.282018 -103.661620
6.384095 12.960555 42.811832 10.015733 358.388646 36.136163 -65.249951
6.313483 12.935115 42.764602 15.570543 161.549158 49.198637 -121.289721
6.519372 13.116393 42.801110 13.267497 148.386468 27.973464 80.834042
6.368018 13.203483 42.701703 18.139336 133.963497 86.210890 -146.404352
6.359425 13.247459 42.723648 14.615767 100.950120 52.265278 -121.709624
6.449840 13.154306 42.904976 12.982653 166.679589 38.726614 84.527688
6.217771 13.098087 42.898607 13.083735 43.468642 89.737357 -15.911963
6.493212 13.239179 42.852759 10.336894 102.228366 88.784887 -164.148330
6.494399 13.121175 42.696894 11.537541 161.093312 29.183586 51.053161
6.118285 13.040757 42.856700 13.179429 316.339103 42.446210 -0.242635
6.487952 13.164922 42.849971 11.705740 165.254818 33.482019 92.723549
6.097508 13.076003 42.777020 12.947118 143.026668 53.726446 -119.244541
6.626236 12.726169 42.768699 10.569404 94.092094 43.051074 61.550732
5.843457 13.138313 42.843749 21.069305 165.232582 31.715111 55.478739
7.535524 12.865615 43.104351 20.056666 163.028813 49.651923 -81.094851
5.934804 13.289574 42.864434 6.066102 160.124543 22.922445 54.713920
6.545367 13.194198 42.721416 9.990690 308.056304 46.581606 -80.017211
6.278608 13.289603 42.775684 6.717556 149.156353 52.613644 -77.616354
6.638537 13.241754 42.788490 9.019424 137.955822 34.234235 93.258411
6.396629 12.960264 42.665526 14.255742 347.708419 27.210596 -126.408466
6.296163 12.997523 42.930390 12.277430 187.370783 35.676979 0.053295
6.530699 12.995327 42.991673 14.194240 127.233269 56.271035 -59.419771
6.725363 12.922496 42.857092 13.529848 79.196460 82.367817 -95.889094
6.321588 13.145358 42.785428 15.076336 179.000591 52.258089 -59.034626
6.727876 13.416775 42.900950 16.086933 26.236075 81.224850 16.547779
6.156517 13.186350 42.776457 16.275609 171.259543 28.077289 71.848005
6.411878 13.338196 42.878562 5.610330 175.077604 43.375872 -94.162813
6.165817 13.143016 42.763444 13.334244 165.061657 44.055900 -128.936224
6.311567 13.349696 42.989608 6.334483 135.392929 29.963150 109.174770
6.946287 13.520705 42.815736 12.492651 128.362711 82.340827 -179.549797
6.523159 12.925593 42.720291 13.983223 97.679012 89.486025 -19.662828
6.698934 13.085082 43.084307 4.026300 108.197516 45.740254 -97.984262
5.863333 13.158204 42.705890 10.215355 121.166351 35.677407 -131.258566
6.801164 13.082541 42.886876 17.886689 96.637244 43.138063 -131.735592
6.310565 13.009435 42.793114 12.416389 47.600175 73.207273 -72.869840
6.556985 13.366987 42.503765 12.066832 98.548414 54.236668 -130.222380
6.931946 13.411623 42.780362 11.840574 320.511799 73.358886 -89.126912
5.929478 13.013673 42.697910 15.593903 77.311530 66.063784 171.189426
6.510212 12.907346 42.815331 9.537952 215.374999 25.563964 -25.749529
6.034566 12.875777 42.896111 11.244809 136.861182 29.479643 100.809875
6.333042 13.042979 42.959906 7.496920 350.058862 42.165389 -117.719522
7.426181 13.053092 42.737905 10.600122 355.827711 79.570810 -111.372734
6.817373 12.800210 42.878424 10.661632 160.301229 46.305839 -99.610826
6.278749 13.239635 42.831842 12.144864 167.760576 55.242590 -82.589676
6.536041 13.008018 42.782532 18.456452 93.489153 57.481798 -83.482560
6.229889 13.014774 42.968664 14.766925 306.211420 48.469906 75.059042
6.436981 12.878848 42.868039 10.615240 317.099227 37.711498 -126.842364
6.344457 13.031273 42.906688 13.544382 135.447855 25.428000 -55.574615
6.265833 13.236782 42.800000 9.057868 350.753951 31.781552 -82.545540
6.135678 13.164602 42.769028 7.064277 92.030891 84.990859 164.991143
6.298318 13.174266 42.756966 7.911979 163.357369 57.423730 -95.503692
6.104187 13.123308 42.777717 10.272716 156.162284 79.915301 175.180263
6.072214 13.258077 42.956063 15.275790 177.542862 30.114483 90.106646
6.018355 13.204899 42.910827 5.814401 170.808409 37.301098 99.784451
6.282713 13.143565 42.803183 10.529121 174.283568 40.294241 -97.424989
6.290414 13.247323 42.823499 14.854977 147.455455 35.510924 96.877396
6.610563 13.494335 42.875119 11.648451 143.971383 20.920757 47.713689
6.708939 13.254668 42.895714 4.359784 92.171628 51.812985 49.663183
6.788988 13.293864 42.951391 10.728123 358.468466 34.054415 90.937247
6.530580 13.298062 42.632306 3.285643 157.336370 41.040668 -113.683541
6.445806 12.971452 42.859558 11.772393 192.948360 49.784820 104.306344
6.491192 13.092672 42.873776 6.700672 328.019773 39.823885 -86.267388
6.177413 13.164573 42.790114 3.098657 301.539105 64.869690 -87.914851
6.259111 13.076516 42.940621 6.264030 153.794122 85.841115 -41.162016
6.633523 12.815707 43.058875 4.036490 318.886210 34.187514 86.050955
6.398285 13.018226 42.805429 5.745788 136.152211 48.169343 -56.926170
7.284977 13.182779 43.330888 9.890403 177.257898 30.640511 56.489903
6.671420 13.068395 42.880749 15.293392 162.142523 54.573963 -92.102537
6.803910 13.055752 42.869868 12.033915 323.904483 24.631391 -123.871326
6.801376 13.227928 42.887691 6.831097 317.316754 33.642805 78.692217
6.381086 13.004100 42.861201 23.625143 166.264632 45.162002 -111.306454
6.557422 13.265181 42.696414 6.877617 164.152659 45.749125 -75.210444
6.162813 13.083697 42.867517 8.109124 318.104531 31.290461 -74.670267
7.009554 12.697490 42.740840 6.804058 185.416921 73.858917 64.300489
7.122501 12.853768 42.013248 5.063605 2.319889 36.194430 94.619422
6.646870 13.350523 42.911515 12.906998 183.925581 36.340102 95.793907
6.263734 13.021227 42.880634 9.822913 176.017337 35.648282 -79.400483
6.372410 13.161384 42.988853 4.471882 38.209924 56.049421 69.807635
6.391893 13.223057 42.752389 7.670885 333.062360 45.071617 -123.974411
6.514696 12.921310 42.764521 14.540404 67.566502 77.423732 -150.151630
6.771741 13.230300 42.658688 18.110488 199.151004 75.691803 -15.690010
6.630775 12.979039 42.744609 20.506351 354.864356 25.861617 -131.232991
7.144309 13.655665 42.667666 14.839231 309.018725 48.147689 107.014529
6.019432 12.924943 42.737610 7.167544 152.562374 79.011861 -72.665337
5.994026 13.240969 42.901173 11.114595 156.397775 22.131046 97.219807
6.276824 13.108865 42.669438 5.133589 224.285989 45.417419 83.494303
6.752349 13.092042 42.645312 15.825036 158.301327 46.319756 -118.548690
5.863531 13.170921 42.913558 7.210768 297.972867 54.864407 77.968863
6.547218 13.249586 42.678526 12.075494 178.751039 29.118580 51.133355
6.830431 12.904218 42.690522 9.575069 359.987670 40.518327 -121.355281
6.594644 13.081076 42.710783 14.830949 132.059178 34.406439 -132.774460
6.910463 13.336339 42.945107 3.699744 20.068844 26.720808 -79.977862
6.813449 13.072752 42.788331 8.397365 160.756005 39.854391 -63.940413
6.279083 13.081738 42.784984 14.128272 106.297473 48.107213 -113.282879
6.158371 13.206877 42.808706 19.713137 170.998531 44.796032 -105.131827
6.915168 12.821178 42.627217 5.856880 358.023670 31.332258 -68.040660
6.780743 13.075486 43.096844 14.400963 172.180628 48.098946 -129.534480
6.609090 12.903687 42.813773 14.295834 176.834658 49.511807 -102.767493
6.819527 13.019213 42.548170 13.695298 159.253867 58.952652 -67.189330
6.318002 13.009808 42.953028 6.410840 191.849951 26.420762 -59.803643
6.412270 13.130424 42.888608 19.622207 166.573771 28.456560 91.917827
6.504076 13.105500 42.901876 6.419652 343.361858 51.634646 -122.161315
5.980646 13.133159 42.823257 4.574523 161.714069 52.803769 -62.673746
6.325325 13.214539 42.743365 3.283451 346.893286 55.216374 -168.867850
6.157257 12.978520 42.883956 8.898435 344.582228 69.136567 -36.621633
6.324312 12.957309 42.735799 8.278009 163.861339 50.592404 -91.015573
6.197668 13.006634 42.912558 14.215081 333.311466 64.026781 25.446481
6.820091 12.819914 43.105140 5.342579 171.859192 42.244208 -80.779432
6.084520 13.135758 42.784502 5.393488 91.158590 87.628610 -150.943368
6.135693 13.127558 42.847855 3.562444 136.308613 54.060029 -133.431366
6.368216 12.911603 42.896510 10.333275 170.264796 31.021249 107.731476
6.451435 13.226508 42.769619 11.664103 270.354787 71.640527 -79.453280
6.938296 13.054077 42.908004 6.574899 123.434574 81.920835 -159.462778
6.728275 12.851387 42.866691 6.597155 168.233458 56.389583 -71.965062
6.622127 12.726252 42.714926 10.719534 319.132805 45.857163 -19.074169
6.417656 12.829756 42.765887 7.085963 326.292406 33.979583 -61.719822
6.365902 13.188099 42.751101 11.140321 317.040235 44.663828 -56.382935
6.782890 13.029025 42.720844 9.781438 353.337926 39.065825 -62.978157
7.250116 12.542541 42.663573 13.579951 74.510813 68.658717 -37.787731
7.145299 12.789462 43.093352 17.075162 315.538783 27.392338 -97.323920
6.686340 12.975422 42.794198 7.710369 166.412702 53.621225 -89.096854
6.658602 13.160528 42.581423 6.608448 170.377577 42.624695 -57.365538
6.364976 13.199851 42.874255 2.851514 136.585599 34.190701 124.224449
6.122269 13.186765 42.835459 14.271879 96.957445 54.513200 56.053993
6.506698 13.004004 42.642206 10.158296 339.377270 23.891269 -127.219195
6.761371 12.917140 42.513812 10.948264 81.526659 85.346694 21.921748
6.061155 13.124786 42.842278 2.826530 344.918248 64.263441 -87.398166
6.458443 13.186856 42.617619 11.930716 83.767385 11.503710 102.504689
6.629965 13.110502 42.892426 12.232304 299.999151 41.378530 109.984464
6.511016 13.063040 43.083757 13.414519 202.978665 20.998606 -33.051643
6.769772 13.107169 43.013398 6.296393 156.821151 86.464803 27.685819
7.375863 13.087960 42.847781 9.674239 143.387680 45.364542 -109.667440
6.131130 12.956840 42.879805 2.094879 355.545959 29.879209 122.393667
6.105171 13.186203 42.787701 5.226269 159.988013 55.920797 -124.053981
6.025621 13.107402 42.840302 3.952780 174.426980 47.538889 -132.091495
5.990875 13.062874 42.778394 7.924201 87.747012 71.021820 -151.190070
6.598128 13.113660 42.767345 5.386586 173.235256 50.209230 -130.559271
6.098327 13.070215 42.901056 9.063348 118.027219 61.415543 -173.115766
6.068346 13.089268 42.711476 13.223235 349.453279 29.704073 -130.466947
6.304323 13.144234 42.784668 4.207543 163.553110 26.704790 120.315282
6.491608 13.188488 42.859360 14.147372 179.975718 27.449972 104.095233
6.617683 13.327035 42.852765 11.696454 173.785592 29.799682 59.121605
5.934208 13.146151 42.850040 13.077780 62.076044 86.620681 164.534353
5.837005 13.170171 42.687727 5.464340 160.997066 37.389729 129.197105
6.595985 13.162904 42.770971 13.164945 282.616844 43.201577 -76.023411
6.675384 13.204014 42.654802 10.851221 168.816818 42.257376 -117.683605
6.246691 13.166880 42.769982 14.358458 167.257387 26.127018 131.931051
6.318151 13.193616 42.817230 3.006129 166.342526 31.999607 105.560140
6.466357 12.939236 43.022691 6.933937 290.826683 51.104906 70.199722
6.784918 13.089491 42.732794 7.579066 168.002954 38.761243 -126.670104
6.194331 12.995658 42.692301 4.033652 113.846241 53.496630 -143.756705
6.355729 13.306654 42.939890 11.789169 197.449237 78.725837 -116.365834
6.386561 13.291866 42.892538 11.451665 102.675449 56.194243 63.152648
6.664376 13.061862 42.749137 3.871490 324.548807 39.915578 -55.763761
6.562169 12.965478 42.950238 4.006511 178.351424 38.841766 52.483958
5.948123 13.040308 42.863141 11.041274 128.593478 87.055884 7.020397
6.400220 13.290130 42.759712 6.580275 178.032250 21.014815 46.136742
6.565028 13.264148 43.079812 9.793378 175.251694 38.747724 129.840291
6.322839 13.279571 42.922014 16.063571 137.898979 39.795571 68.495016
6.641028 13.220427 42.925216 3.746515 292.040715 44.009619 102.329094
6.547240 13.238253 42.438651 11.335483 171.370518 44.419353 -119.974342
6.616556 12.861461 42.708662 13.960729 47.908236 88.492581 162.261145
6.307344 13.166558 42.940912 10.285265 204.061011 19.914900 -25.086372
6.076465 13.009080 42.792792 15.700026 357.210539 30.586370 -56.447631
6.582986 13.092236 42.857774 10.464385 152.965336 49.376497 -57.688884
6.407499 13.067868 42.841890 13.314878 163.737521 53.440641 -94.425370
6.725179 12.731979 42.603489 17.165919 57.963732 26.821502 121.419153
6.538436 12.980549 42.800373 14.608707 137.195494 56.291263 -133.847118
6.540788 13.302678 42.871093 8.508328 149.019132 53.345552 -76.994344
6.358953 13.099249 42.860311 9.315820 149.354443 51.456040 -38.316301
6.011100 13.056106 42.920515 12.624667 149.266887 46.459507 -83.846609
6.615480 12.823445 42.955467 13.763637 347.305975 30.683390 -80.851066
6.196550 13.079851 42.762677 10.199895 141.627920 55.908080 -113.745228
6.554201 13.372436 42.790644 5.112830 279.059332 23.143477 87.673732
6.291805 13.043382 42.727371 5.310090 140.605054 40.647855 -101.085619
6.252623 13.041032 42.825014 19.618184 165.384873 13.162743 -113.081945
6.512322 13.249292 42.823766 15.125741 206.192514 74.870059 -20.900064
7.031225 13.292302 42.615530 5.419402 175.846140 45.511778 -105.589634
6.685185 12.944716 43.099468 9.661339 198.260224 75.529711 -25.077094
6.193921 12.848387 42.804698 11.286082 199.488879 43.248369 105.267690
6.666634 13.216373 42.559211 7.271354 144.052185 49.176536 -125.008380
6.832452 13.395818 42.699553 10.014732 304.791723 74.142744 -121.264988
6.680848 12.925572 42.963337 6.216920 136.584724 58.648714 -52.164887
6.563209 13.067457 42.837259 13.008210 264.096383 63.396971 179.938646
6.393085 13.352764 42.779778 16.779372 168.015548 38.711571 49.520568
6.458590 12.876763 42.963549 19.234418 345.032600 26.873718 -73.798973
6.935693 13.507440 43.048263 9.974873 110.134780 40.674324 7.151763
6.553817 13.040743 43.071482 6.427603 120.969305 78.011020 -117.133263
6.825009 12.643334 43.061549 20.168578 173.513915 53.881189 -58.757077
6.854548 13.000976 42.761881 12.372039 200.917092 41.390261 -64.075081
6.329629 13.006565 42.995673 13.096905 153.081966 44.860134 -105.068594
6.978603 12.728190 42.808378 12.838191 226.704113 41.162681 116.927492
6.762260 13.038565 42.808305 10.855841 87.135135 23.713028 -109.166314
6.636300 13.024918 42.803934 13.578614 145.305495 88.886713 166.256744
6.576713 13.224041 42.813162 6.232296 151.146050 85.015654 -149.164421
6.390163 13.316375 42.725030 11.295663 272.591572 64.479356 -117.374350
6.506026 12.746049 43.101672 16.434658 335.438641 29.916070 -57.876593
6.610685 13.123589 42.936571 19.217367 241.749839 32.186586 100.813186
7.005805 13.472885 42.969639 7.130401 163.966711 45.107530 89.167944
6.540805 13.089626 42.871168 14.091407 357.835887 37.612611 -72.177041
6.962055 13.312469 42.866897 7.857467 268.633652 49.672762 82.114618
6.053165 13.105217 42.865679 15.521341 47.985147 81.016206 -150.403998
6.191359 12.969339 42.762433 15.012690 26.022202 50.080075 -63.108560
6.675987 13.170526 43.005433 3.745442 297.329732 41.844441 125.124103
7.108203 12.505814 43.096056 22.842359 325.765026 21.879158 -104.796320
6.514047 13.116538 42.749380 2.254674 147.330863 21.552615 46.701705
6.358767 13.312731 42.760629 11.221100 58.530152 73.671504 -164.767875
6.096445 12.925484 42.836253 11.042844 184.982977 26.404126 0.261174
6.217314 13.487338 42.816739 12.030458 156.999541 24.848552 125.428341
6.321709 13.067425 42.769749 9.691129 351.854812 23.092991 -47.855868
6.161151 13.052272 42.784582 2.537261 351.552828 34.039309 -114.553802
6.139728 13.266027 42.844686 14.466396 33.193088 75.754877 -96.041585
6.418680 12.920991 42.909705 3.244668 49.116234 47.179363 -78.960188
6.369738 13.128119 42.890155 16.737202 239.923201 78.244350 73.526435
6.260323 12.888597 42.754189 11.286653 326.620624 36.019310 -93.269519
6.497366 13.028099 42.557196 14.716169 280.052014 64.825672 -72.968430
6.257799 13.053633 42.830729 6.489611 264.856875 43.949696 134.654784
6.429298 13.100343 42.725691 16.637810 354.155482 32.580470 -73.978958
6.860975 12.953475 42.741123 5.966127 338.519433 77.222156 -52.532149
6.442542 13.051528 42.851899 2.184645 350.163432 22.124100 -99.091045
6.708368 13.151872 42.753356 11.169072 151.452289 38.702461 76.106348
6.366354 13.048378 42.570325 9.354137 338.963624 30.200637 -87.720751
6.172973 13.197065 42.863543 16.092205 176.861876 34.847210 124.616812
6.351628 13.072923 42.717709 9.455496 331.317049 38.558583 -110.298862
6.426350 12.964040 43.030777 12.110131 350.559777 55.212126 -132.186014
7.499239 13.017369 43.634873 10.399339 159.137159 61.056653 34.225853
6.296132 13.048906 42.949887 8.838050 128.247204 60.062914 136.318132
6.769641 13.146525 42.580154 12.260546 219.218660 50.320176 50.024907
6.348058 13.236935 42.779575 3.611761 108.719241 67.778309 -112.101952
6.787051 13.061601 43.083964 11.389137 301.967408 58.668768 -89.173420
6.559325 13.197574 42.904024 2.706463 169.160932 28.310948 108.183315
6.664868 12.980023 42.893079 10.621277 155.413168 44.434828 -128.007958
6.508322 12.840083 42.801933 16.567535 150.523952 50.825737 -56.743859
6.362538 12.897149 42.767809 5.090662 358.634979 35.999861 -92.236149
6.286029 13.299323 42.925226 12.356143 154.429459 30.707753 57.061393
7.146265 13.261811 43.351078 14.537758 158.080497 46.291206 -65.735555
6.832411 12.846541 43.010400 14.139808 157.611625 68.016445 -60.954429
6.273022 13.161805 42.905113 12.928749 136.884716 34.167996 115.220190
6.434241 13.077389 42.778325 14.723002 179.159862 25.045895 122.173304
6.906913 13.598105 42.580251 16.005944 112.264793 68.439849 75.525413
6.400732 13.034810 42.701741 14.548805 162.203493 59.094618 -76.567917
6.404629 13.296119 42.801034 5.051109 153.331477 24.446436 98.372718
7.016636 13.306876 42.842601 25.075890 141.050818 56.203305 -77.694245
6.679324 13.475594 42.636295 15.588994 143.353520 41.405998 -85.924333
6.328940 13.191168 42.690059 12.932325 307.854701 64.874775 151.059277
6.510357 13.273230 42.797215 12.606357 123.316110 61.231647 150.265814
6.102543 13.256497 42.892626 8.169390 269.824532 44.343525 98.744009
6.192175 13.195014 43.004729 9.404027 152.811578 20.158141 113.039014
6.537529 13.104871 42.742721 10.969513 84.747648 51.100678 -132.218435
6.567652 13.215477 42.681484 10.880021 140.460435 80.020866 142.872550
6.371241 13.095926 42.906676 6.889019 170.137543 39.124383 65.281520
6.995735 13.395273 42.775196 6.840363 69.631014 79.140019 -79.738116
6.987229 13.311233 42.870172 14.204117 337.716323 52.048440 -57.569563
6.832971 13.446022 43.058609 11.846248 157.784121 25.318751 71.525145
6.511532 13.098774 42.904277 15.927239 149.911174 54.093518 -60.656592
5.951246 13.126038 42.858060 14.895239 175.472675 22.875093 -130.092201
6.926751 13.307253 42.658999 7.796866 130.176397 30.109092 -79.622185
6.859204 13.191860 42.875381 11.241034 175.233438 22.139676 91.544458
6.409309 13.200122 42.913923 14.847673 176.745266 20.426036 107.362019
6.682447 12.963122 42.768155 14.476093 309.967904 53.162530 -76.982143
6.650029 12.997311 42.669791 18.266009 171.957512 45.684038 -64.308349
6.308872 13.074424 42.948837 16.797711 145.471927 58.387989 -108.365288
6.488487 13.373588 42.916763 10.680034 304.686339 53.123694 -115.216418
6.495089 12.901551 42.821344 8.477562 155.836264 41.820983 -110.592373
6.383108 13.195913 42.722934 12.051593 140.817750 39.941115 129.828446
7.152854 12.714251 42.625605 10.661768 203.430953 21.594099 89.018953
6.318484 13.267161 42.861665 2.796601 158.095439 41.212447 -130.987789
6.407006 13.099833 42.855315 13.188650 120.297947 10.253196 -93.370895
6.931244 13.179346 42.539024 10.119178 350.348014 58.782879 -117.477074
6.498265 12.674962 42.700025 8.741445 347.630184 34.201716 -100.849783
5.965636 13.095199 42.712605 4.253341 247.301716 25.017126 169.224817
7.286714 13.281058 43.058045 12.107374 114.127956 19.076600 127.333594
6.309198 13.133883 42.973537 15.280466 176.908184 25.928987 76.637690
6.918635 13.176473 42.878471 12.112379 138.001154 40.135682 -86.288731
6.399204 13.012363 42.713551 7.564737 145.247753 48.086533 -128.169497
6.398879 13.050791 42.628253 5.598244 109.173910 88.923776 5.438334
6.868240 12.898827 42.874785 10.117928 210.333399 27.127341 69.204083
6.575016 13.166472 42.908460 4.583070 162.260846 20.815749 105.457770
6.499901 13.185303 42.668089 6.649366 175.372949 57.366326 -124.163297
6.760827 13.263620 42.729626 6.701219 136.322540 16.520803 -79.367559
6.520542 13.064911 42.737312 11.076376 243.323876 69.744417 123.199444
6.431702 13.056584 42.731547 10.164468 10.242493 87.288058 -3.647491
6.024576 13.123963 42.872948 12.289516 136.889873 26.507170 53.106763
6.458578 13.417136 42.815803 8.632309 172.958090 27.417178 53.129504
6.568706 13.260513 42.868388 5.618546 148.818697 56.356166 -124.236139
6.232076 13.006153 42.887202 14.147593 142.449530 45.100358 -73.804327
6.416599 12.964216 42.924470 10.477215 174.137314 49.551411 -116.534663
6.479745 13.221615 42.751978 10.032336 33.317997 38.468056 68.109884
6.498985 13.314788 42.670317 4.306876 268.721582 41.799458 -66.821086
6.629129 13.249603 42.559144 15.137481 137.530151 48.501356 -119.200348
6.617720 13.099681 42.947270 4.363668 178.889322 27.557734 125.756220
6.587589 13.145294 42.913017 11.922187 171.826608 28.570183 89.989263
6.546123 13.072376 42.724114 14.521004 139.965942 42.768767 -51.340178
6.356233 13.199224 42.624110 15.560358 71.353580 55.087466 -102.765425
6.600406 13.337469 42.942112 8.546320 50.829429 59.553764 48.918653
5.947169 13.125438 42.915593 6.416671 173.092812 52.807739 -97.488998
6.797413 13.183786 42.760469 13.826234 335.976595 33.445568 109.198887
6.369108 13.156510 42.860344 6.189666 190.477269 39.920972 -25.146697
6.886946 13.412351 42.923042 11.765156 168.431282 24.166180 98.488652
5.856148 13.047344 42.802761 2.329869 224.155566 46.923208 -75.811821
6.727498 12.882613 42.360165 11.721330 124.051673 49.646108 -109.041903
6.055317 13.235964 42.853889 5.948940 138.895308 30.040429 108.030174
6.967056 13.579471 42.964357 6.241566 147.731588 58.280094 129.741730
6.839519 12.628117 42.916162 5.969380 159.411146 81.428383 5.378543
6.675313 12.963163 42.701099 6.996826 154.658488 44.222878 -93.136178
6.188444 13.223470 42.807090 7.380336 161.977065 48.963725 -125.059632
6.933384 12.784368 42.643029 8.898619 324.611506 21.214728 -46.344799
6.602494 13.289873 42.951627 16.129186 113.030693 88.808348 -165.116557
5.972477 13.050821 42.859407 14.735182 335.047626 31.239829 -111.390302
6.182789 13.231995 42.797310 6.883082 138.441777 46.487659 -66.914349
6.388330 13.202229 42.774359 3.214437 172.375684 33.030435 129.838316
6.693595 13.381833 42.737505 11.524308 170.848006 27.431368 107.123775
5.968151 13.110874 42.946279 15.187925 149.413826 31.385294 49.373313
6.810984 12.673169 42.929647 9.755196 323.390458 24.819213 -67.110685
6.817867 13.114589 43.109756 26.719936 287.670411 70.346149 45.822889
6.301933 12.969789 42.923245 5.877115 175.917574 58.853798 -88.338949
6.718121 13.254450 42.754403 12.344293 157.933023 24.874302 119.381186
6.430761 13.255525 42.995398 18.946479 291.266705 53.974625 97.429798
6.219286 12.785128 42.847647 9.681313 342.675164 26.030656 -121.177607
6.224963 12.979459 42.718590 12.315088 164.579263 41.095951 -80.137415
6.204520 13.031238 42.834255 6.699812 334.821695 38.526572 -85.557175
6.260106 13.062763 42.810689 13.067049 167.014524 87.538601 43.274860
6.880887 12.984071 43.131945 5.309200 135.703041 32.567933 91.934034
6.172418 13.159283 42.908188 6.337373 209.450200 42.605657 -100.481348
6.638864 12.989724 42.919700 6.725202 179.155411 60.456769 -123.040042
6.127781 13.156892 42.829704 10.046880 140.749608 25.124776 64.934496
6.598836 12.982716 42.732033 11.537672 339.958425 73.650321 -46.184790
6.751990 13.163352 42.880903 7.210788 154.861015 55.091465 -53.646650
6.506447 12.926396 42.729157 10.575956 9.746516 88.338455 137.975132
6.355339 13.082741 42.856591 7.310696 173.723680 59.294593 -134.033322
6.201688 13.009511 42.808446 11.499856 143.960180 44.289515 -77.941776
7.182062 12.695317 42.791915 27.221706 172.869923 62.151456 -61.718390
6.188783 13.166405 42.846204 7.843705 51.475635 89.176285 170.153482
6.674366 13.315951 42.801171 8.866554 217.178772 54.666749 -56.257853
6.287261 12.970347 42.774155 14.377769 317.693541 26.143339 -125.285677
6.500769 13.138180 42.909546 11.859484 176.733333 33.527984 46.907167
6.694293 13.162911 42.808775 8.865918 97.603487 44.930917 -51.735221
6.433148 13.061724 42.948403 9.775273 262.216950 52.837129 73.314114
6.278475 13.109585 42.845510 14.626961 166.250233 44.866505 -111.982349
6.607724 12.903266 42.812745 7.652991 161.882464 55.763178 -80.751707
6.699486 12.696353 43.122385 6.600596 84.187117 12.367162 100.491628
5.986501 13.030022 42.729652 6.566608 359.332612 50.135032 -122.624195
6.377427 13.135397 42.848869 6.509593 197.472983 46.921750 -87.386560
6.523308 13.234728 42.752615 12.744775 149.152654 45.554953 -83.422236
6.184524 13.148476 42.838629 15.768122 157.188536 28.858895 81.527172
6.146577 13.076813 42.976493 9.264054 164.136642 60.864735 -121.850058
6.420601 13.027118 42.856282 4.057634 58.226856 80.236481 -37.086702
6.314466 13.170802 42.869218 9.140229 96.475403 59.354213 -118.416224
6.315614 13.107570 42.823759 8.404656 138.815140 49.216253 -87.326179
5.977655 13.071366 42.774817 14.072018 317.977534 36.445583 -116.717791
6.893058 13.256105 43.163068 13.450627 155.131068 40.765209 120.088565
6.778110 12.525372 42.719078 9.844546 337.648969 22.556239 -82.026884
6.223233 12.914147 42.967800 6.129333 113.889230 54.729692 -99.611930
6.269402 13.011424 42.836421 3.810617 47.103503 85.736694 137.810192
6.286820 13.243784 42.838831 9.091531 359.428710 52.307537 -86.331969
6.820526 13.444133 42.833920 9.324368 143.129872 28.143611 110.497556
6.702339 13.296582 42.892268 12.143266 199.089318 10.448674 46.494979
6.501098 13.056652 42.890396 17.439526 351.529097 62.402352 -47.715893
6.666039 13.099144 42.973156 13.052066 338.114001 47.159732 -88.047689
6.751034 13.187372 42.747408 5.247051 112.994914 71.184607 -95.040754
6.198975 13.217515 42.859147 8.425501 141.606210 52.451938 -76.328672
6.324117 12.991094 42.721863 6.071244 318.279012 25.327670 -133.870866
6.024947 13.250199 42.884261 10.938944 71.571419 35.305320 -87.672807
6.747632 12.976413 42.929235 12.669735 167.882939 45.992954 -129.248851
6.406247 13.195861 42.834559 3.340403 174.873743 38.340640 56.874752
6.428032 13.414495 42.864902 12.073848 337.676195 33.544054 -150.522437
5.924257 12.987338 42.849757 9.785987 153.214880 53.461673 -64.887122
6.606038 13.130764 42.977522 3.363804 142.434492 37.969426 95.296303
6.208721 13.080182 42.812027 19.142151 333.036592 46.083961 -122.107578
6.604205 13.231553 42.653121 13.961840 283.663763 58.139007 100.461989
6.301632 12.958112 42.858615 7.559959 318.996618 20.662683 -128.405350
5.885788 13.154367 42.814874 9.494488 92.008908 71.616525 -53.047460
6.477395 13.116195 42.702553 13.022846 143.174087 58.373701 -124.171372
6.747217 12.889818 42.878022 14.426248 310.552405 52.644863 -65.309884
6.496340 13.215189 42.783144 8.008089 132.558220 53.684318 -82.810294
6.641339 13.342150 42.770200 12.509373 156.560391 24.769926 67.085289
6.427982 13.198796 42.924204 14.363058 163.670872 20.929846 87.092863
6.312609 13.145877 42.849036 2.540384 174.077151 34.661463 54.998956
6.379977 13.222480 42.902043 13.037048 103.279757 48.600700 50.370878
6.521680 13.177814 42.823159 19.001415 354.780267 45.125348 -66.183348
6.464609 13.004673 42.799728 6.519777 319.764855 32.026462 -104.579018
6.291054 13.207758 42.792150 16.967938 148.228453 40.896606 -94.062532
6.374120 12.875429 42.744189 11.914037 144.175519 58.456566 -72.503760
7.134246 12.550983 42.742625 24.731550 201.362483 20.368381 -88.495621
6.432793 13.319974 42.795205 7.412088 147.510730 44.317313 -79.004404
6.431926 12.981454 42.882142 7.252130 156.465058 40.988654 -64.949091
6.526683 13.064561 42.844838 8.145558 160.840660 52.712393 -113.519191
6.192948 13.106164 42.885905 4.185379 102.021776 56.801953 -119.956842
6.569292 13.399372 42.745368 15.196619 90.394055 20.786280 -179.696425
6.834301 12.946608 43.044168 16.343736 334.178674 24.656875 95.222767
6.290986 13.094048 42.805950 9.083771 326.223806 21.312614 -114.069511
6.719732 13.395291 42.684886 17.764863 54.509108 52.276732 -115.409371
6.527669 13.065319 42.822336 3.138857 42.405626 38.060306 -83.401555
6.154374 13.194140 42.883928 11.855476 146.398254 33.803741 76.597082
6.606276 12.824593 42.714969 15.201128 147.389873 64.246672 -76.089496
6.931760 13.455977 43.084284 16.420150 141.576378 41.115360 54.773828
6.989894 12.740256 42.802357 16.150128 66.779910 64.310279 52.415463
7.117703 12.558352 42.906086 28.215958 228.577422 58.719601 133.397905
6.690306 12.898366 43.021964 6.006545 156.864064 53.384053 -68.496490
6.783854 13.156225 42.806074 14.660061 194.853997 59.760952 -120.532988
6.589512 13.024470 42.845975 18.657714 171.976587 57.126388 -50.427860
6.455162 13.192887 42.570646 5.008241 159.497137 56.909523 -175.310620
6.239236 13.014909 42.723621 9.505072 337.717192 63.737458 59.508724
6.498815 13.185655 42.965230 9.096190 161.483318 31.352662 47.848270
7.026738 13.368972 43.176829 15.912944 154.398203 56.426416 87.313411
6.147805 13.105876 42.927850 7.019000 128.641992 61.170029 -21.381190
6.313653 13.130438 42.779342 14.146340 196.188611 73.215417 -84.749212
6.362406 13.099953 42.756029 8.629529 353.669036 25.132395 -127.137795
6.580104 12.998126 42.793516 10.756481 208.026041 14.530332 112.210385
6.747800 13.223949 42.942626 23.032636 159.791557 37.187060 117.395414
6.433676 13.127812 42.925908 13.088605 116.981337 68.649428 -15.951932
6.360680 13.164896 42.982015 8.693567 41.604070 43.676206 -73.616486
6.387210 13.092323 42.738613 10.874588 151.477557 51.768260 -80.926399
6.418681 13.133418 42.984050 5.405739 148.648110 37.727863 -100.874235
6.589896 13.160949 42.652448 11.453610 235.948901 60.459253 52.951735
7.244174 13.349967 42.495730 7.079834 104.770488 50.178231 -71.253039
5.909807 13.199291 42.744197 10.494615 107.112917 40.515203 -63.213685
6.390336 13.135435 42.883188 6.212515 117.763119 79.137331 81.189410
6.320047 13.215425 42.720380 13.409393 272.913258 49.761109 -131.108447
6.659345 13.011786 42.730411 16.470988 275.379859 20.684252 156.846202
6.562891 12.817342 42.787790 15.627443 160.847601 48.565140 -63.313284
6.413445 13.287918 42.772863 7.027136 353.581895 36.580819 -66.754922
6.725171 12.943020 42.569571 8.830216 315.082422 58.983194 57.926617
6.410535 12.970718 42.742406 13.732363 326.000509 29.578256 -62.114379
6.434440 13.112777 42.956804 11.813792 155.020027 57.844870 -122.052111
6.262723 13.143073 42.777338 15.202668 158.503961 34.763398 46.881079
6.667244 13.342971 42.923641 3.671013 163.309309 30.664903 130.239353
6.240653 13.221883 42.850980 7.616321 323.864952 47.648777 -66.851622
6.288037 13.155300 42.745066 9.365960 140.182363 30.110417 104.958444
6.424482 13.206266 42.811096 10.404764 97.603786 54.703025 -71.611514
6.239937 12.996999 42.709402 17.748549 332.154184 25.705247 -117.769743
6.654000 13.046954 42.981916 9.840525 163.372293 50.485859 -131.140773
6.650879 13.093452 42.923562 10.538268 273.798472 22.342565 -65.179802
6.751251 13.307133 42.787833 17.059653 143.526341 47.350650 -83.633061
6.547118 13.103987 42.874586 12.499861 154.807332 89.486808 -171.516098
6.527398 13.482280 42.942763 11.031576 148.043605 59.427698 80.265310
6.755686 13.578154 43.125317 18.108111 16.792084 52.995634 -112.518604
6.749264 12.994747 42.779053 13.318160 153.030249 49.690960 -62.534001
6.431764 13.095241 42.895777 8.923539 102.595017 78.796987 76.851785
6.203687 13.053413 42.771872 13.418467 163.110814 19.364897 102.645909
6.469092 13.490619 42.769348 21.040596 29.944943 37.937831 115.986414
6.449622 13.101882 42.814972 20.158069 136.597926 54.807759 -76.678489
6.782214 12.634978 42.877794 17.765492 327.357256 31.462137 -126.318614
6.578301 13.106663 42.894771 17.778417 157.525731 34.155015 95.166731
6.396734 13.286355 42.920822 9.934383 196.121302 43.976168 81.925181
5.984056 13.086460 42.728975 14.270420 178.013270 49.152147 -120.288957
6.154300 13.060317 42.858565 9.220424 216.387623 74.499851 44.888452
6.334197 13.095095 42.744049 13.970166 176.657259 47.335983 -116.321895
6.118831 13.275337 42.798323 3.961903 167.569366 24.699752 84.602033
6.679549 13.106792 42.830795 7.664875 32.720944 47.815902 23.511895
5.962331 12.964072 42.790486 7.153426 152.347912 51.993746 -93.400562
6.541100 12.970134 42.932074 3.580132 170.601944 44.437320 -75.510292
6.840639 12.942213 42.547981 5.228585 357.763783 37.633847 -131.931473
6.498724 13.325440 42.697972 15.570148 180.429461 55.809706 -103.857620
6.174626 13.130739 42.832110 8.461108 177.464866 38.419048 114.075972
6.566700 12.956703 42.815737 4.169016 241.978269 56.815864 83.795843
6.507723 12.955311 42.662719 19.888610 147.633777 48.460014 -111.148444
6.758782 13.238566 42.703325 26.712697 167.690217 38.471597 84.709963
5.927346 13.042269 42.948315 7.224818 21.040248 82.892120 167.111355
6.336062 13.124862 43.002234 16.211256 156.370202 42.042134 -130.701263
6.803872 12.916703 42.792904 6.435304 324.830838 30.857873 -80.414153
6.240200 13.122667 42.892898 10.763987 179.716138 56.555838 -84.689580
6.187266 13.005159 42.872558 9.458666 263.034403 39.783786 59.052505
6.718490 13.077478 42.592892 11.427229 333.804952 53.577103 -118.846122
6.389845 13.061897 42.948358 11.945014 346.767032 16.606539 133.354940
6.414382 12.912181 42.743517 7.174827 176.058967 22.436307 -62.842121
6.229403 13.038995 42.861353 9.205130 320.324748 39.880712 -89.601318
6.402665 12.973264 42.808808 6.352409 6.858539 83.057195 -149.614788
5.941918 13.062438 42.869867 6.649899 175.461654 58.357490 -89.241347
6.290218 13.042164 42.841080 14.238905 278.950840 22.548151 -107.032098
7.080510 12.748733 42.862462 16.589494 132.285886 46.841717 -80.912287
6.176814 13.122551 42.775706 11.059455 296.152467 51.205815 -22.691847
6.911649 12.755513 42.935718 8.471915 173.200236 33.874290 -78.144272
6.367193 13.018487 42.666734 7.512919 168.947649 45.942177 -102.171963
5.856539 13.170667 42.887565 4.738219 138.927776 33.405491 57.544055
6.042374 12.974750 42.727220 11.507757 147.193844 41.146991 -74.104253
6.452985 13.175605 42.689315 8.790578 159.806020 36.946137 106.448354
6.357834 13.046860 42.752585 14.716155 148.321436 59.030970 -101.110041
6.239306 13.115898 42.631723 11.577953 148.900847 47.150738 -85.984626
5.928586 13.005659 42.845842 2.784472 332.932001 35.598981 -116.262248
6.774803 13.236524 42.577845 8.635065 146.272131 41.063246 -67.774227
6.878307 13.269751 42.705252 11.005748 107.358353 85.770930 -146.806511
6.662309 12.973326 42.800846 11.035240 323.906549 27.405215 -71.585953
6.223486 13.246103 42.800497 9.065633 55.969768 86.807225 -135.894091
6.455003 12.996842 42.624830 6.858422 162.384433 86.421543 -0.017532
6.774469 13.161215 42.784276 19.912205 161.442327 30.289976 116.528974
5.814661 13.119321 42.838149 8.839453 321.880470 79.976956 -173.379138
6.491259 13.152322 42.550631 12.011484 123.529672 61.175442 169.951332
6.528870 13.396134 42.799769 11.694550 177.355238 55.660705 -88.623249
6.494108 12.896721 42.920441 10.705282 158.516415 55.860369 -99.670873
6.667108 13.039990 43.044790 10.938609 155.183587 40.289969 -134.088499
6.243089 12.919519 42.948028 10.423958 134.405487 60.138969 -73.879284
6.339014 13.056614 42.945432 3.360241 271.849909 57.707751 -47.608431
6.180747 13.093557 42.924058 13.501525 64.973622 87.804028 -42.379245
6.197370 13.151624 42.780092 15.197231 93.880185 88.651019 -12.773016
6.840899 13.039703 43.026285 26.362523 339.946691 68.492713 -173.989916
6.631849 13.092828 42.905017 15.044077 21.488150 61.416947 27.414925
6.418301 13.132676 42.931915 4.609173 176.960709 40.188193 -106.934893
6.418254 12.872604 42.795665 16.567709 170.935131 41.952559 -68.327370
6.729238 13.157060 42.810303 10.596663 141.121509 21.407978 46.053303
6.917090 13.194084 42.894251 11.385611 57.408483 83.361853 167.080651
6.946805 13.330852 43.126530 7.811447 154.761624 26.045859 106.324902
6.243126 12.974281 42.754668 4.924501 118.697649 68.657931 -120.911713
6.323566 13.176291 42.916701 3.578189 160.604166 70.045253 88.992941
6.599311 13.151188 42.756894 9.308698 147.765106 50.351224 -110.513989
6.297291 12.804282 42.876457 9.633737 320.210121 49.734737 -124.932741
6.943758 13.010207 42.892588 6.345231 158.202778 20.874734 53.616328
6.361149 13.053160 42.800156 5.918770 355.597625 27.954121 -51.047839
6.147318 13.151327 42.857313 9.084361 147.391951 32.407550 -46.635521
6.278311 13.239212 42.856025 4.223645 248.484026 23.096613 -128.840149
6.475863 12.882618 42.762665 9.712562 144.113843 42.653742 -69.084875
6.501753 12.969687 42.862600 3.920943 177.362627 40.110356 -131.024183
6.253262 13.043964 42.737221 11.752890 156.984634 42.824557 -46.364000
6.648254 13.046742 42.771055 4.761496 333.222936 33.696246 -87.703094
6.616670 12.878660 42.774930 5.475247 22.229141 34.223693 169.019131
6.903315 13.047979 42.846564 6.673292 327.437092 32.410945 -88.894242
6.747299 13.209579 42.967669 11.858926 170.342272 25.846241 83.005771
6.687623 12.949092 42.838699 17.212452 94.289161 21.722347 -101.025217
6.420840 12.944700 43.001001 4.542615 24.961019 52.423032 39.343069
5.828786 13.129924 42.850016 9.519128 307.668298 47.767469 -123.639000
6.579587 12.948580 42.847172 9.701228 350.305298 51.633086 -47.874972
6.996092 13.293158 42.994999 6.769678 322.370834 73.476725 6.068433
6.207077 12.955596 42.772929 9.810530 334.420452 34.424731 -109.960354
5.759186 13.105368 42.887262 7.191311 115.485524 19.348800 59.214118
7.099465 13.376126 42.879750 5.474716 180.247995 32.964291 -61.608557
6.418920 13.114082 42.770751 7.288335 171.272694 20.507136 87.261468
6.732292 13.082272 42.624255 8.355379 169.511462 55.081685 -49.946778
6.160040 13.002633 42.890482 11.285490 28.993647 34.898540 118.787375
6.859028 12.929045 43.034511 9.011516 142.203929 26.041717 103.640287
6.255091 12.754363 42.833800 19.235864 216.912433 57.549488 -49.848849
6.714909 13.421512 42.919977 2.562429 140.301528 21.285498 90.684374
6.385802 12.867298 42.802091 5.696388 68.976391 33.230480 122.978795
6.440280 13.416969 42.710593 12.626695 151.620217 37.128683 68.697922
6.754329 13.488552 42.996817 7.977725 96.371704 80.795506 -170.775715
6.571340 12.761497 43.074113 16.511794 355.470730 20.431370 -115.763053
6.606794 12.584280 43.069462 12.661454 343.942319 24.167378 -48.852396
6.276799 12.960042 42.802604 21.579693 118.056391 75.284755 -66.893935
6.832940 13.278580 42.875581 6.897491 171.363202 36.815045 95.603860
6.235277 12.963940 42.824535 19.084984 337.536368 20.654334 -87.938134
6.493405 13.022037 42.728465 3.961253 164.190408 51.214313 -88.331691
6.867519 12.894497 42.723187 21.421138 320.241599 50.696160 -112.071741
6.240310 13.154864 42.828053 9.748141 26.661530 20.849076 -109.980269
6.652812 13.272803 42.798882 28.693877 213.030401 75.767538 175.815940
6.241184 13.117468 42.833453 14.181630 123.411120 80.953033 58.671457
6.442960 13.107223 42.795362 11.503907 134.264303 21.719316 82.016730
6.523896 13.043860 42.877691 10.139440 166.719767 47.767419 -64.964757
6.469223 13.223125 42.735973 10.307273 146.283259 34.572429 103.090534
6.260658 12.981139 43.010537 7.292622 173.401378 31.790925 72.378496
6.300200 13.077913 42.861132 9.590091 117.028685 84.745362 -173.079384
6.507352 13.014369 42.580816 7.716600 351.824214 25.764496 -111.556033
6.006235 13.081346 42.921645 3.670083 17.509961 63.127589 -61.925376
5.915242 13.182878 42.887954 7.583908 279.320972 58.224376 61.062931
6.375372 12.938508 42.966947 10.670049 176.699605 41.133873 -105.992409
6.298534 12.911189 42.850699 9.499993 70.958437 12.319093 116.684562
6.102812 13.217192 42.698524 5.238486 144.598191 30.306892 125.407721
6.411119 12.985731 43.026052 7.427572 331.484438 53.342765 -71.736941
6.336686 13.179070 42.869108 3.873318 342.890493 38.335868 -64.428528
6.551338 13.303206 42.700793 9.857136 154.109553 41.204791 -129.535636
6.527988 13.088667 42.841638 13.934199 207.363732 43.225701 -120.788700
6.256821 13.246794 42.919738 14.518300 145.387220 34.618450 67.879425
6.803377 13.022074 42.679493 15.395906 124.395705 32.288126 117.555104
5.915853 13.196963 42.802484 9.155764 164.151391 68.627322 -60.741359
6.296171 12.767405 42.740902 9.884295 67.087773 73.209337 89.585294
6.794158 12.242367 42.396059 9.337499 208.074589 32.785037 -59.877637
6.487383 13.020468 42.779117 15.179214 144.901406 59.522801 -115.022808
6.759928 13.334538 42.691890 6.584839 315.177607 40.834897 -131.455852
7.017728 13.321749 42.867025 23.691933 8.700413 53.164057 84.630959
6.678493 12.887910 42.808721 16.029091 348.311919 37.036917 -50.834000
6.359684 13.247566 42.816433 17.334691 164.557554 49.016596 -68.205352
6.688058 13.104573 42.760381 7.990870 175.202668 56.208346 -57.309029
6.598803 12.921295 43.207289 8.433990 139.837073 56.167841 -132.985805
6.660554 12.909873 42.885245 12.034251 153.995885 49.469655 -72.109829
6.070800 13.153558 42.764380 9.191917 156.236890 32.876971 104.853852
6.713468 12.653026 42.847135 14.714122 110.950575 77.540061 -143.520394
6.387259 13.135415 42.814601 13.591300 138.880972 39.459220 66.876048
6.814539 13.391953 42.748596 3.716172 159.171478 21.587393 49.858001
6.173197 13.302496 42.834429 6.083643 150.842075 27.186099 128.050998
6.450260 12.905475 42.831412 13.390170 302.006457 70.020098 34.119379
6.470287 13.105539 42.771030 11.320932 347.494623 39.089934 -50.284200
6.985009 13.400101 42.952187 6.941880 141.663603 89.849243 -1.793195
6.089418 12.963221 42.946576 17.542907 152.129890 37.657822 91.796357
6.068727 13.091920 42.814982 5.230930 38.181300 82.747541 6.229945
6.200992 12.946580 42.734678 6.407963 283.466004 36.379619 -131.115434
6.119872 13.023863 42.808590 13.274952 139.095013 36.161603 -46.134099
6.857817 13.220694 42.713330 8.012236 169.275573 48.557713 -47.096549
6.340340 13.151678 42.982407 9.433719 144.255017 28.788208 109.150096
7.208222 13.397829 43.160392 9.414513 352.779403 41.954998 64.716677
6.341124 13.094320 42.803908 10.065224 159.746309 51.347126 -54.009717
6.619407 13.094069 42.754320 4.292522 172.192903 58.637855 -79.370687
6.167946 13.002571 42.784004 18.965919 357.164561 50.355457 -62.977479
6.874432 12.754016 43.017982 13.424863 327.595230 68.255223 -47.527981
6.549206 13.095571 42.859768 11.482667 358.994689 37.665114 -132.817564
6.441993 12.923841 42.815296 14.986595 151.420598 45.677660 -85.651190
6.623952 13.253144 42.631943 19.491446 120.874925 50.858744 -61.565927
6.053204 13.031390 42.876583 8.640842 357.134373 43.271755 -70.925598
6.718821 12.943981 42.939045 4.671487 333.033612 20.023533 -23.033585
6.563935 12.924538 42.777860 17.841877 76.639789 77.513238 122.449980
6.460837 13.158758 42.822495 10.677356 63.819644 31.430586 124.623632
6.392648 13.080602 42.891845 8.554417 229.987381 51.428425 166.676225
6.415630 13.232577 42.825319 7.751496 104.038618 55.506785 -72.313230
6.247373 13.114918 42.800725 15.733258 159.501550 29.491649 122.021275
6.622264 13.332958 42.723603 5.360858 24.908011 62.768251 -20.624164
5.921015 13.176748 42.769131 14.496153 45.562887 87.817027 8.654380
6.423484 13.349628 42.912585 14.196819 175.051533 29.961528 116.302977
6.722442 13.269966 42.741973 16.245575 157.983806 38.269662 63.733719
6.622497 13.050364 42.902505 4.204889 100.929440 55.915889 -129.360054
6.306738 12.830695 42.874565 12.967747 317.516775 79.438991 -87.550896
5.914270 13.132659 42.826713 6.247717 179.851275 10.782024 -109.677066
6.694043 12.722252 42.497423 13.951953 148.201376 42.920417 -98.169951
6.597275 13.151083 42.762257 8.260222 168.136330 33.294310 -64.493181
6.276947 12.977025 42.902910 11.693589 167.996202 47.895653 -134.034954
6.592001 13.116582 42.763661 9.736735 156.333967 29.798589 97.705137
7.113471 13.349969 43.055549 20.072184 154.114155 23.989102 73.976192
6.784507 13.084391 42.766004 29.417165 51.727110 82.554823 167.758644
5.755078 13.125706 42.764889 4.492463 165.538703 81.135244 -10.600925
6.150933 13.211090 42.935040 13.887868 344.884828 25.260475 -115.573869
6.519833 13.279123 43.007854 7.662607 177.104582 78.041944 -53.284488
6.858417 12.779907 43.036459 8.467877 319.532482 53.121080 -87.324999
6.432366 13.141263 42.679745 14.033994 328.706348 63.137236 -77.154540
6.812180 13.225789 43.283601 18.770870 65.927984 51.039220 -123.662623
6.670003 12.849337 42.927735 16.123001 163.065234 58.585828 -45.863783
6.763256 12.845309 42.749084 5.366672 114.135461 15.653678 67.407767
6.366340 12.894306 42.807656 8.537017 316.317923 38.008249 -120.110958
6.445894 13.159840 42.835738 2.792137 126.651030 34.579465 -107.775295
6.514481 13.258386 42.848825 4.878733 136.997600 26.947527 -129.848773
5.947948 13.129918 42.754863 11.815292 165.154367 50.243946 -51.983298
6.708769 13.226864 42.814652 5.500819 174.723073 57.633524 -95.367432
6.646752 13.361031 42.835447 13.518195 156.764428 30.243030 132.382475
7.257039 12.798260 42.630374 17.876249 355.935130 30.839191 -128.014984
7.029783 13.108438 42.548283 7.941113 339.412442 16.458271 77.047645
6.305574 12.930400 42.714251 12.664420 248.740255 55.350717 136.327111
6.554848 13.001774 42.645301 14.919643 346.539791 32.407698 -123.714315
6.393684 12.967657 42.715282 7.161193 160.857518 55.279405 -58.496818
6.543359 13.320978 42.864573 12.403847 179.787106 51.044662 -93.101076
6.366315 13.123190 42.857485 6.870177 5.753853 28.169901 109.285061
6.142662 13.067454 42.787130 13.848145 159.435860 53.451697 -70.990162
6.631739 13.195498 42.586011 8.776831 99.012697 42.703074 -87.192495
7.059971 12.778652 42.979278 18.204156 307.120386 36.364447 -92.778036
6.288911 13.119665 42.883621 7.743539 232.270923 11.866863 35.700219
5.995848 12.976938 42.910567 8.361729 171.222363 58.290633 -131.167647
6.271991 13.044286 42.803598 11.614869 13.179642 80.434673 -84.046754
6.598871 13.218785 42.821205 8.739822 345.260895 49.577916 -83.353517
6.003348 13.147418 42.849338 12.082685 278.358819 24.404643 -48.901245
6.408111 13.115484 42.748893 7.518083 156.970289 26.221665 124.308512
6.682344 12.986766 42.691988 9.059292 135.068665 47.426978 -114.816777
6.395332 13.095274 42.836999 11.839401 339.292547 30.603741 -94.625018
6.715858 13.229341 42.800732 12.038160 246.548127 19.483338 -9.074313
6.967572 13.743202 42.863236 17.000374 179.100051 42.613715 54.562659
6.933283 12.723907 42.914015 7.620640 100.718555 43.951590 -74.073648
6.728818 12.575732 42.821298 16.459965 358.305147 25.358691 -51.543984
5.938455 13.114473 42.812597 21.590129 342.571832 17.320817 54.291067
6.099125 12.918401 42.756715 12.962349 168.097272 53.459814 -84.714622
6.465221 13.221953 42.860877 12.271378 277.462807 47.928086 121.614015
6.569263 12.856441 42.795905 15.650271 94.357102 46.505124 -133.102815
6.134317 13.191535 42.865428 9.330337 140.161061 10.861798 -153.605660
6.960236 13.688176 42.793242 15.168311 157.343293 22.744875 82.468897
6.162323 13.002852 42.955632 16.915796 335.254321 24.603916 -132.560683
6.770086 12.852750 42.761488 17.106589 156.820697 55.431983 -94.132504
6.662657 13.298879 42.950759 9.513193 300.133567 54.249373 92.465482
6.697702 12.939790 42.521157 4.460955 69.299980 49.648320 -79.736117
6.349539 12.997429 42.783801 8.393951 200.184985 43.489261 6.467522
6.106260 13.240428 42.895471 18.333077 171.119704 27.923295 117.052163
6.360477 12.941311 42.570303 13.370844 329.731232 22.223224 -112.083873
6.556763 13.069838 42.964898 4.928695 158.321258 44.916276 -83.024547
6.914347 13.079536 43.038964 5.646385 149.455677 23.701731 61.988960
6.612208 13.417599 42.664887 10.950651 333.712840 25.899540 -92.187798
6.420844 13.101703 42.769229 9.371843 350.346531 33.071249 -101.854863
6.556345 13.195208 42.907712 10.006572 43.108891 43.165456 42.511419
6.681266 13.048529 42.990969 18.835934 163.627812 52.500630 -101.503417
6.224559 12.883776 42.786070 2.437235 151.552532 35.488080 -145.703420
6.200289 13.218425 42.843267 9.766998 122.401182 71.952315 -128.053723
6.920058 12.916239 42.654108 17.872548 311.283054 53.081705 -72.109593
6.332003 13.174549 42.956705 9.783183 43.727711 39.857024 40.881115
6.301067 13.062446 43.007326 7.568327 175.771474 40.106249 -105.387000
6.270889 12.989509 42.870216 10.139566 168.246401 47.255769 -104.351575
6.409128 13.216330 42.722339 10.206668 156.999455 58.793269 122.537392
6.893392 13.272427 42.939861 18.523729 150.663980 33.150117 67.211145
6.506596 12.895323 42.814138 12.128336 9.086502 83.221485 137.955229
6.381394 13.068637 42.689854 7.105990 32.898880 82.589714 10.504682
6.076809 13.015876 42.795090 7.535297 164.036450 54.212580 -126.739716
6.250526 13.066638 42.888568 14.629708 118.694540 54.233737 -85.811877
6.319443 13.334892 42.874987 10.205474 151.863040 24.155574 -67.748730
6.136526 13.224082 42.911458 13.618164 171.189196 32.822208 83.249733
6.180514 13.238349 42.877404 8.935517 139.209017 48.079145 -54.790408
6.525350 12.965171 42.686626 5.846735 65.581369 65.264311 154.188073
7.224524 13.218076 42.677542 26.637307 345.260693 49.186771 -54.721544
6.294388 12.803508 42.832149 16.788125 41.892373 82.448352 162.726099
6.619030 13.379462 42.524528 7.245981 131.763609 66.415770 -98.519435
6.705828 12.954583 42.944111 9.810494 43.853326 70.432566 17.617332
6.745843 13.187466 42.741063 9.816911 149.005738 24.526762 54.604048
6.253627 12.991113 42.861046 3.015490 149.235298 52.790317 -114.332397
5.920638 13.066060 42.780558 13.694941 96.120939 89.116406 154.350055
6.182688 13.056697 42.745082 4.826543 156.553422 52.047133 -69.563356
6.458295 12.907652 42.928229 9.419420 99.931482 80.194843 135.020749
6.645197 13.178556 43.027951 10.449184 136.366619 37.616018 47.534601
6.593372 12.881560 42.856860 4.973004 306.685225 63.626656 -70.723932
6.446174 13.120719 42.760168 10.032515 158.281811 34.109643 53.423893
6.298208 13.163465 42.741961 12.016172 138.719997 26.833210 91.815672
6.443343 13.100533 42.870293 4.896051 163.015732 43.915117 -53.125765
6.100801 12.978255 42.776781 5.503714 70.555597 88.344457 -157.406157
6.297278 13.021107 42.871350 8.898856 318.556553 34.085397 -117.281885
5.873614 13.020226 42.813474 13.682547 62.690454 47.919601 118.217668
6.770005 12.740931 42.569396 15.117191 39.154357 24.061050 -150.705664
6.276158 12.978053 42.663973 10.761586 245.280349 17.744034 44.693592
6.410641 13.403401 42.599854 13.311596 321.329528 62.403065 -59.419307
6.515390 13.083079 42.850778 6.000741 313.475158 47.050433 -114.771408
6.488233 12.929188 42.819570 15.533607 341.881520 20.452676 -54.687724
6.833852 13.014560 43.086786 14.722179 145.280769 46.469094 -47.616184
6.506401 13.038664 42.581350 7.458885 137.833263 42.887802 -85.454889
6.542380 13.097225 42.901173 16.889808 177.263169 54.667868 -45.031332
6.440916 13.326944 42.879783 5.579411 63.161445 83.235465 -159.776476
6.437188 13.215659 42.755322 22.856733 67.609976 51.857162 98.061376
6.423336 13.316848 42.779943 17.087212 178.770928 82.838619 26.025731
7.104695 13.515301 42.810660 17.158118 175.668326 81.789798 26.448176
6.452417 13.557799 42.717444 9.808919 249.315586 46.165481 -121.260708
6.361266 13.266099 42.864460 3.443968 318.953693 57.502557 152.147072
6.349232 12.746888 42.683900 13.448270 349.566661 25.753321 -98.806328
6.782075 13.060372 42.906372 5.824292 1.390964 50.480784 64.763239
6.284574 13.342950 42.804133 15.253436 162.795857 47.023850 -85.843153
6.954503 12.761410 42.665968 5.397131 68.437988 50.215254 -101.372681
6.644385 12.994950 42.846675 12.209624 350.861977 26.447463 -134.272848
6.703841 13.140685 42.824626 13.341866 1.123770 27.980035 63.022747
6.369168 13.463759 42.820213 15.608395 157.587597 36.445246 101.199734
6.528125 13.432495 42.932185 4.444487 165.427283 24.921727 95.669631
6.753376 13.003178 42.826804 4.753795 340.715259 56.550926 -79.379502
5.988739 13.110687 42.897976 11.249694 193.396536 58.036496 -59.408011
6.505126 13.060293 42.817219 15.796435 131.314704 40.964333 -54.646365
6.781058 13.164109 42.546118 14.167678 89.246668 62.007639 20.435117
6.101782 13.007448 42.785358 9.975498 152.173272 42.774338 -118.598680
6.596555 13.076086 42.764932 20.587744 172.565645 48.498255 -93.632642
6.327420 13.171792 42.860136 3.582857 329.871250 69.635244 -101.440651
6.370050 12.948864 42.693224 5.074303 157.368872 59.533448 -79.437626
6.411492 13.122766 42.823926 4.207304 82.965223 27.180833 -95.869933
6.157810 12.981674 42.826709 4.807676 142.110080 49.595962 -57.611239
6.488936 12.997747 42.953021 6.672555 122.123311 71.423014 21.068073
6.335884 13.412282 42.868091 9.445172 117.302385 53.182409 75.078736
6.610159 12.902111 43.140882 3.851747 347.710495 48.374196 66.225172
6.397579 13.219829 42.860281 15.666639 264.690549 35.367090 -72.202595
6.395473 13.450980 42.912700 18.394792 35.967166 12.668739 -167.869829
6.746015 13.120349 42.967692 20.592059 357.714317 61.474518 -86.955763
6.146726 13.051861 42.823480 10.584573 149.985987 40.376467 -58.916006
7.089402 13.312262 42.990363 6.914416 307.822050 61.964026 -41.681748
6.286512 13.094913 42.973764 6.742563 144.366270 22.954797 -90.680087
6.355656 13.033790 42.854432 16.238093 28.023784 22.676546 18.681344
6.996490 13.308122 42.725922 6.279970 347.626155 43.142727 -76.492358
6.254797 12.899101 42.958432 3.340294 151.503979 51.591249 -62.755891
6.264589 13.096669 42.856173 12.315590 179.754951 46.910179 -96.455139
6.599558 13.066668 42.844858 13.041289 328.540272 32.516146 -86.512939
6.811278 13.006121 43.046857 18.100952 4.263806 28.656477 -93.771262
6.206692 13.204736 42.794978 14.253259 71.874662 58.562834 147.805094
6.538399 13.209384 42.781382 6.026556 67.077036 44.432581 31.996995
6.277079 13.050484 42.912888 14.530885 316.224522 40.906121 -81.431697
6.319846 13.002823 42.896433 14.917124 340.895236 33.303098 -79.587653
6.604398 13.191896 42.979594 17.967753 150.725713 34.213366 62.157279
6.446462 12.807586 42.675371 7.698244 176.339883 57.596095 -78.980477
6.316105 13.098721 42.917312 5.615820 73.607043 81.186750 89.039801
6.444124 13.133172 43.111450 2.551489 157.132839 29.494532 94.205224
6.330390 13.193603 42.966044 6.330247 139.184642 29.432709 115.986651
6.518822 13.147082 42.758517 5.378920 64.324736 50.727720 -106.436661
6.373829 12.946888 42.720344 14.602217 153.555527 44.722718 -96.992112
6.642713 13.255373 42.954985 13.409332 236.454560 22.373607 110.091123
6.684065 13.036008 43.062657 10.723679 111.845807 35.211741 -91.077706
5.967661 13.119823 42.965217 11.223657 176.527004 42.364683 -57.379269
6.536825 13.343755 42.644436 3.184391 324.067458 38.536467 -114.542439
6.750101 13.135717 43.011873 4.409977 172.074975 49.536239 -98.463240
6.433645 13.102316 43.014430 5.705542 348.537012 50.908830 -46.174904
6.835764 12.741356 42.754845 6.135703 296.525885 20.847581 130.061413
6.170014 13.227946 42.776262 7.955759 169.737498 41.115132 -74.108478
6.473075 13.372249 42.914909 11.201556 143.452396 30.467755 29.484956
6.419645 12.960916 42.798571 5.768030 142.212796 50.684323 -132.362854
6.041904 13.112026 42.781031 19.784859 74.073750 78.008412 34.250244
6.208731 13.205249 42.941304 14.259621 160.570802 26.184295 86.370179
6.874239 12.862504 43.241109 11.794026 330.015738 60.613650 -54.553627
6.651282 12.918555 42.777496 6.087197 302.025604 71.587782 -115.323772
6.393978 13.208202 42.821198 17.523470 4.899581 47.435733 -179.226801
6.028186 13.190096 42.833333 9.620180 165.935772 51.738638 -115.802186
6.461543 13.268405 42.929363 7.802029 152.067857 34.238893 130.507762
6.310930 13.076682 42.892485 18.625382 133.444110 50.676739 -54.077213
6.708091 13.399684 42.906909 8.995499 146.182017 34.067144 96.399999
6.375785 13.016029 42.947445 10.095587 173.101605 48.999133 -62.601266
6.747931 13.088080 42.824742 12.980685 351.344478 33.653838 -108.743282
6.226420 12.991178 42.906239 7.825523 118.637567 27.281956 119.581839
6.602183 12.976267 42.905959 11.995712 179.925510 60.049797 78.875312
6.665677 12.780294 42.966847 14.451529 160.201755 50.063956 -65.455208
6.532559 13.087395 42.739815 10.475038 103.334797 86.024328 10.616081
6.231540 13.182036 42.687933 5.573972 349.113883 45.467413 -113.725651
6.307698 12.895369 42.921379 10.183690 156.684242 49.487972 -129.500000
6.716794 13.066451 42.913660 10.865125 168.976077 58.833436 -99.056558
6.079156 13.016580 42.696888 11.306436 31.236071 26.406919 -97.434043
5.847834 13.003915 42.861515 15.720133 169.860634 57.355634 -54.679970
6.615562 13.216494 42.939566 14.774889 142.039967 22.067727 96.710753
6.731827 13.189221 42.566839 6.869065 309.781374 30.926065 -151.793809
6.678159 13.143400 42.648744 11.123773 139.982266 36.232047 -109.892411
6.580073 13.126531 42.608370 4.834109 138.120694 52.643778 175.931307
6.740100 13.236242 42.810335 17.242413 179.033249 25.173408 95.576625
6.771974 13.149645 42.894301 21.639324 47.054355 80.965914 165.291212
6.417484 13.528137 42.769241 2.782611 178.888431 35.683142 81.477966
6.784678 12.995027 42.737239 13.412222 13.402881 51.254561 47.848660
6.759378 13.055546 42.795440 8.436382 113.824151 45.181318 -107.145846
6.597970 13.140659 42.850185 4.035360 144.229206 28.374432 45.099854
6.466086 12.955633 42.810024 16.436162 27.418525 84.374505 137.414279
6.677763 13.204979 42.520549 6.774428 142.823309 50.811865 -133.928721
6.639466 12.946101 42.641008 10.946289 340.882912 26.296881 -123.071281
6.103241 13.020945 42.809870 11.933843 169.909429 26.047221 -58.694327
7.097494 12.539968 43.177175 7.696725 112.153605 81.945257 -154.096858
6.705258 13.238055 42.683599 17.918111 176.273159 26.388641 106.952616
6.604667 12.958115 42.784308 9.838779 129.435829 55.021326 -104.823412
6.336572 13.148560 42.861308 10.912661 177.563526 24.237553 -99.790452
6.598000 13.002810 42.774180 9.926480 327.671142 22.360424 -52.521259
6.560756 13.084802 42.963467 8.250375 167.935782 23.323482 81.981784
6.578587 13.288764 42.716682 6.700973 164.713356 23.310241 98.876245
6.492516 12.997400 42.996254 17.514890 156.711018 56.261536 -95.082801
6.267014 13.024185 42.854052 4.616708 52.976028 82.300040 -138.957012
6.479412 13.372620 42.712092 15.172750 269.085347 49.305676 -178.924628
6.361569 13.228577 43.064085 10.785381 121.939241 86.164729 -30.057581
6.370601 12.847468 42.860112 10.280494 150.810029 41.484686 -60.977544
6.405328 13.102287 42.777362 14.011532 310.606543 32.308466 -161.948896
6.308741 13.204129 42.957056 14.978550 137.119650 25.553419 77.896213
6.477419 13.075569 42.877483 8.863356 172.775159 20.190527 110.445639
7.109112 12.435659 43.042382 9.116138 249.706496 45.318341 -36.307241
5.955097 13.137237 42.857118 11.065997 171.299439 40.369903 -65.741474
6.407632 13.140038 42.755314 12.623281 155.773180 34.122318 64.560186
6.248684 12.998765 42.956066 5.602343 143.769262 58.133276 -92.430394
6.845051 13.506502 42.437295 16.728686 145.126951 57.010677 -87.195099
5.917609 13.160568 42.826168 7.693580 304.545165 25.394233 -53.144286
6.819149 12.731129 43.107858 10.814096 29.044272 89.208028 -25.738526
6.701471 13.125554 42.811901 15.549726 164.881871 56.552552 -46.769444
6.967420 13.363507 42.723183 5.921558 291.882815 58.760916 -73.030770
6.271035 13.215905 42.720807 21.936188 159.206788 36.285080 104.804685
6.151580 12.947118 42.820763 14.712682 163.023449 50.919332 -120.529802
6.726526 13.281146 42.853300 6.200376 90.646973 89.537823 20.940628
6.275014 13.191285 42.884011 10.905323 175.325548 40.370497 -87.996484
6.357029 13.007072 43.005417 18.029880 141.680786 67.203283 -114.070880
6.939366 12.766785 42.220199 12.345055 316.058127 44.469589 -139.337371
7.160306 13.306178 42.795897 9.540046 175.880150 60.960796 161.965211
6.990246 13.105828 42.744055 17.260370 315.165347 35.021300 -62.410332
5.839929 13.037014 42.877604 9.716132 142.935884 45.197228 -50.236038
6.479293 13.194154 42.905343 9.110245 173.808257 28.415736 120.808596
6.501273 12.974532 42.983664 8.817821 150.753010 33.689976 64.164286
5.842518 13.179098 42.832855 16.724431 127.062442 72.484633 -90.763542
6.713651 12.645817 42.760746 9.062570 324.646136 23.054880 -98.269870
6.518386 13.367580 43.016793 9.033764 147.024407 32.082502 98.774497
6.767832 12.945663 43.082743 12.411755 113.060609 57.836149 113.274779
5.893271 13.122597 42.722431 5.780703 166.949762 29.151507 111.927402
6.323605 13.030568 42.853500 9.025023 175.466771 51.820683 -134.391620
6.528880 13.027880 42.711818 11.027592 338.451528 24.498517 -125.643940
6.554526 13.118385 42.816464 14.885782 138.228707 30.110417 55.993164
6.397133 12.979166 42.923739 3.330467 149.274426 51.319958 -46.201925
6.272767 13.043967 42.822995 13.834807 128.548681 63.096654 156.204289
6.848264 13.476144 42.929879 7.370910 148.876660 40.911203 52.627855
6.520999 13.033217 42.872249 6.382578 153.056044 25.417092 -105.350688
6.389642 13.092444 42.831213 12.650064 49.810146 81.726516 -159.645881
6.661886 13.030562 43.028710 16.077636 96.026767 41.655210 -81.714949
6.612998 13.286220 42.822155 5.314479 174.737850 34.677426 62.547591
6.722000 12.826156 43.016874 7.571646 340.106842 27.538671 -57.477165
5.870207 13.240833 42.723726 10.083788 217.263317 35.224974 122.350191
6.240114 13.081891 42.749157 17.393687 101.261331 73.115963 -102.535079
6.743709 12.939983 42.897343 12.723984 143.299153 22.165835 85.215948
6.614804 13.407140 43.057261 10.831273 308.156584 65.925663 56.684605
6.439828 13.024540 42.900203 9.498514 91.768149 70.225643 -114.364950
6.321999 12.971009 42.749034 11.494801 158.950854 57.814414 -114.212106
7.028488 13.160824 42.828061 10.972582 327.397377 41.023242 121.713846
6.768095 12.713653 42.800378 17.415000 353.944187 49.147204 -53.893953
6.414232 13.208703 42.630406 3.949586 147.990859 41.147691 -114.432742
6.448517 13.196522 42.794494 4.788233 64.580453 59.142762 -81.007389
6.351603 13.154437 42.890778 6.472314 30.157658 36.546546 -105.260365
6.509122 12.985901 42.970742 5.504956 166.690664 80.191407 -33.716222
6.577999 13.265627 42.714993 3.779420 262.895982 49.114616 -80.285475
6.568457 13.042009 42.834141 6.024488 55.785609 17.257362 172.952679
6.361467 13.288884 42.884559 17.847553 64.655072 88.133008 -140.295112
5.973054 13.197955 42.885104 8.780598 321.168975 29.645357 -82.141222
6.419584 13.122708 42.542106 5.044481 96.877685 59.030398 -47.674891
6.437371 13.100265 42.867998 9.602918 271.826224 20.675170 -54.840721
6.467997 13.001859 42.730679 17.435269 168.690515 48.621785 -78.140275
6.581277 13.215109 42.684699 8.846242 290.324995 20.203779 -47.279214
6.687277 13.162686 42.896329 13.286530 150.441294 38.021099 48.911693
6.716800 13.114181 42.874986 5.206392 157.585897 27.785961 -63.926072
6.332494 13.103893 42.722783 8.444605 307.930723 61.369719 -110.918085
6.732719 13.175611 42.732617 14.288365 175.209168 32.134670 69.291408
6.117668 13.156923 42.913019 15.492668 1.950117 88.496093 -136.718928
6.910941 12.651105 42.884787 7.067137 119.292856 51.452917 96.230417
7.013743 13.336951 43.047422 9.172705 152.829477 38.229968 109.767279
5.892492 13.043383 42.859729 14.728503 170.012922 84.666592 104.848377
5.862294 13.084600 42.711253 7.837901 327.282433 41.338986 -115.887214
5.878761 13.145918 42.777042 10.516208 94.117215 53.543333 -77.060645
6.603009 13.068956 42.732728 16.503486 176.582608 53.052405 -134.605686
6.780881 13.450822 42.857374 11.730563 319.562078 33.129324 -12.807767
6.868522 13.427703 42.830656 27.329333 140.758790 39.295856 77.996519
6.929580 13.461971 42.785012 13.674301 108.588470 47.273205 103.536082
6.604688 13.057286 43.224969 3.477636 321.845456 40.809103 75.617092
6.732248 12.888351 43.122936 14.193119 0.868570 80.875490 13.586512
6.623933 13.308306 42.823139 11.362813 151.536438 22.554627 82.011659
6.154858 13.115119 43.001219 10.989096 322.630814 69.776382 -22.374208
6.662716 13.244369 42.889363 18.827116 282.629722 71.270259 104.595405
6.610216 12.736542 42.912850 8.265168 348.366055 45.158413 -107.706470
6.662095 12.993664 42.717983 5.089914 35.372770 86.624095 16.987514
5.851686 13.059112 42.907304 14.414417 2.343415 52.234146 -23.163112
6.607924 13.261095 42.761398 14.648172 274.353731 13.519382 -117.515571
6.237588 13.231754 42.877486 6.461954 358.484059 40.037792 104.707205
6.452053 12.987800 42.697302 20.861905 135.503319 52.140476 -115.883629
5.840995 13.020254 42.815850 11.391571 178.197582 45.933110 -79.197664
6.343577 13.065730 42.812751 8.582930 326.304004 46.324150 -121.095644
6.795014 13.617939 42.725076 10.789625 39.613643 83.707653 -169.273180
6.816838 13.180754 42.908279 5.973051 171.530888 46.574778 -93.768042
6.236190 12.818982 42.818427 11.256671 333.772705 24.195535 -83.136057
6.085442 13.161726 42.771632 10.540469 113.228410 37.262272 110.367706
6.853926 13.445382 42.775739 3.645643 141.865557 31.586017 106.666796
6.356296 13.172303 42.681526 13.956156 147.471592 47.827977 -103.917333
6.708236 13.192258 42.810103 6.836587 125.664967 74.963212 -149.128522
6.176185 13.008634 42.869058 18.097882 27.389094 81.355928 -40.375310
5.627493 13.115853 42.852836 14.729932 328.860649 25.349468 -125.547399
6.334252 13.155945 42.825146 10.092947 166.240201 45.493185 -106.898249
6.511948 13.146357 42.918056 14.885426 80.803359 63.110107 116.241164
6.814282 13.146682 43.131274 6.429989 147.804442 60.864964 -118.839142
6.226331 13.199830 43.005327 13.509741 137.064499 24.884899 113.588195
6.498089 13.294939 42.820290 12.680516 146.322611 36.694948 54.890893
6.711483 13.138455 42.683379 12.970850 268.646888 31.006066 115.635629
6.758362 13.401653 42.726188 17.495082 245.116313 30.004264 -156.779405
6.999462 13.344740 42.872514 6.962930 131.473282 50.702234 -47.742891
6.099931 13.119414 42.941173 10.299134 173.972961 48.571608 -108.565965
6.273167 13.265575 42.847784 20.894642 145.789803 34.503211 120.123347
6.139365 13.115395 42.723210 9.459058 321.079865 34.330406 -55.959708
6.826705 12.983569 42.718918 9.461453 336.703278 39.348564 -128.827091
6.514233 12.991208 42.873097 18.383211 150.933067 43.253740 -77.772296
6.770461 13.048845 42.606782 15.579149 40.966290 84.290772 -23.091310
6.848405 13.386630 42.752129 8.104598 143.741811 24.421844 87.651272
6.600956 13.187158 42.885662 6.457893 104.976847 32.913547 97.984172
6.369822 13.105872 42.949233 15.263287 113.162121 67.695044 -123.431909
6.146729 13.259898 42.927666 7.986047 92.855732 77.883100 171.694061
5.942339 13.122583 42.705579 9.794802 286.096819 42.869393 51.722769
6.630670 13.053995 42.678997 8.932170 146.948266 51.835231 -134.739143
7.052957 13.274347 43.020955 3.973167 146.907861 20.205023 98.031164
6.663523 13.134304 42.795021 7.580585 158.119867 32.916283 70.394488
6.502467 13.233536 42.945319 6.903760 168.279266 20.873237 99.470642
6.665917 12.900052 42.863732 11.521864 159.824141 48.077606 -132.830931
6.126475 13.024433 42.864082 5.363163 329.911798 39.605956 -134.299571
6.266380 12.930915 42.915729 9.972828 337.856848 65.022514 -98.322256
6.609651 12.955916 42.981823 12.527438 26.357881 84.748189 30.396380
6.346894 13.047520 42.831907 8.778499 145.050596 43.467886 -106.115486
6.720788 12.711296 42.765403 25.170179 55.825747 82.143974 0.413703
6.597246 13.337353 42.816219 20.571881 163.324328 59.430826 -58.636444
6.502654 12.872407 42.653226 19.413612 138.946450 63.166069 -101.119082
6.348033 13.313100 42.725898 18.057728 154.698453 21.749342 50.866029
6.946377 13.047862 42.797697 8.257795 303.318577 72.463293 -49.155005
6.396813 13.192468 42.692138 19.455366 143.883937 20.471907 70.006534
6.866398 13.400386 43.056105 7.136891 154.550379 38.262201 76.666624
6.794168 13.056110 42.968157 8.667983 137.907539 33.218616 -129.646082
6.847512 13.042265 42.673405 24.308650 117.083460 46.623400 -62.945864
6.745342 13.410599 42.676898 7.175827 33.750360 88.127110 -131.367726
7.170638 13.567831 42.535218 15.951420 30.172427 85.088251 -143.546883
6.411922 13.070380 42.935686 6.966496 315.424134 54.205114 -89.530449
6.880184 13.017790 43.100657 8.302198 158.779121 45.104118 -103.631178
6.273927 13.159452 42.796654 11.775541 229.371093 39.568259 -18.078232
6.734014 13.285055 42.855688 22.531897 128.956976 45.182968 -130.037523
6.504142 13.335663 43.010868 13.506337 167.918252 25.008930 94.109085
6.352441 13.178606 42.781472 18.252020 159.298075 22.493407 72.360813
6.593088 12.913751 42.820406 8.965495 123.808639 83.118365 -139.495100
6.821283 13.429587 42.778358 6.317888 151.921072 32.115445 109.590442
6.536515 13.501252 43.014200 3.885907 158.837462 55.425313 133.611175
6.665050 13.184391 42.847709 5.276052 159.690227 46.130647 -121.240926
6.567620 13.129100 42.851309 3.944265 169.617417 22.222526 121.399550
6.388565 13.172354 42.812656 14.941450 174.685255 38.407449 55.258414
6.375992 13.142260 42.975817 11.283719 158.456163 31.105282 99.274240
6.516922 13.126174 42.946259 15.641963 348.358335 55.813256 -46.412579
6.210496 12.956304 42.799605 6.516171 179.160195 43.832302 -112.108868
6.891079 13.610150 42.929214 13.246185 179.116026 48.608191 55.625802
6.588124 13.147755 42.837150 7.899719 149.897073 36.404909 107.732572
6.347676 13.252947 42.948469 9.844961 147.643447 22.772952 90.149256
6.340928 13.260331 42.823541 10.608104 167.250426 50.247976 -49.500751
6.084981 12.982387 42.822991 11.405297 152.241931 50.424875 -120.381823
6.745873 13.166344 42.842446 8.711978 157.384519 22.522503 -59.705483
6.765683 13.225945 42.617289 12.601780 171.918300 56.916788 -117.425173
6.555633 13.020080 43.059797 5.995864 175.449177 30.455622 80.133797
6.759897 13.110983 42.834557 14.274092 170.402876 58.867931 -100.224969
6.515431 12.999478 42.824122 15.062298 57.065395 59.153358 -166.865159
6.038405 13.048146 42.665533 10.166272 316.121313 32.850776 -62.454383
6.508271 13.348936 42.873874 17.767703 270.126107 46.579982 -71.915909
6.105243 13.105140 42.655379 3.395006 291.013520 23.460362 -115.509078
6.781735 12.958696 42.988098 4.287913 148.381043 45.019389 -88.188170
6.660468 12.738521 42.880598 7.797027 358.758432 29.980724 -63.069469
6.146436 13.196255 42.686299 16.845571 158.347016 46.478266 -106.415932
6.368363 13.179877 42.852330 13.343126 137.073641 30.923447 56.614864
6.496273 13.043214 42.765932 13.266917 343.261945 68.443199 -17.110132
6.620066 13.241993 42.793712 6.968561 23.320129 67.765763 -109.437591
6.114015 13.077708 42.850888 10.042796 287.292736 78.702778 134.117813
6.491923 12.876750 42.748669 8.569076 127.767817 16.747176 104.534280
6.790188 13.215986 42.944461 13.975892 301.648530 73.883110 129.753577
6.257941 13.083033 42.773352 15.970593 177.450181 46.493815 -108.606321
6.548094 13.322400 42.851113 7.210292 164.344327 29.554245 97.699260
6.637761 12.712381 43.001035 20.609868 272.426513 51.678861 67.894103
6.475472 12.959203 43.013247 7.681307 169.569848 22.444796 68.647134
6.325586 12.992518 42.922267 12.374662 177.978199 20.091059 131.318665
6.538586 13.155576 42.666392 10.635419 110.935865 42.645810 -62.396993
6.699532 13.136501 42.682031 5.220483 125.969496 80.637098 163.138832
6.544088 13.299734 42.928595 7.915521 149.706164 49.264795 74.727712
6.192190 12.937235 42.879655 6.935612 61.505707 33.398671 107.173879
6.385079 13.359588 42.805771 14.444156 133.682588 87.636557 -13.943849
6.995675 13.398699 42.607539 19.082181 287.468777 22.770029 -154.866372
6.499715 12.957874 42.846259 16.186704 122.677436 75.023816 -119.325593
6.269656 13.353932 42.866634 14.660161 187.704836 65.748053 -175.574420
6.596349 13.236996 42.928256 8.890405 172.603191 25.237895 99.004696
6.265479 13.072307 42.876321 16.093891 212.276925 56.729119 -141.456359
6.145854 13.132102 42.784035 4.348455 154.437878 59.686892 -52.248318
6.020010 13.142256 42.851439 12.290176 161.763058 37.308364 112.995591
6.061399 13.057353 42.914321 2.770800 180.548568 43.798837 85.426115
6.170148 13.040081 42.877954 16.439642 142.374554 43.445547 -85.270549
6.645411 13.069463 42.864147 15.483531 186.256568 15.054785 -7.239005
6.267162 13.035994 42.681184 18.066525 324.456552 22.953550 -108.766767
5.909794 13.131623 42.858694 2.976984 164.168377 51.441481 -57.072013
6.580757 13.183480 42.696547 17.819222 117.666187 67.733259 -131.093898
6.480452 13.244800 42.918952 10.748597 138.092124 35.018540 78.288404
6.358293 13.154012 42.911107 9.277054 75.668807 79.807264 102.899796
6.770961 13.174541 42.762829 16.134696 272.792671 59.891263 -74.741672
6.077599 13.062744 42.858169 6.779301 339.068251 27.473797 -109.490604
6.718838 13.004283 42.961077 11.457441 328.012494 44.771833 -69.116459
6.479871 13.012899 42.995021 3.843616 143.746705 59.996354 -61.932229
6.245257 13.275870 42.791867 9.100107 112.141827 44.054764 111.072301
6.547696 12.872292 42.809351 11.040876 152.797818 45.549442 -88.457376
6.634822 13.300528 42.810409 10.325468 354.606360 52.260845 -51.619653
6.573012 12.936718 42.674478 22.022725 179.026270 41.490347 -83.929855
6.538577 13.008706 42.868016 8.194252 62.319307 42.838871 79.718920
6.559114 12.704753 42.919572 9.251979 323.071705 45.255556 -109.984556
6.482654 13.063328 42.869056 3.958921 315.508566 42.250724 -82.892917
6.709748 13.007342 42.649808 8.355583 325.016553 32.439462 -105.643142
6.353239 12.998019 42.777055 6.288860 245.299962 74.204141 -151.777012
6.617684 12.850483 43.049841 6.622472 149.367584 47.994788 -94.564407
6.884002 13.012818 42.700527 16.202490 245.929574 56.630756 76.875100
6.241143 13.258368 42.886560 15.249116 159.879905 52.704684 -111.821931
5.942263 13.003068 42.785371 11.140412 117.877961 43.135526 61.863006
7.009815 13.884549 43.074434 6.090617 161.212248 57.378688 127.535913
6.493092 13.256357 42.747169 18.605935 173.087846 31.351408 98.378446
6.773528 12.969366 42.869812 13.961001 341.044329 21.178708 -68.996642
6.380009 13.317939 42.806510 7.598161 163.032470 23.706974 -77.774746
6.873482 13.160486 42.777844 17.029244 144.038665 35.418948 51.606053
5.895509 13.129335 42.842894 4.697895 285.116126 45.405139 -129.261912
6.296702 13.018146 42.852161 6.293554 94.521397 82.024774 44.021093
6.816377 13.270652 42.931938 16.144462 194.050025 56.319738 100.552648
5.997599 13.012438 42.696677 9.618874 322.368539 51.209512 -119.399528
6.159058 13.229435 42.825373 6.527402 308.413071 74.410506 -52.427254
6.359152 13.012841 42.911796 7.467743 155.942610 58.672104 -84.598232
6.472663 13.196218 42.814190 6.066084 343.151543 40.562026 -14.790249
6.942608 13.533781 42.913535 5.693021 141.554294 57.027623 86.540562
6.617273 13.245088 42.605139 13.104626 109.880588 56.980493 -84.728295
6.576046 12.850717 42.900058 2.926725 294.573227 26.809848 -73.835748
6.284362 12.935344 42.814620 9.107356 140.320808 59.090657 -46.220479
6.858256 13.264032 42.502872 6.525785 138.995446 50.876594 126.815581
6.541244 13.204208 42.958832 10.282187 41.993061 51.543672 81.965872
6.596881 13.208369 42.767199 6.209490 148.108311 45.387551 -53.942757
6.123254 13.273822 42.773293 7.517923 160.868839 35.004324 132.754273
6.579228 13.201612 42.715201 18.612651 200.912110 58.471546 -95.878148
6.737562 12.730413 42.902285 10.996688 15.713739 51.059906 -123.059871
6.998769 12.538055 42.745433 10.860841 341.146449 41.109652 -127.996260
7.435809 13.671963 43.422985 15.206320 53.761454 60.098315 148.271929
6.679861 12.855452 42.665299 9.697820 341.049252 32.827557 -87.874465
6.471192 13.184984 42.773391 12.913539 108.220741 47.890441 77.542639
6.150731 13.036672 42.862733 19.693411 147.177374 79.668494 -27.000930
6.066695 13.124730 42.861533 9.610033 139.869266 72.489229 153.254904
6.349710 13.012082 42.927050 14.647691 172.254389 36.545329 79.901324
6.424219 12.913332 42.781544 12.140297 153.074893 41.846863 -122.253112
6.536548 13.084058 42.812116 9.014865 327.256251 27.688141 -63.706186
6.509973 13.224804 42.945411 13.018486 72.127221 89.855927 -0.941858
6.756766 13.115922 43.006844 15.028861 164.041193 33.642035 107.878851
6.561886 13.238512 42.838523 9.104346 69.489296 84.447797 9.762665
6.351936 13.073995 42.792697 6.871612 21.850078 45.747477 53.236983
6.437624 13.039504 42.816464 14.139058 343.521340 28.884778 -121.701649
7.146582 13.021577 42.670756 4.051732 332.231358 12.603221 115.932166
6.545277 13.299157 42.939946 12.333729 349.468034 73.801973 -161.705999
6.282582 13.129472 42.753485 11.718543 168.301547 21.905194 71.740880
5.996164 13.197619 43.043937 8.220199 168.741916 33.688622 102.799992
7.059497 13.425645 42.866869 17.213235 140.496239 26.518005 50.553126
6.673641 12.922099 42.815369 4.048048 96.578412 47.957088 123.950560
6.272421 13.134196 42.770647 3.976898 159.338907 24.762922 62.797674
6.920709 13.276845 42.945012 20.375975 144.333127 24.132190 48.678522
6.740663 13.106697 42.795144 11.167573 172.183793 44.818728 -121.843695
6.593275 12.860260 42.885783 12.564151 320.744131 42.930555 -85.887206
5.871196 13.111811 42.882049 13.263032 359.407630 35.310626 50.494589
6.517041 13.129446 42.633256 7.458688 6.262111 29.926204 -82.013749
6.881181 13.183344 42.654374 10.416385 158.213172 80.760304 -95.593756
6.778550 13.487335 42.491660 12.996051 316.003753 55.597840 130.593622
6.686883 12.970180 43.031832 7.133447 140.525127 41.456513 -106.940457
6.642077 13.065526 42.904167 7.543389 70.428674 13.723839 61.379774
6.094338 13.040037 42.885840 11.923945 41.860411 88.646512 -148.156287
6.543349 13.185289 42.782923 18.495484 162.904900 35.697832 127.318134
6.706824 12.571352 42.771986 19.827357 322.213791 67.408125 -8.444447
6.068161 13.142087 42.876812 22.132809 165.060973 43.648097 -120.083795
6.657579 13.074536 42.934138 16.009820 218.272580 55.261169 -22.300329
6.789035 13.383774 43.001207 8.438426 153.769031 65.016012 90.209009
6.609893 12.961734 42.732313 9.808918 270.835130 75.849848 -140.753513
6.790965 13.077074 43.027201 15.023599 153.111877 25.754028 -112.954546
7.075096 12.902790 42.890250 13.633945 305.998203 45.183517 -70.738142
6.663456 12.986105 42.732562 10.996882 173.873844 85.197665 -44.657813
7.013787 12.891342 42.561575 13.319859 357.099605 25.831022 -68.506811
5.999901 13.155728 42.864622 9.680708 137.126742 24.787250 123.872336
6.401658 12.767224 42.726400 13.933986 354.174403 37.445978 -125.841342
6.510217 13.258940 42.797127 6.466831 175.677546 34.330181 90.469399
6.692155 13.142172 43.041236 11.505568 162.228534 30.619520 100.908136
6.797665 12.944529 42.640535 10.748410 323.012637 29.838471 -45.237483
5.852414 13.148571 42.873776 7.766821 139.269956 26.872915 52.048104
6.801823 13.093315 42.895815 9.862191 346.361431 51.178392 -124.396073
6.967552 13.335198 42.887896 8.670281 147.420156 30.263690 133.738366
6.625667 13.450578 42.850923 9.307058 165.758722 34.993601 90.274352
5.871351 13.093713 42.873646 13.320808 358.353774 26.049480 -55.876538
6.893813 13.304279 42.601329 9.176582 141.973513 43.022017 -98.634881
6.651771 12.882876 42.793720 9.283247 336.543440 54.947678 -67.813844
6.337729 12.986565 42.722398 10.480289 160.099798 51.089120 -126.571169
6.691186 13.111519 42.675246 5.216611 181.045764 49.773769 156.629433
6.397999 12.926141 42.619454 12.740408 23.390090 84.924018 10.044716
6.936381 13.205957 42.957214 5.753273 153.108416 25.708901 94.153398
6.658314 13.156020 42.911090 14.230158 165.096385 37.514576 85.250346
6.411951 13.158275 42.822054 13.784462 153.381640 22.841492 104.465325
7.076946 13.359737 42.914413 8.781336 108.478115 58.820324 -177.189533
6.746328 13.138563 43.095490 5.498748 59.307610 85.251551 -152.646955
6.443936 13.183692 42.941784 15.236907 162.981623 29.136624 76.751606
6.473045 13.286224 42.647129 13.483997 136.144252 51.648308 -99.644608
6.684381 13.246962 42.821336 7.032160 153.119680 38.552428 62.886729
6.287298 13.159790 42.822869 7.466394 97.555217 89.328293 -147.241203
6.884675 13.528172 43.048678 4.497987 176.175367 41.946442 85.431167
6.430632 12.882639 42.792860 16.536705 283.277981 53.409498 111.056519
6.543458 13.493290 42.810028 8.532166 283.643458 72.539600 105.364241
6.674341 12.753127 42.902580 13.175769 349.557588 29.309178 -60.466715
6.672645 13.182934 42.715748 17.892733 103.604731 73.616835 177.768714
6.861712 13.349286 42.622709 5.623274 38.954419 63.734442 -145.431007
6.419579 12.751287 42.676660 10.890804 185.176302 54.678348 51.006346
6.389451 12.925247 42.894650 26.288916 204.830546 74.188721 148.068504
6.589917 13.255316 42.796559 12.756057 169.153546 36.261845 78.047244
6.540164 13.075409 42.857745 7.579316 160.017159 42.545584 -47.593813
5.957915 13.008300 42.720329 11.834183 248.511005 75.245052 -139.582338
6.354118 13.175989 42.891483 14.288573 173.020896 41.980721 -106.912307
6.455806 13.094365 42.922965 3.281297 318.512479 45.582787 107.964285
7.444095 12.364192 42.741407 7.097496 168.896907 37.727301 -82.085699
6.983959 13.157901 42.395893 8.888964 280.621072 66.188047 -73.028252
6.199821 13.199323 42.945921 10.797950 167.113272 36.688314 77.402306
6.101205 13.088082 42.754644 8.218922 169.646355 56.271691 -83.829588
6.690342 13.075235 43.028852 13.268727 163.874781 48.504350 -65.517017
7.143140 13.485951 42.986599 23.607298 168.041705 59.979729 87.248012
6.703468 12.906140 42.951799 17.681892 161.566573 52.055877 -94.767488
6.382182 13.099620 42.715821 5.741067 359.828225 20.957540 -52.872097
6.387944 13.110747 42.866282 13.017646 112.306525 65.592733 -162.183576
6.850466 13.150593 42.781128 4.575741 155.252467 29.018244 83.425799
6.101095 13.080559 42.792413 4.358958 185.554067 51.478560 -67.017123
6.400498 13.087862 42.844324 15.933455 141.281043 23.615354 151.722836
6.460849 12.963309 43.009992 10.655709 272.391017 52.297621 -52.893426
6.756556 13.224608 43.035706 4.907208 273.073333 59.917215 -105.909258
6.065409 12.966426 42.858954 7.351879 97.095880 43.819409 -47.182013
6.409091 12.970783 42.786900 9.755367 351.374783 24.735585 -123.425541
6.758046 13.088859 42.810099 10.060795 23.898392 55.443031 -116.567652
6.710867 12.695666 42.931293 3.513825 107.419091 15.138359 104.845515
6.211959 13.026732 42.868796 6.207994 326.196769 41.945455 -52.494426
6.190168 13.095352 42.849120 11.905492 179.935753 43.995602 -86.747884
6.402885 13.028926 42.911835 9.201056 126.338619 15.561073 -98.796668
6.518663 13.054553 42.853098 11.446636 178.673921 49.774359 -68.244756
6.277475 13.220387 42.826910 13.300923 320.906218 56.418292 -116.011221
5.759331 13.070833 42.828004 19.899354 15.740666 44.777187 -60.158587
6.341689 12.879560 42.849347 12.836724 179.253788 48.992813 -114.770487
6.791189 13.064440 42.840586 19.015487 10.958159 34.938158 55.477929
6.902927 13.061577 43.058667 12.073578 287.564817 71.456862 -52.831093
6.027136 13.197332 42.861236 10.528461 228.507783 29.582065 -116.529512
6.157561 13.156370 42.901436 11.771732 166.216298 23.656425 72.525007
6.440346 13.067604 42.784214 5.786505 339.673994 28.541674 -45.916983
6.746194 12.991657 42.778394 9.058166 352.412997 41.968143 75.838926
6.601950 12.876515 42.825475 7.516983 265.405755 48.657570 63.182980
6.632261 13.268076 42.937179 10.993250 145.015200 27.236687 55.846288
6.234424 13.191813 42.870460 9.514435 148.392704 38.966874 109.978157
6.751340 13.081292 42.779315 21.622910 303.911319 68.522179 145.399700
6.880534 12.613048 42.862779 9.127108 352.662288 30.631443 -124.458216
6.453944 12.911086 42.833963 16.193669 149.450114 82.958137 0.207551
6.685318 12.570743 42.753790 14.529118 321.120046 32.136231 -78.241717
6.194004 13.141478 42.762754 4.731141 166.909686 42.052468 -58.296728
6.229388 13.038650 42.988739 13.393371 7.459856 32.865237 57.994846
6.828962 13.528904 42.702059 14.304037 169.771563 55.915944 120.867851
5.954976 13.044587 42.882432 9.510094 164.656581 40.839168 -53.876614
6.778535 13.149166 42.904566 15.228634 160.032515 57.131964 -94.451590
6.728263 13.131389 42.838405 5.042266 164.958302 29.178992 66.545998
6.509692 13.129045 42.772890 12.028981 358.699785 53.562055 -101.249079
6.397154 13.203802 42.982582 10.088391 126.945861 48.443959 120.113912
6.315866 13.314583 42.873968 17.017645 163.798537 51.002933 -83.552327
6.061172 13.314479 42.944760 13.328816 138.370496 23.448966 134.879670
6.310108 13.137759 42.829349 16.627445 351.702196 58.170756 -104.600834
6.621879 13.254817 42.936879 14.829573 90.445887 43.671421 67.317285
6.587882 12.893697 42.778569 10.237865 270.617950 64.553907 -85.631037
7.234865 13.811804 42.726555 9.548633 161.043096 43.334370 63.458406
6.776050 13.259452 42.562206 5.663675 84.913034 86.707141 175.701066
6.049664 13.070785 42.794254 4.284579 229.783872 18.874063 71.476323
6.274439 13.009600 42.922384 5.248329 170.301543 52.314139 -111.685426
6.141957 13.126798 42.839932 11.977434 165.740722 23.572895 77.448322
6.292070 13.114577 42.881147 5.829695 123.654227 76.722131 -100.216398
6.554197 12.916586 42.872682 12.863051 164.588098 47.730274 -132.648398
6.413986 13.064641 42.821580 4.425132 212.576789 56.830275 -89.287651
6.710597 13.436997 42.660435 7.788955 24.459463 82.252880 -24.279787
6.318015 13.016587 42.830060 6.860457 142.842409 46.435537 -57.589675
6.718113 13.027745 42.807790 17.234318 156.745480 42.788446 -67.637088
6.620636 13.151377 42.966144 3.841903 162.493488 38.712315 101.082933
6.540982 13.185620 42.789763 14.220259 139.379058 22.090514 91.961239
6.590604 13.014922 42.982562 11.007464 174.778833 88.450355 18.136594
6.478114 13.428987 42.892149 11.432770 161.924922 24.297181 98.562965
7.115150 12.373756 43.222260 14.604817 334.981388 39.271965 -86.160290
6.482280 12.979233 42.983103 10.563569 171.512170 24.036418 91.590390
6.568412 13.071524 42.908698 19.542632 251.928064 40.877934 -99.884754
6.359280 12.833692 42.821087 7.816997 317.833056 27.855794 -111.303764
6.617138 12.970012 43.099230 7.708039 146.279960 52.233581 -102.540165
6.564812 13.243248 42.940939 10.946232 162.982789 28.883571 116.755976
6.640463 13.178200 42.752479 8.256513 78.482041 82.116736 -176.125313
6.099957 13.194338 42.794090 3.118389 66.364668 80.988426 166.616239
6.747325 12.880967 42.724922 9.014016 333.998657 21.458365 -80.749738
6.430843 13.047526 42.833661 14.824984 169.012584 42.257229 -86.828727
6.328859 12.927389 42.825460 23.719229 104.027914 53.634209 -61.660680
6.656747 13.156532 42.780382 4.447659 302.730688 58.926435 -67.743200
6.589813 13.119612 42.625366 16.524394 359.532696 63.658443 -12.434630
6.311749 13.140300 42.835419 13.062906 348.802560 52.417836 -62.334011
6.253621 13.124291 42.882542 12.577698 177.981787 36.064980 70.970778
6.963928 12.855868 43.139882 19.067611 102.302971 50.185047 -93.873024
6.583005 12.948580 42.904220 7.058478 172.659582 43.625509 -113.593337
6.437629 12.958063 42.886728 4.545320 169.570672 53.823187 -54.843638
6.598935 13.189233 42.803659 3.095391 152.783018 33.806269 55.606505
6.573668 13.142853 42.758654 13.694407 179.805730 24.390469 83.575155
5.973847 13.155351 42.823028 22.112446 170.329887 28.541529 46.370126
6.419417 13.066611 42.926347 4.027123 152.234864 77.691434 -43.779421
6.630705 12.802476 42.707133 13.693092 341.671857 44.278156 -104.533065
5.817836 13.170945 42.822797 9.181020 161.370175 34.606795 127.907916
6.787554 13.228001 43.144581 16.063065 138.182261 41.410074 123.802985
6.828445 12.980084 43.008617 9.595097 332.932782 37.683751 -106.342087
6.498595 13.067294 42.808814 4.177216 160.276968 58.777776 -67.867327
6.195949 12.955833 42.854163 5.677789 262.967024 67.151073 86.373537
6.862289 12.924322 43.005245 6.952470 158.272010 35.560070 77.928981
6.126745 13.263923 42.709671 6.915387 162.372410 67.771766 -62.818932
6.848979 13.098496 42.756981 10.567951 171.214891 42.922992 142.346898
6.753664 13.392398 42.651916 10.174167 115.520278 74.537103 178.629647
6.996435 13.451889 42.600092 13.868839 99.492378 24.662528 -106.400925
6.290613 13.055105 42.806092 15.277674 145.502207 55.845435 -96.581591
6.452470 13.175424 42.549441 5.857128 103.742969 49.751144 -97.913204
6.683620 13.201761 42.722327 18.514619 150.814778 29.113711 54.348439
6.526494 13.339867 42.774902 11.882320 139.282856 47.651485 -125.272756
5.936679 13.140833 42.788815 9.858758 6.155639 89.655275 163.475665
6.357419 13.106181 42.706871 8.348858 171.203268 42.355987 -113.678868
6.481534 13.560956 42.776827 8.464407 142.351135 23.593839 56.602145
6.423307 12.858125 42.911905 7.253767 175.423694 77.375455 -120.930180
6.587421 12.874372 42.931526 7.042425 161.130779 56.294411 -128.158718
6.831922 12.910976 42.853288 17.132341 318.451944 38.448748 -71.134687
6.575834 13.506196 42.684571 5.031365 175.055255 33.008895 86.338962
6.916904 12.839654 42.853953 7.272171 319.539678 54.635974 -99.165584
6.640121 13.320843 42.818637 13.996748 173.501746 27.392692 87.385450
6.553973 13.318475 42.683774 7.817034 292.411033 72.487625 -104.117902
6.544250 13.268963 42.911054 10.648908 171.077513 34.101468 -170.730600
6.673122 12.826320 43.179507 14.574537 174.928775 54.694368 -52.696651
6.402279 13.209362 42.871836 6.065784 263.409961 67.419678 -38.250755
6.751077 13.118406 42.828052 20.216099 164.798183 50.378013 -64.309729
6.957159 12.885348 42.865754 20.482207 293.524309 71.987336 162.254038
6.447700 13.256201 42.638133 13.720983 181.048197 23.491766 109.393539
5.972801 13.146153 42.819980 16.542583 158.665053 34.984488 50.505405
6.231187 13.149072 42.776261 14.031496 50.562997 71.978173 -176.867948
6.626544 13.204092 43.130445 4.953943 252.035971 36.963485 77.514694
6.634870 13.147889 42.936481 9.315408 168.980901 20.767566 85.794722
6.262199 12.995254 42.854889 14.500265 359.231141 36.118905 -58.321006
6.200460 13.296928 42.628952 8.299727 158.451319 41.633956 -48.439997
6.726095 13.305283 42.722246 4.818855 346.820010 21.617793 127.175103
6.404865 13.290408 42.821930 10.417994 181.018290 35.272867 -112.349234
5.810293 13.076186 42.774337 11.457072 331.339173 25.257608 -108.343650
6.277798 13.050953 42.940357 11.563007 176.740100 48.671221 95.858006
6.513498 12.983261 42.688660 7.917041 165.714597 53.423419 -129.421681
6.082092 12.974577 42.857313 5.712824 336.667224 20.200171 -89.322292
6.403822 13.143632 42.921296 7.228784 162.283339 43.279881 -55.205326
6.297946 12.817573 42.864361 6.892116 45.517920 48.867465 -77.138555
6.913622 13.581725 42.463813 9.406052 166.830187 44.315821 -50.971957
5.700522 13.110743 42.877985 15.379396 229.581320 38.828892 -49.655980
5.843576 13.032673 42.817840 2.232450 21.575286 51.337226 -55.150089
6.785101 12.665931 42.702221 20.050815 332.611626 66.526042 -107.445696
6.915233 13.449943 42.447417 10.817474 167.216956 35.233998 53.542803
7.444605 12.617366 42.527548 23.106524 111.915201 59.479330 -95.121726
6.214274 12.933794 42.903801 12.844887 53.919607 48.842823 -48.859523
6.490347 13.233375 42.796946 15.157095 150.868157 53.590966 -78.668131
6.503075 13.158520 42.672318 13.714478 321.095524 51.518562 -126.133321
6.615904 13.109552 42.695181 12.427462 150.605709 23.802882 52.337582
6.440975 13.138405 42.831638 12.079820 176.194001 46.743944 -80.308732
6.328561 13.118973 42.840423 6.584940 141.937380 43.486210 -132.748723
6.965935 13.368219 42.893013 10.576256 142.650201 20.161449 53.568768
6.830850 13.064341 42.761202 20.790607 149.392702 40.724548 -91.355069
6.226229 12.944496 42.762935 12.293433 295.938477 56.943635 112.784755
6.277273 13.419055 42.820364 8.909836 302.246541 58.341832 118.020638
6.641690 13.259186 42.785473 4.313426 160.927069 56.882372 -110.700223
6.261550 13.163376 42.811292 4.283476 163.710072 43.435222 141.719697
7.080614 13.246816 42.750463 7.603767 95.729454 84.593526 -41.983664
6.921039 12.967960 42.716535 20.316692 331.408567 45.736588 -111.254437
6.120739 13.196181 42.766804 14.046588 358.582407 51.694448 -103.802607
6.843689 13.191878 42.777912 18.539388 72.240271 81.651936 136.520557
6.254604 13.082871 42.821828 7.516168 145.037109 45.065834 9.954197
6.890842 13.205479 42.647073 8.136086 163.003972 52.756535 -95.276134
6.147772 13.213111 42.771682 5.122970 329.470712 28.104736 -64.855204
6.483320 12.896737 42.956358 8.034813 46.217531 79.033032 65.880088
7.025177 13.218604 43.002591 10.006169 246.083632 13.144883 98.150997
6.535583 13.028267 42.941969 15.682756 122.176730 30.393055 -105.786097
5.959748 13.014316 42.853343 8.908157 158.077845 49.603579 -90.779555
5.777350 13.199250 42.837173 12.761280 138.885169 34.251279 109.647899
7.200003 12.905532 42.861067 10.261836 326.056590 58.430065 -78.075968
6.640322 13.448496 42.868511 11.406346 144.769969 35.758369 134.458699
6.477989 13.213589 42.775546 7.541398 156.414029 40.739025 -120.392187
6.269719 13.052723 42.895172 20.160875 40.055073 59.494736 -95.123522
6.683039 12.907666 42.871689 10.860044 107.152063 27.999236 -76.364111
6.303670 13.049990 42.765834 8.593231 328.182601 34.695085 -71.351764
6.741349 13.155049 42.731129 19.603450 30.531566 47.414608 -60.626035
6.265472 12.988560 42.778643 5.231816 346.100166 37.652314 -99.679955
6.379871 13.003943 42.865079 3.918268 112.334478 43.984723 -57.384653
6.459896 13.060031 42.715639 10.525439 294.003495 78.858031 158.457958
6.544702 13.044366 42.930270 13.774486 196.486497 69.831711 -89.152122
6.324487 13.091354 42.704008 14.061387 155.085532 58.816000 -93.085159
5.952855 13.166579 42.878683 18.604222 141.309916 33.540684 123.835569
6.499754 13.352875 42.631749 7.429334 123.161276 68.166593 145.211136
6.567358 13.286535 42.544823 8.574827 315.129018 79.213116 -87.374827
6.678722 12.996387 42.987515 8.093827 127.159257 48.812205 -103.040981
6.048637 12.916174 42.906365 7.157724 140.658239 29.990152 55.607055
7.009423 13.284712 42.804253 6.191646 167.589784 37.402945 75.903356
6.738663 12.674147 42.940695 9.156443 356.471258 26.959892 -87.988618
6.809465 13.362978 42.627333 4.638503 136.372581 49.303544 -106.988889
6.363125 13.327590 42.674282 10.045937 339.498349 67.408016 -129.221929
6.571100 12.845239 42.926135 7.307889 174.465382 48.754089 -56.010111
6.253104 12.932043 42.868599 19.757551 120.886590 54.988318 -101.322322
6.629670 13.338411 42.643806 17.219188 142.532913 46.028827 -56.353360
6.751610 13.146883 42.463486 4.849802 105.991004 40.355297 -60.803086
7.041417 13.296747 42.864481 8.867114 72.181484 80.631964 154.099267
6.540129 13.086636 42.929874 2.943966 152.612729 33.527413 57.850407
6.656036 12.964527 42.722753 6.271228 161.508423 49.126252 -52.472078
6.060296 13.105935 42.737855 9.548048 327.114356 52.282414 -59.394573
6.176552 12.973620 42.715161 15.956255 189.290098 51.088142 -177.268787
6.614218 13.159270 42.847324 8.273755 290.004054 54.232108 -23.409614
6.754680 13.584640 42.796413 12.145708 56.502922 43.424072 62.963613
6.563828 13.385241 42.750321 8.829138 337.036488 40.562675 -58.974169
6.177117 13.232653 42.884088 13.728904 159.313778 44.111574 -86.150440
6.514056 13.067642 42.972805 13.002754 248.163920 49.158692 -105.780616
6.423401 13.340859 42.899422 10.194149 164.059924 37.928192 131.711979
6.808999 13.269707 43.072849 17.016351 165.268425 22.436810 118.884469
6.912082 12.912432 42.522863 25.317862 323.870632 23.819840 -89.858670
6.955793 12.863454 43.358854 8.007822 133.281066 39.991118 53.330377
6.836005 13.310628 42.904438 8.643335 140.010852 39.422280 133.619981
6.423702 13.090007 42.915526 8.252421 335.177874 58.278875 -86.117600
6.378623 13.234971 43.125088 14.115011 86.350023 67.214999 170.443339
6.543738 13.021318 42.658496 10.976269 211.831802 55.236625 -32.750016
6.183256 13.162959 42.828507 8.700343 356.139584 56.041683 -100.351287
7.105557 12.838952 42.798405 15.145344 329.777023 41.193478 -97.071239
6.488407 12.980951 42.976276 3.978496 148.584787 46.152477 -45.053069
6.289918 13.063641 42.957190 5.062617 174.360643 50.498802 -105.707163
6.873614 12.841738 43.021955 5.680762 116.712665 64.947118 -121.569414
6.548636 13.142537 42.782159 16.471719 178.621733 36.277296 68.325236
6.556567 13.236301 42.843772 20.462273 150.279353 20.873300 60.440493
6.337767 13.272837 42.714175 5.372305 333.615307 30.477229 -120.472444
6.657440 13.400108 42.642827 17.231673 153.077887 38.595219 84.445775
6.501623 13.103342 42.705480 3.896972 336.958305 23.325153 -46.785133
6.035962 13.114855 42.846523 8.034026 158.212563 32.750573 99.247105
7.161732 13.176601 42.888012 13.048543 138.340510 24.721639 79.899396
6.659090 13.244645 42.941338 12.977913 156.907667 21.024614 87.362170
6.479386 12.792332 42.916637 10.323839 141.718364 44.554906 -128.424577
6.768374 12.856619 42.822495 11.431691 175.069336 43.546208 -50.561279
6.229426 13.238127 42.828106 12.917000 139.605643 36.599562 133.653373
6.343046 13.143884 42.827193 2.423931 138.921723 30.505896 106.888576
6.815657 12.963369 42.802187 4.814474 315.377531 35.275750 -57.936003
6.485132 13.007323 42.864804 3.518861 152.170296 49.681601 -71.130318
6.255930 13.003886 42.923517 8.953811 213.001133 33.324897 103.205430
6.516217 13.206130 43.037433 12.862692 157.526516 35.312824 69.991861
6.259693 13.173542 42.767953 14.163920 349.597566 57.480873 -38.518830
6.298036 13.113455 43.031854 16.490876 166.679060 31.597290 48.742451
6.640474 13.043002 42.919668 7.126356 143.164344 59.705515 -108.471614
6.859117 13.599297 42.771639 5.802272 304.262940 69.108736 147.927948
6.165217 12.948137 42.804856 10.874198 339.579063 28.579864 -95.282090
6.647182 13.209312 43.000603 9.252399 193.888683 17.900755 -178.160909
6.431104 13.106306 42.820130 13.999880 155.788471 56.363684 -120.223576
6.590364 13.233614 42.804134 12.844085 270.681182 10.995728 -110.467356
6.417495 12.890425 42.743638 9.924132 97.642447 81.257249 161.745748
6.488954 13.089950 42.848415 7.708061 278.266155 41.398444 63.026954
6.382876 13.039648 43.049951 11.460582 164.921019 40.207188 -76.743879
6.858273 13.208571 43.081269 5.971602 173.309407 24.266099 66.317582
6.387008 12.949530 42.883794 5.815590 175.524571 52.758069 -69.601187
6.567375 13.068548 42.698637 10.076153 337.987464 24.895741 -127.671539
6.943177 12.748908 42.766227 9.714071 153.894605 89.839161 8.990588
6.908905 13.211993 42.952582 4.493407 82.145198 40.481003 81.053512
6.504920 13.334945 42.970397 18.705831 341.484183 58.875591 -62.524869
6.466583 13.159392 42.657906 8.535326 170.493489 46.164516 -95.301757
6.437156 13.174504 42.814977 9.780212 260.761210 35.792904 -48.977205
6.436891 13.094011 42.671611 9.379313 344.524229 29.517059 -13.681609
6.477936 12.959065 43.083232 10.344162 245.138451 31.859963 87.276237
6.482016 13.122094 42.892595 2.301040 161.147165 23.280976 133.592874
6.343750 13.314870 42.792735 11.526319 344.476466 40.702849 -99.273323
6.966031 13.238434 42.911214 18.203337 161.352791 29.319827 95.055209
6.396132 13.048138 42.882402 9.163314 147.480612 28.910353 134.251778
5.970981 13.176848 42.834058 17.230675 152.458047 32.666239 54.487667
6.831149 12.818820 42.882166 16.323305 200.466256 29.486886 -126.930575
6.171347 13.316935 42.736120 11.141332 247.696635 17.789967 18.564522
6.129525 12.985086 42.756365 2.780101 9.352140 53.336909 -157.677739
6.352868 13.130457 42.813792 6.008907 116.297849 39.641929 71.009387
6.797500 13.204505 43.026984 17.011744 143.553511 25.714628 128.132723
7.025819 13.386279 42.793395 8.276810 260.169463 60.528425 164.918837
6.311876 12.962655 42.963528 17.601189 178.707573 58.438494 -52.861222
6.798801 13.251982 42.800371 6.366566 97.918249 10.603963 -12.781193
6.410292 13.186590 42.877683 17.015245 292.963885 70.445983 141.634198
6.471542 13.269514 42.895822 7.296195 305.240135 76.695184 -161.988732
7.039067 13.158956 42.857504 13.348897 216.378062 66.500632 45.770365
6.251584 13.199741 42.868599 11.099880 186.616513 23.720154 52.203604
6.549067 13.183112 42.825685 12.809944 145.573788 41.881450 -55.641306
6.865215 13.205726 43.072644 6.627644 124.165479 43.510462 52.195788
6.693928 12.984211 42.764110 11.832618 158.558819 55.922410 -76.826297
6.236462 13.189477 42.795914 8.264332 179.191937 49.146253 -107.121807
5.858284 13.096748 42.887848 10.587963 145.924663 46.311793 -80.565904
6.082490 13.140532 42.808784 8.616941 344.081680 71.599637 -24.177000
6.723004 13.532633 42.885425 10.824997 146.374117 31.195957 106.194158
6.429582 13.002464 42.879952 22.875065 319.158331 27.092974 -83.949440
6.117606 13.241274 42.923289 15.280421 155.379244 23.814879 118.012640
7.009269 12.971990 42.753870 23.175723 107.344793 59.092772 -37.602833
6.366729 12.962005 42.706544 3.623037 346.718312 65.498816 -116.622918
6.620204 13.187935 42.582506 9.811562 94.221324 48.585914 59.538296
6.737932 13.266138 42.764367 4.446286 168.556791 51.239199 -84.282541
6.249052 13.016343 42.936426 10.024656 72.308343 86.186334 -29.362078
6.394800 13.224600 42.865866 12.514410 157.576847 51.563562 -82.132853
6.114395 12.963709 42.893763 5.366712 284.687750 58.494069 88.446783
6.080274 13.108300 42.792764 14.564427 310.674530 72.142746 -42.159685
6.680742 12.957640 42.807130 7.735261 171.594083 57.946328 -105.000406
6.189622 12.994500 42.782010 12.161228 334.483289 70.418651 148.775173
6.338451 13.180730 42.813251 13.537978 102.772257 25.426110 -10.403796
6.454110 12.924965 42.865244 14.024460 91.573617 74.360194 -48.118447
6.629850 12.932510 43.021006 9.451021 114.195395 45.171750 -102.885366
5.872937 13.221844 42.808082 7.408205 159.344838 27.543159 114.043978
6.854852 13.108960 42.704534 16.758196 90.028655 46.995176 76.893152
6.168176 13.350793 42.899399 11.745427 155.505591 24.984175 62.356104
6.229922 13.114534 42.743276 4.558288 28.657629 81.255380 -178.539839
6.508192 12.931712 42.774079 14.793528 142.046786 83.353224 31.485127
6.425255 13.100745 42.847742 7.686530 337.224790 28.274135 -132.976769
6.086546 13.167715 42.705358 13.023886 199.125646 32.031514 -128.102655
6.523017 12.866859 42.905326 15.134860 216.646791 55.704408 -19.607663
6.392040 13.131137 42.887569 13.407164 81.296468 85.488366 165.425960
6.374159 13.188499 42.925414 9.341172 339.770883 48.989922 167.263116
6.397402 12.920384 42.933103 12.345317 351.389126 51.870820 -107.761867
6.504027 13.090719 42.816002 7.209176 148.986468 59.198006 -90.661512
6.718821 13.027837 42.879735 18.942549 240.044049 40.477194 -18.612897
6.738546 12.727210 42.997766 13.281088 251.280877 66.749558 18.537842
6.508476 12.925541 42.915038 5.970576 103.867922 46.671627 85.634984
6.637640 13.171092 42.795913 3.234424 164.487576 34.572313 130.426706
6.841204 12.894368 42.620063 16.135635 343.623937 28.939244 -107.549190
6.402087 13.152240 42.757919 11.742891 236.462597 57.329680 72.545772
7.055329 13.144509 42.689833 5.482640 143.112091 42.855064 -111.603384
6.636957 13.020176 42.991617 14.768723 54.935048 67.785913 -156.170192
6.417854 13.031574 42.790017 13.354990 140.047896 55.053626 -133.676981
6.860977 12.885888 42.959227 5.047783 159.894693 52.644946 48.099470
6.234285 13.159341 42.856174 11.228328 250.439232 55.534480 -80.712028
6.244339 13.144475 42.915995 13.278219 116.526508 24.390559 -117.568896
6.757735 13.024227 42.966372 11.694069 10.367602 68.115318 -73.637667
6.483765 13.120739 42.747795 9.140618 94.666863 81.652737 -67.167416
6.312002 13.157672 42.867559 18.401573 227.276900 61.829870 -97.185071
6.556567 13.361069 42.744298 18.687252 170.165821 88.566681 5.177768
5.892157 13.192447 42.806156 11.368570 156.006558 22.124895 120.284760
6.467868 12.912301 42.893719 4.154509 328.890255 74.342159 -160.477991
6.927648 12.611195 43.071086 18.486524 332.893974 29.871036 -86.467907
6.731458 13.027625 42.837066 8.605850 329.506972 56.142014 -121.294277
6.364328 13.146926 42.816434 11.909231 304.443479 19.841824 -159.092547
5.998008 13.096604 42.889808 8.530041 157.433213 40.815456 -126.041183
6.765539 13.425611 42.673657 5.170506 342.552046 66.079542 106.047415
6.445679 13.260494 42.659313 4.164230 42.453512 82.242810 164.111534
6.224604 12.978132 42.890073 3.211507 225.875591 25.111873 -101.257239
6.415293 13.021325 43.018317 16.858750 157.762445 32.633755 -78.977541
7.025711 13.117204 43.032998 16.692291 179.436093 58.369563 -64.741459
6.790716 13.094699 42.734460 11.764659 46.030343 34.719313 53.302965
6.703160 13.167702 42.728676 9.977893 162.208122 51.008556 -123.063529
6.832973 13.096840 42.984332 8.852172 164.991240 28.764118 -80.889823
6.306944 12.959974 42.897689 14.218973 151.707003 21.742359 71.389395
6.590327 12.968383 42.766999 10.787089 4.874837 84.921692 168.097878
6.119605 12.990165 42.859364 8.311278 179.736034 55.111482 -65.968107
5.752126 13.104947 42.892214 15.731678 166.094620 44.670478 -125.322373
6.151576 12.942908 42.721290 7.930137 319.307333 45.058320 -75.622129
6.303507 13.014261 42.788464 7.362065 247.156673 25.639695 123.088037
6.708472 12.977844 42.656799 15.080247 348.784613 29.667222 -64.573388
6.259636 13.255762 42.812972 4.712984 138.934415 59.459971 -108.538995
6.773472 12.701536 42.582902 11.577986 35.745645 47.537040 -69.258010
6.787655 13.037818 42.755889 3.965790 321.861265 39.324539 -85.713608
7.031181 12.926109 42.804970 8.275180 233.367142 25.835637 -101.466886
6.659202 13.302081 42.736715 11.046761 90.969636 57.123702 111.770620
6.687935 13.558792 43.031623 8.357430 166.442143 43.859731 80.497866
6.138076 13.209737 42.727880 8.152251 290.190528 60.116875 -15.137906
6.570861 13.258896 42.688348 10.493680 141.618346 38.800364 88.914312
5.968709 13.145481 42.834117 16.453819 161.834847 55.530547 -72.017125
6.837375 12.956298 42.757999 10.934588 210.357656 39.355902 6.246785
6.314727 13.052037 42.821498 12.943636 136.654647 58.596262 -70.501309
6.793386 13.436353 42.805839 13.492861 138.866679 38.409812 96.377605
6.079251 13.113260 42.812059 11.967680 56.359709 25.920056 -102.323220
6.488548 13.267521 42.766215 13.339182 142.838136 34.576310 74.505427
6.536379 13.005344 42.779939 17.441544 137.606272 71.673712 -30.366725
6.745060 13.357380 42.939083 10.369222 169.443617 22.407727 62.106643
6.311418 13.268547 42.852508 14.186942 149.726210 25.329344 93.094631
6.514674 13.216784 42.812875 12.984674 139.272637 62.772575 -52.777826
6.395028 13.219199 42.765151 12.753220 141.297343 54.173529 -83.385866
6.533556 12.966031 42.849532 13.551239 322.703669 36.121513 -86.098204
6.832287 13.016486 43.069840 9.914605 143.492907 58.993083 -78.832599
6.663985 13.012843 42.605046 7.409399 345.246365 28.989803 -130.855187
6.290111 13.172197 43.021160 7.604141 140.979238 35.946023 134.372854
6.877009 12.746564 42.759705 15.157319 92.594847 58.980620 116.927963
5.979949 13.115450 42.771589 4.915118 138.115283 25.234779 116.662566
6.329961 13.078300 42.914659 12.318266 138.006156 21.418293 56.669752
6.071932 13.222645 42.822332 10.067862 102.022773 83.933127 39.005863
6.251383 13.123149 42.836792 6.983387 161.385731 36.720538 126.510792
6.482502 12.943612 42.755669 23.181135 161.190222 48.441850 -66.415482
6.578889 12.946545 42.905636 8.481565 171.800215 30.082939 119.012862
7.197286 13.117154 42.389625 5.090385 138.077674 10.620878 48.677289
6.380225 13.136155 42.972071 11.212646 180.015525 33.361059 -22.673017
6.713105 13.110772 42.759445 8.089547 152.067280 27.254451 -51.482530
6.295294 13.148747 42.763897 8.085179 77.546276 40.823301 152.358336
6.239686 13.232427 42.928719 10.291929 140.097477 34.725101 81.279094
6.311607 12.987810 42.669806 14.368807 353.181859 32.835261 -71.036368
6.133740 13.078249 42.839911 17.179134 120.899828 25.308741 87.537153
6.415381 12.972443 42.690223 9.959775 148.305813 54.378704 -104.591276
6.357081 13.210136 42.744547 10.166529 13.249265 71.735051 -21.192768
6.356232 13.090129 42.799948 4.735594 174.046718 54.393296 -57.162850
6.311504 13.112257 42.873758 13.614365 141.107256 54.475695 -79.812377
6.090151 13.115233 42.880508 9.035298 350.186541 44.752402 -55.911162
6.253853 13.320317 42.882098 5.830564 143.544930 78.622032 125.694103
6.267470 13.030637 42.806516 9.526407 158.195837 50.230832 -108.546495
6.293263 13.111345 42.784230 10.243098 18.612527 26.229454 51.501803
6.313043 12.974963 42.890228 7.151994 260.397298 26.105131 45.816472
6.312121 13.204000 42.847596 2.790426 359.073040 41.407972 -131.702766
6.558441 13.036265 42.737032 9.488523 173.376257 53.051057 -50.973480
6.396431 13.244539 42.921511 11.227816 177.918265 21.446379 54.011325
6.226628 12.881294 42.777493 10.408287 340.110450 32.213695 -83.243659
6.208642 13.069661 42.964706 6.005676 16.407219 80.591105 173.424764
6.480265 13.077205 42.786389 6.072009 316.939019 20.722328 -76.042165
6.409387 13.144673 42.858940 6.138241 178.569718 37.475548 83.605073
6.358888 13.246086 42.806224 8.907580 164.200362 56.091229 17.067769
6.301197 13.236211 42.940665 5.578245 18.968963 71.480315 -96.393686
6.189131 13.253340 42.723236 14.644434 98.546959 49.906055 -108.020201
6.509424 13.289861 42.950400 13.627972 159.443059 20.543635 59.774005
6.535969 13.345067 42.837045 6.028248 137.584212 39.473468 62.992240
6.238277 13.032813 42.785019 5.612667 350.123002 32.540449 -133.000833
6.635028 13.631369 42.845696 12.904669 343.379844 53.133771 98.419487
5.799477 13.167128 42.710896 3.542966 170.986739 33.550341 109.701666
6.065779 13.074915 42.769532 9.178662 180.319006 70.545778 10.869374
6.683344 13.098881 43.029377 15.977404 150.487302 22.665725 55.517277
6.919359 13.329708 42.819966 5.177080 337.713371 50.081589 -77.464219
6.396821 13.180219 42.626913 12.310936 141.114654 25.208543 -78.561072
5.918811 13.069119 42.894925 5.184239 164.199063 39.352127 45.015852
6.763300 13.050286 43.037150 9.503509 155.238766 49.599697 -50.163593
5.916167 13.262414 42.783830 11.705780 163.672085 36.139398 79.863747
6.348592 13.008765 42.765228 11.207286 176.025447 55.715249 125.719098
6.433595 13.251641 42.749092 6.341107 148.341285 55.284287 -91.751535
6.574455 13.020181 42.882044 12.392558 158.985884 45.311995 -131.211053
6.383173 13.154621 42.923574 10.097150 159.249043 20.878228 90.074561
6.956391 13.664946 43.129171 4.397063 153.193225 23.719288 64.376224
6.077975 13.169047 42.767898 8.961501 51.796939 43.612097 -125.297809
6.372329 13.093768 42.787433 12.775031 114.613370 84.063223 118.985680
6.457524 13.229448 42.883674 11.677458 276.723023 26.298862 -114.483918
5.905886 13.223376 42.773178 5.916675 149.547641 28.389097 -111.383906
6.394588 13.086983 42.817958 6.921978 141.137967 45.872419 -134.228050
6.621451 12.898094 42.607444 10.730072 358.131386 29.366857 -81.307816
6.463186 13.252359 42.751034 11.659649 278.467711 25.336037 -50.203666
6.506250 13.159376 42.852601 8.874614 263.916079 15.306696 -5.775179
6.371130 13.109866 42.863448 6.000333 167.700188 52.780777 -97.745187
6.847053 13.262198 42.769112 11.719477 109.089867 85.134849 -157.784478
6.671044 13.131963 42.909378 8.613100 156.038325 77.010138 24.090681
6.564687 13.435973 42.888131 9.900643 150.151949 38.675511 118.703015
6.056679 13.132070 42.856727 10.273907 179.140924 23.201208 51.394532
6.277079 13.299247 42.729188 6.727092 178.050061 21.405220 123.155876
6.379655 13.007031 42.674504 12.600711 111.430386 51.836700 -51.174718
6.841936 12.962891 42.839297 3.255444 164.455593 24.897362 -121.455144
6.323631 13.337209 42.892724 12.370355 204.278950 43.487394 -56.117643
6.553437 12.928023 42.906386 20.923117 141.438493 46.389940 -117.873577
6.591589 13.328339 42.771313 14.526530 166.191480 34.534689 119.810162
6.985720 13.865468 42.666664 14.249258 144.553616 26.287442 -100.474609
6.405987 13.090075 42.814236 8.585515 121.555298 38.426648 -123.925821
6.308423 13.144938 42.867639 19.374244 195.577419 57.282875 30.913716
6.228499 13.291060 42.849838 10.021795 161.612424 26.785540 -75.877325
6.380743 13.215452 42.850356 10.049613 229.472551 39.581577 115.837762
7.194984 13.326325 42.692569 10.278455 163.125069 24.512244 58.372540
6.421940 13.148878 42.840214 11.506810 159.200619 48.888334 -121.337494
6.516966 13.272546 42.613740 16.354146 307.334557 30.556517 -76.012071
7.212818 13.031527 42.652861 17.238641 166.627991 38.017697 -115.868234
6.859436 13.176655 43.113550 11.642383 141.412535 20.774848 95.680278
6.226292 13.035009 42.962904 8.714378 141.304917 46.217594 -109.844619
6.861565 13.108507 42.967084 10.318008 163.324968 52.200125 -92.092157
6.855756 12.969916 42.386664 21.993004 158.688039 25.525136 -54.017887
6.085946 13.126793 42.745451 13.648979 321.360138 33.579922 -29.215892
6.119733 13.204145 42.642159 10.085303 186.979319 64.896844 -50.616437
6.355605 13.038507 42.798428 7.074820 124.637572 53.038218 -92.925015
6.558791 13.148667 43.022809 9.942885 179.456663 23.536360 125.607323
6.772473 12.972395 43.026961 13.182404 162.643890 57.781484 -118.123251
6.934954 13.176784 42.842158 17.968425 141.023347 26.744364 79.607036
6.132083 13.107158 42.761659 6.038071 322.756879 52.104264 79.311765
6.928508 12.513920 43.028733 10.817778 9.511367 22.471699 -105.823382
6.570606 13.026530 43.068819 6.019741 143.566009 47.674078 -85.051741
6.922603 13.146205 42.503706 16.272814 152.744121 45.728809 -64.411071
6.775457 12.940642 42.799128 4.919034 165.308332 58.128961 -75.590423
6.864569 13.063081 42.855104 20.691412 338.521408 54.144492 41.655145
6.440258 13.193296 42.879504 9.154989 18.312598 54.137676 -102.409451
5.744618 13.197939 42.839825 13.282570 63.121970 45.800132 -82.288654
6.465177 12.835456 42.876058 21.377713 162.348651 50.830920 -57.474660
6.291830 13.098648 42.861479 7.219300 187.086782 14.689892 -56.506110
6.105031 13.023397 42.903274 6.994978 136.081202 58.131788 -60.756143
6.318140 13.112354 42.874527 14.981843 131.268947 45.404700 -66.831586
6.256636 13.153917 42.835419 4.518872 147.456846 28.437876 77.711339
6.660320 12.995579 42.673452 7.011735 154.673061 28.966995 70.178111
6.691681 13.217662 42.903470 8.399587 133.519644 56.413438 31.893509
7.009655 13.051850 42.706280 5.817592 161.114907 52.865995 -134.535369
6.975305 12.922588 42.907585 11.074612 165.104059 40.448253 -73.932364
6.743695 12.639782 42.830940 13.899721 356.747981 24.159965 -60.946636
6.423916 13.081060 42.848407 4.511274 169.449445 60.601828 51.150322
6.137163 13.264044 42.791441 9.810201 159.328520 34.254478 52.503635
6.601448 13.315324 43.014879 9.259223 154.332542 20.619149 93.158517
6.593392 13.002858 42.668325 19.726182 145.665408 42.026744 -104.982813
6.025084 13.218360 42.823812 15.509184 229.103131 46.745789 -119.039243
6.468149 13.035072 43.039525 4.265423 110.007305 85.152726 170.875655
6.757471 13.101391 43.220941 18.314330 148.407470 36.575546 115.019738
5.886024 13.111709 42.797507 10.862929 135.704015 58.888100 -51.777713
5.965026 13.031310 42.681775 21.543229 245.434421 36.143596 111.684070
6.240219 13.054505 42.800430 8.171392 344.915921 39.419609 -65.040259
6.116782 13.248099 42.924877 12.669787 236.309760 47.951186 93.461647
6.319427 13.029818 42.772882 14.622104 340.745742 29.549477 -121.097862
6.544572 13.464684 42.892582 22.580389 273.408689 45.556798 101.457302
6.306848 13.117491 42.823694 3.925958 267.539077 44.127248 91.055901
6.302402 13.131476 42.687829 12.302953 137.840295 40.119043 -113.719483
6.681301 12.971226 43.052166 8.711970 178.196079 32.001105 125.490188
6.769446 13.180506 42.611459 4.864485 122.697268 57.483122 70.168297
7.097925 13.532845 42.732676 17.843101 46.061012 78.564173 97.360422
6.959714 13.130520 43.079412 13.883829 161.452630 36.554265 121.611880
6.728150 12.859758 43.210658 13.979320 357.199303 49.594469 -122.791775
7.352292 13.094323 42.315799 14.849643 296.935170 61.485107 -60.600084
6.653275 13.258338 42.985748 19.461855 334.882001 31.400590 3.597859
6.536714 12.822431 42.795253 12.692562 172.928127 40.718106 -103.063026
6.647944 12.849541 42.877790 9.042590 353.128000 23.593478 -110.496434
6.516079 13.257279 42.646601 8.894919 153.568383 82.762388 -90.005768
6.805981 12.937814 42.979720 10.855892 159.566428 50.762765 -96.448408
6.538793 13.297088 42.803350 16.115350 150.435898 59.316635 -125.501261
6.532008 13.353440 42.863002 14.003017 249.594536 54.168694 176.385373
6.466651 13.090530 42.980657 5.400061 187.139879 37.199941 70.491277
6.314395 12.987107 42.754705 11.662560 111.142751 28.341330 -144.972743
6.594616 13.478913 42.926428 16.702394 164.603664 46.871635 89.348454
7.077192 12.938350 42.939190 10.627032 174.091296 55.954711 -81.613647
6.294608 13.144246 42.824182 11.432566 154.942719 39.198813 45.290162
6.400481 13.373435 42.837927 17.763551 171.656725 34.362818 -120.211924
6.436720 13.229339 42.869027 6.691113 143.542308 38.692128 102.430066
6.338984 13.059484 42.928943 4.203849 338.094191 40.847658 -46.505461
5.961036 13.062891 42.874548 14.758820 150.671055 48.836461 -50.343676
6.647681 13.223232 42.918528 10.325525 234.737539 67.800592 167.196035
6.388856 13.259298 43.051310 9.702935 238.123355 38.856786 -79.965013
6.305081 12.919882 42.976128 8.720401 143.945180 43.297047 -72.735162
6.625578 13.252486 42.958723 5.458937 158.831268 22.946428 -133.050452
6.276975 12.990869 42.850789 7.553115 47.698521 44.070086 -62.894696
6.629105 12.980579 42.668125 5.698147 156.617108 40.313505 -57.297904
6.200522 13.167461 42.862594 10.165720 143.325427 48.008476 75.891422
6.671771 13.143227 42.756241 16.800305 163.116350 39.612546 83.108698
6.698807 12.913504 42.982926 8.127496 158.047754 21.462427 64.469657
6.986431 13.291437 43.276581 5.178236 156.593969 45.247996 62.406541
6.632853 13.143938 43.187770 5.622302 159.406198 20.265574 88.340158
6.634790 13.245008 42.874516 18.672777 135.494554 43.994286 -65.190417
6.295076 13.036942 42.788299 9.435955 135.772476 56.008233 -61.026841
6.526012 13.168466 42.725245 16.605437 310.419062 50.861926 55.599434
6.872964 12.807645 42.798905 10.786474 348.162041 54.267705 -92.634600
6.709538 13.449691 43.211728 13.921101 137.456457 26.226147 114.547942
6.304621 13.080438 42.837517 11.738883 339.823670 40.696850 -125.555537
6.533312 13.129159 42.721354 13.014042 168.882861 25.233167 51.387184
6.825498 13.209184 42.805024 5.290342 139.179533 52.348089 -117.351254
6.355881 13.318354 42.968409 6.395365 164.248188 39.664176 109.599220
5.998336 13.069290 42.806683 8.031439 120.651960 46.423934 -63.165114
6.097975 13.237935 42.760273 4.888630 230.488435 20.737993 -123.835349
6.794981 12.867600 42.931001 5.316167 53.514027 66.135683 -127.538893
7.094207 13.005151 42.800196 7.525221 160.652258 46.311494 50.365640
6.265322 13.159343 42.793221 12.631135 75.731412 32.090517 -94.320378
6.461795 13.099782 43.081806 9.281574 166.224266 33.703208 58.526318
7.025478 12.845341 42.909998 5.329597 143.680050 44.711558 -133.862433
6.416079 13.014885 42.857278 17.367339 30.016300 26.431582 49.232853
6.701483 13.231380 42.866450 4.984832 357.681628 70.095092 -126.203682
6.779679 13.028377 42.888559 13.082003 139.150505 28.046327 130.225847
6.762935 12.926856 43.034146 10.599181 26.718017 80.919529 142.360126
6.498967 13.132446 42.716630 11.242879 109.654099 26.521081 -97.232056
5.929638 13.243395 42.845100 2.172830 291.391561 42.296625 -86.695781
6.721599 13.171488 42.676063 10.225048 112.699678 55.316848 -109.176909
6.633403 13.170369 42.781161 4.189305 170.745942 20.219518 107.168064
6.557064 13.036665 42.726272 6.700633 2.345914 81.881038 97.602507
6.377665 13.019078 42.903391 14.217690 172.798553 24.265821 69.179783
6.683414 12.812222 42.821937 23.183309 107.762259 45.505402 -87.960530
5.803061 13.135539 42.793038 8.845869 176.928857 22.240353 -141.297440
6.653312 13.007244 42.743109 5.846935 359.378879 22.370392 -51.597807
7.129626 13.447078 42.694780 11.982494 237.579664 24.830267 -75.911589
6.510978 13.290786 42.755850 15.585921 31.843065 44.640186 147.789177
6.347068 13.050721 42.784357 7.717299 301.498709 43.170388 85.824547
6.704254 13.146211 42.520192 6.030465 77.518560 39.221442 59.139889
6.214341 13.222928 42.897686 15.180769 137.022559 42.856290 84.745721
6.365053 13.062540 42.902279 11.246657 170.967829 41.634936 -83.356299
6.793586 13.086715 42.647629 11.579019 165.413455 67.659451 29.357816
6.466067 12.931929 42.805890 11.889731 141.384714 40.841218 -110.164567
5.989193 13.118482 42.663771 13.289105 121.886673 41.369640 -57.673083
6.529488 13.181621 42.694865 4.295897 112.226048 69.578111 -142.484817
6.076543 13.180548 42.790955 19.065180 320.136751 62.182535 -62.680242
6.819041 13.117906 42.982501 14.115915 94.453767 53.428667 -166.487274
6.135715 13.058334 42.754241 17.183956 167.639896 43.622186 -99.789659
6.312948 13.172346 42.815230 10.703012 104.167147 40.523200 -131.906082
6.709424 12.948258 42.722124 16.189169 131.181419 74.315021 -77.371685
6.552093 13.060884 42.895649 8.268967 166.305089 45.289402 -87.559479
6.468197 12.992521 42.790031 10.311897 321.174379 30.333081 -66.524519
6.672500 13.096029 42.863422 11.865925 137.197278 56.921379 -72.964681
6.126510 13.050673 43.030663 10.848011 179.564631 58.643033 -52.642577
6.365542 13.110188 43.005928 13.757444 176.864431 31.411120 106.939619
5.994876 12.820349 42.823171 4.273938 135.850513 59.797288 -71.240297
7.061042 12.818862 42.136381 7.367860 169.515323 76.036067 44.001211
6.232823 13.044375 42.792232 12.855244 167.281124 53.713357 -86.118236
6.225189 13.178312 42.808799 19.483493 147.222007 39.914613 -51.599577
6.543840 13.171923 42.818081 12.567597 171.606854 53.324042 -71.337751
6.756833 12.746705 42.684615 18.699138 355.206614 23.927135 -47.706160
6.785921 13.319220 43.082858 15.561239 164.014329 76.884147 67.153288
6.626254 13.009519 42.866414 8.637337 159.323327 79.465006 -85.963388
7.063258 13.264324 43.383237 17.790303 136.113563 45.818141 95.081041
6.774949 13.605714 42.960094 8.206969 149.380442 41.861060 85.316571
6.285464 13.275718 42.905030 10.164954 329.661774 75.877588 163.452291
5.837086 13.009878 42.780704 13.194485 331.626507 26.670711 -87.157123
6.484385 13.084617 42.883618 9.004438 135.742172 55.660281 -127.200867
6.659265 12.920388 43.065226 13.708018 323.088287 57.201838 -119.925398
6.486719 13.116059 42.914574 8.787518 146.833699 57.710647 -80.867319
6.678218 13.041663 42.843865 7.730877 157.738112 53.036883 -100.095818
6.767554 13.314818 42.993724 11.796765 140.709125 57.450459 -106.119768
6.570550 13.034696 42.740466 15.966427 23.154371 50.443164 120.444413
6.090891 13.110237 42.816417 8.172995 156.670440 34.067526 127.995068
6.854119 13.259142 42.569730 14.134735 132.536862 42.525293 -52.116329
6.416464 13.165419 42.704801 17.187657 301.363598 65.985197 -123.408491
6.427137 13.180872 42.565818 16.861111 144.191365 89.976746 164.213511
5.514389 13.078106 42.813910 12.685622 355.579752 30.120214 -46.050304
6.229294 13.074860 42.950340 8.576591 144.416781 57.091070 -56.966123
6.346589 13.165676 42.830863 7.913456 175.230540 25.168528 67.277122
6.591594 12.929346 42.829372 19.517222 216.762922 46.756972 -107.315295
6.259931 13.146124 42.622901 12.862056 147.376318 89.685382 26.850045
6.538562 12.857767 42.823811 4.500367 150.821131 40.513404 -108.109060
6.630859 12.879222 42.617106 5.767619 320.633056 39.080523 -132.976164
6.942116 12.777152 42.840498 5.886971 322.125276 59.360468 -74.931555
6.602592 13.550006 42.643470 13.539065 74.416390 66.640778 171.593297
5.998322 13.101403 42.850174 9.671719 83.852629 55.552080 92.126691
6.620965 13.095376 43.031487 11.102181 178.590273 47.955331 -58.008066
6.919854 13.037324 42.672867 6.928824 277.985653 60.413310 14.031246
6.632037 13.289789 42.668538 18.057259 138.776596 25.592111 58.417766
6.822187 13.187912 42.625997 15.137895 113.078690 43.427775 -129.016721
6.377227 12.894652 42.729330 7.012635 155.024582 54.925576 -120.954972
6.185752 12.997913 42.832606 17.513080 169.144892 44.266322 -72.677994
6.796169 13.466080 42.759501 5.686529 139.574699 26.989970 87.777215
6.850005 13.060953 42.953018 10.041160 168.828859 59.771601 -59.217059
6.739609 13.259834 42.730587 13.853924 336.389230 40.613214 -91.460046
7.028956 13.902539 43.411619 8.016939 161.460803 81.391723 -7.882773
6.134389 13.166417 42.874156 11.251701 144.903452 39.152520 134.448606
6.073885 13.072055 42.821961 17.015957 144.674199 45.478378 -105.283810
6.613937 12.931938 43.074616 17.323309 120.176759 67.568464 54.802777
6.373205 13.162628 42.867534 11.565167 155.988307 32.907579 49.921152
6.167755 13.261304 42.738212 12.653846 168.093808 24.582289 81.287007
6.874032 12.977476 42.858231 6.647564 153.393405 57.639770 -134.134679
6.664066 12.714076 42.458002 15.860219 33.022931 56.408348 -49.047459
6.616200 13.450511 42.755389 5.758365 177.283428 22.960929 73.201750
6.639663 13.182820 42.895112 15.187322 156.164315 34.725200 134.259009
6.557798 13.089734 42.662200 8.747882 317.631822 20.910018 -119.642494
6.976542 12.940835 43.049576 13.823890 172.798198 54.497324 -83.549827
6.670681 13.118433 42.693790 3.805337 160.575356 40.370233 -95.709584
6.796868 13.089777 42.615711 5.059243 320.364933 51.662814 -77.033698
6.276111 12.905674 42.755507 5.791418 131.302117 53.702830 -84.275995
6.196922 13.106096 42.910023 18.343012 104.581889 44.651242 -66.915881
6.980357 13.171457 42.631158 9.152996 97.363976 83.306836 20.643461
6.579597 13.191146 43.074089 18.646864 311.832631 54.272067 125.184851
6.964578 13.610186 42.687413 6.800489 39.332553 88.073838 -0.526213
6.934568 12.983292 42.616039 16.208080 347.480010 41.974394 36.875570
6.946987 12.884952 42.551123 15.453673 340.342061 37.626224 -49.010776
6.824502 13.270037 42.773440 4.937370 87.020011 53.742735 -133.452507
6.701022 13.296550 42.949284 7.070726 64.758108 46.023335 75.306470
6.628830 13.116062 42.460110 4.591863 357.462919 67.142725 -105.015628
7.320945 12.879638 43.021276 12.161009 165.945156 52.884582 -104.641527
6.491702 12.973540 42.814786 11.597982 187.006912 63.628330 -70.306329
6.295640 13.198668 42.804307 19.436831 137.244440 48.052538 -127.002157
5.999474 13.078643 42.821350 10.568259 322.590717 77.928011 -99.862508
6.507701 13.207972 42.659888 16.550781 172.036862 59.261590 -69.176187
6.342505 13.051162 42.994172 7.812998 19.678555 46.340323 -125.628681
5.808178 13.174507 42.844615 3.110414 54.056643 29.855461 78.467456
6.216363 13.104968 42.947926 13.324854 157.836040 22.832835 62.752472
6.446443 13.318623 42.799833 11.929962 351.179219 48.068486 -89.956342
7.312414 12.685825 43.095902 8.407277 141.322372 59.885960 -90.655409
6.573782 13.298833 42.736827 14.496128 170.149569 33.149081 -124.947466
6.584483 13.127323 42.777998 14.064289 161.006152 55.601560 -84.851385
6.225822 13.339173 42.790859 11.488528 234.697857 38.731120 -117.547948
6.470079 13.246453 42.948034 5.179268 329.958790 15.340176 70.645579
6.800540 13.225559 42.871240 5.783418 119.855382 80.248630 6.182317
6.673818 13.140039 43.045147 6.561555 118.424414 48.534257 -102.223470
6.784582 13.222348 42.812521 5.854135 143.868241 23.832631 134.160568
6.224060 13.077571 42.802114 14.592260 153.126881 47.223966 -102.102981
6.171812 13.093824 42.985592 16.009170 57.040211 84.368418 -52.660667
6.441349 13.016585 42.954088 13.935691 95.326225 53.879727 -55.790729
6.597712 13.059686 42.828978 13.903788 26.581799 20.182169 112.053889
6.720735 13.110287 42.581650 18.894801 155.881778 41.745968 -56.538134
6.281656 12.982092 42.826110 9.156919 308.935278 60.125415 17.430044
7.009243 12.950170 42.628236 7.624167 335.460179 38.620574 -95.550332
6.361449 12.972731 42.865844 21.093472 276.655113 22.085235 -130.461818
6.898749 13.415926 43.093425 12.884647 101.799783 85.405482 -136.012508
6.754931 13.412108 42.716014 7.875826 122.848065 87.328122 29.416562
6.901680 12.947734 42.577083 9.372613 344.004579 32.583583 -123.090446
6.353263 13.096978 42.917922 7.977384 233.483119 52.549183 88.160473
6.545371 13.175035 42.769339 19.376242 30.181291 48.538774 -41.963298
6.578671 12.943645 42.802727 6.190687 353.704128 39.754028 -66.543518
6.787045 13.807294 42.551982 13.506126 94.491497 32.533053 113.546063
6.387100 13.188317 42.628592 4.507523 153.279294 45.615183 -49.252048
6.192296 13.183358 42.901014 17.593953 141.467840 31.108886 109.568680
6.532972 13.228512 42.841201 5.371411 314.871775 40.122228 -64.210786
7.354457 12.903483 43.001626 10.743049 354.243788 27.390797 33.236633
6.406956 12.947317 42.849398 11.510158 317.673877 56.894128 -94.509642
6.367531 13.314825 42.816357 12.728531 357.015326 72.798437 -66.642274
6.866520 12.999973 42.765172 12.457341 173.593210 42.596751 120.190507
6.732067 12.826625 42.843437 11.548491 359.438400 38.693949 -106.634463
6.454469 13.004745 42.705219 11.380814 127.600630 44.256249 -81.997769
6.270974 13.082779 42.790918 7.379020 297.422563 50.278922 -103.699424
6.600659 13.491793 43.010245 3.572818 142.577643 41.471611 131.678714
5.906576 13.047507 42.916511 2.639147 166.918042 49.631468 -116.601511
6.379674 13.042855 42.823301 3.668461 276.666605 29.724042 177.293690
6.764985 12.995270 42.736416 5.761466 344.828124 39.430142 -130.148603
6.322083 13.299830 43.055734 9.145994 176.489984 23.964941 130.827678
6.349231 13.109225 42.838214 6.443139 148.880975 43.417137 -66.383799
6.019163 13.082610 42.841195 5.991917 329.630897 19.931565 54.544443
6.323745 13.127468 42.805073 9.310388 71.079047 23.088983 32.071995
7.024352 12.947240 42.773971 4.909007 26.278868 39.495536 56.806948
6.442934 13.255782 42.757262 11.899570 168.114671 31.109347 120.754018
6.768751 13.348009 42.478371 4.352607 161.906047 47.064997 -78.922398
6.615625 13.261234 42.873171 5.775697 288.756612 46.456143 -67.028188
6.497763 13.166835 42.737060 8.351898 169.732652 20.735494 106.056390
6.798807 13.403712 42.678952 12.306641 180.446128 66.537477 -71.499097
6.128352 13.084952 42.868210 10.459884 319.009729 32.242560 -48.781531
6.013714 13.084269 42.843681 13.392183 338.883079 29.838710 -65.749986
6.291905 13.162338 42.968543 8.803131 138.590644 68.262907 40.281877
6.009729 13.010566 42.882946 14.660004 340.847380 78.713140 -47.946552
6.721338 13.090879 42.961175 14.215644 142.011977 30.337821 47.282482
6.545475 13.119998 43.053651 11.129731 110.280173 83.370320 -165.422475
6.632440 13.081695 43.042547 4.189235 158.605218 41.579964 -112.654366
5.927613 13.083004 42.867134 11.471139 307.219676 35.421015 -53.966034
6.058332 13.060093 42.789084 16.485932 350.182449 46.210077 -126.267764
6.328060 13.055920 42.867484 3.779663 28.329291 85.306155 -24.462269
6.651621 13.305746 42.570260 13.881719 253.982390 69.728678 -122.644041
6.335258 13.250411 42.922686 17.931299 29.652797 82.828538 140.521858
6.547226 13.273524 43.121952 13.795864 169.685280 58.934228 65.176502
6.760403 13.206832 42.697560 4.441297 165.452562 34.143264 92.341255
6.721837 13.142484 42.778740 20.671851 171.022002 34.749661 87.621770
6.260682 13.235463 42.808319 12.974905 280.191491 53.518847 67.220837
6.481547 13.112146 42.748577 8.417032 177.186937 20.188957 97.167158
6.375171 13.272594 42.820158 14.888855 315.930049 42.659182 -127.791559
6.434743 13.069717 42.783522 12.002084 155.726753 46.980290 -108.086904
6.160799 13.080184 42.829779 7.457232 315.909396 59.532087 -109.600265
6.308994 13.294727 42.678694 7.375184 148.637122 31.617182 126.562472
6.730038 13.132711 42.668413 10.962177 325.869025 63.597009 -74.003929
6.537629 12.839755 42.669186 18.178615 227.847242 50.415465 -161.379106
6.831535 13.386583 43.024530 3.545213 154.099358 31.134828 101.039091
5.904940 13.035314 42.856463 13.240946 321.333550 29.656268 -98.485622
6.478777 12.942232 42.901566 8.120020 154.267227 43.302674 -132.988509
5.919212 13.127343 42.773228 9.854297 136.417604 35.272961 80.551699
6.324600 13.269153 42.773907 10.966062 162.622489 43.978851 -64.842027
6.504095 13.014341 42.928237 9.802699 149.310246 40.760612 -78.519196
6.491138 13.191335 42.612454 3.841603 96.257111 58.674414 -111.782315
6.768294 13.080566 42.865198 13.501610 97.907825 63.626215 16.593977
6.092255 13.095411 42.789420 10.362490 158.745550 80.534875 -42.799130
6.290847 13.265958 42.959989 15.618325 154.603100 27.160861 55.312296
6.730333 13.073744 42.724884 11.738384 152.657707 50.858182 -74.570258
6.657189 12.896207 43.042067 17.948234 166.770876 59.154115 -120.785077
6.525029 13.001921 42.907177 15.079468 168.216378 46.055984 -49.837395
6.373038 13.247960 42.646384 13.213507 147.356545 55.844513 -49.546116
6.972831 13.050876 42.830540 11.673274 321.577982 66.656385 -19.467829
6.840009 13.630068 42.624694 6.278175 149.627375 40.278202 -114.269537
6.448273 13.153498 42.771180 3.729007 172.202412 48.107152 -111.032444
6.585952 13.047395 42.812685 8.729850 290.538582 52.246113 -86.586985
6.408490 12.920567 42.726119 8.620576 152.041104 48.136780 -112.663553
6.969681 13.030831 42.658563 6.469571 140.528200 46.640088 50.129271
6.487827 13.107269 42.751750 4.222149 353.134274 39.868166 -88.212935
6.690877 13.030581 42.555389 4.404732 335.300926 54.414542 -48.412129
6.685151 12.913879 42.626969 7.236158 353.230910 31.696270 -129.305520
6.032532 13.022815 42.869734 6.982771 151.355932 40.666189 -82.458785
6.988648 12.791629 42.871178 6.074799 93.360426 53.407128 -117.400686
6.519406 13.353577 42.806134 16.676815 152.782194 37.409251 113.907342
6.769891 13.310319 42.693082 15.540857 178.323550 30.164089 119.627386
6.464343 13.123645 42.730763 10.814710 348.210674 49.063620 93.742410
6.295420 13.155247 43.042078 8.343125 294.946547 73.150662 145.645365
6.678498 12.788412 42.975944 8.652633 354.440678 39.973793 -96.422231
6.594901 12.966623 42.819474 20.615384 171.275613 42.251895 -66.854839
6.857403 12.837770 42.763797 10.120616 175.223779 51.254398 -48.755464
6.679611 13.214497 42.850182 11.166381 140.429593 38.072633 80.760311
6.477422 13.008152 42.984673 10.515456 139.762668 41.909689 -115.877904
6.656123 12.739708 42.691634 6.969649 309.449714 54.788254 -71.591814
6.250657 13.126249 42.712268 11.023300 6.025847 80.237434 136.687251
6.458735 13.305223 42.733586 13.781420 163.274642 29.313683 134.404914
6.240112 13.042363 42.840431 7.328171 295.378744 37.891911 -70.312916
6.359559 13.053187 42.853395 12.881067 356.293916 38.782973 -102.201539
6.496601 13.008936 42.812306 20.751271 147.383147 42.605313 -87.443782
6.411974 13.267734 42.774764 14.417128 113.312294 57.131958 -65.456188
6.717044 13.032788 42.855029 15.155339 313.527863 79.705639 -111.743166
6.359907 13.224597 42.780314 22.925140 98.055839 63.343352 -116.831918
6.696687 13.419152 42.825103 6.578374 164.637238 20.668053 109.902058
6.117649 13.062167 42.873580 13.025569 160.511534 72.542875 60.278658
6.228260 13.148257 42.887357 9.434695 30.533357 47.627408 -70.950925
6.379430 13.035532 42.884990 11.251056 316.078797 48.222478 72.635240
6.553996 12.881965 42.724588 17.083413 328.428807 56.171048 -66.984170
6.728413 12.814669 43.046051 5.680477 354.017998 55.786224 -77.574260
6.629968 12.775128 42.672692 10.401864 322.147403 21.919417 -126.215871
6.731128 12.824172 42.684766 11.831013 258.770760 73.994881 -88.012643
6.346577 13.075869 42.892894 6.376120 140.096197 20.007443 131.800566
6.528301 13.247928 42.621263 9.187924 83.036922 68.570861 -108.858645
6.640463 12.955075 42.514775 11.991754 330.443121 29.650478 -111.729598
7.040827 12.889302 42.981997 3.894763 151.721332 25.997192 116.587975
6.283243 12.963781 42.832312 14.677603 138.210261 44.010211 92.622403
6.843743 13.226506 42.951907 5.913960 179.288148 34.963635 90.659389
6.252978 12.943037 42.803059 5.718270 166.400356 51.097572 -59.104883
6.409248 13.295243 42.963613 5.946370 332.580876 46.425517 -60.127346
6.502203 13.045686 42.887023 11.615241 334.900979 56.732626 2.918645
5.806488 13.154566 42.839755 12.056388 292.519853 48.081900 77.073427
6.273540 13.429337 42.887108 3.515128 158.500425 38.813727 78.976100
6.669255 13.027795 42.669766 4.922204 0.289430 71.708248 -33.953530
6.484964 13.015625 42.697950 4.290496 143.873578 49.979036 -80.995683
5.930339 13.045799 42.829752 13.218958 252.154855 53.154434 -47.198143
6.245258 13.116549 42.797428 16.571127 178.307044 37.540042 69.186898
6.770573 12.971315 43.008217 12.153297 113.543266 41.323389 -131.844641
6.128278 13.035797 42.821467 18.084896 342.627807 53.859891 -109.096417
6.215714 13.002360 42.847038 11.799907 156.837521 45.616189 -75.276105
6.625564 13.012326 42.521462 9.441115 92.837741 56.435259 -76.757323
6.851473 13.569828 42.613818 13.546048 173.299935 50.403219 -105.880584
6.320669 13.095833 42.884609 8.914856 151.304958 52.414820 -76.199381
6.108943 13.081880 42.737187 8.112896 172.479685 58.793203 -94.132509
6.134358 13.002537 42.893746 6.871589 169.580021 26.279950 31.033423
6.412226 13.359315 42.812170 2.214936 143.242474 22.024085 131.761731
6.639060 13.303958 42.700655 10.396737 21.253399 80.787125 -25.491748
6.132315 13.092391 42.696137 8.883920 353.813537 27.158331 -45.420027
6.715660 13.115050 42.876614 6.178593 170.101393 24.103307 50.995993
6.784607 13.289595 43.042287 7.088279 285.012873 44.937528 52.506587
6.325244 13.005146 42.890432 15.081422 141.835663 37.411933 70.074004
6.474546 13.238049 42.905453 11.144659 162.253422 36.631957 72.538421
6.104939 13.013879 42.824647 6.124997 150.473879 56.006325 -46.908305
6.466107 13.216450 42.850683 10.217708 136.814162 84.383627 38.002029
6.470208 12.682033 42.720085 11.305346 144.714882 49.527760 -59.973496
6.193780 13.057054 42.746950 11.009875 173.204793 22.307283 -82.560508
6.393426 13.126208 42.836990 7.223025 136.005911 43.409302 -88.251860
6.479927 12.736838 42.578143 25.938092 153.871218 24.349338 -45.136360
5.993228 12.966243 42.903539 8.691741 325.796728 74.506881 135.276980
6.327726 13.096417 42.726015 3.771157 272.104927 72.268707 -7.953351
6.449928 13.184319 42.940850 3.009293 163.254635 39.299299 46.737912
6.841285 13.260157 42.772356 10.871351 319.678927 50.023316 -71.954726
6.375307 13.115357 43.003730 3.256652 174.752246 50.819320 -62.164500
6.185295 13.052014 42.839107 6.427455 179.373033 83.405783 -146.756598
7.173464 13.610877 43.013174 6.949125 297.783061 43.702136 95.293120
6.079308 12.983272 42.780287 8.220899 28.441389 82.757940 154.409476
6.048766 13.019663 42.802278 3.025886 235.002019 17.714377 -6.741642
6.145717 13.104691 42.793648 11.667625 156.975895 66.235889 -116.864675
6.821752 13.580589 42.875738 15.727940 168.721165 24.943075 68.608569
6.721501 12.814264 42.713085 16.246294 148.845104 45.851273 -55.375557
6.203584 13.125155 42.871614 14.067867 326.031711 26.030888 -74.080895
6.527611 13.082694 42.749857 15.819910 105.351967 75.523544 -94.759238
6.939106 12.864886 42.735976 16.215337 164.167075 53.872316 129.633068
5.967830 13.169308 42.846947 6.005639 142.932297 41.104296 -56.029200
6.747668 12.947222 42.964838 17.927027 130.800607 80.692542 -138.493739
6.869081 12.937634 42.766069 9.141695 319.727311 23.796037 -112.665782
6.186903 12.933084 42.701320 6.535488 173.284568 52.632946 -121.277788
5.939053 13.104479 42.807550 12.074805 21.311982 59.899951 139.196387
6.568285 13.110952 42.841957 16.786522 152.896715 20.480118 97.254214
6.174216 13.095896 42.749153 11.747477 144.337167 84.318765 39.495111
6.397107 13.213069 42.852759 4.830079 254.392527 75.804129 19.995885
6.424172 13.064845 42.734201 16.297798 119.941528 49.827492 -98.587561
5.837333 13.316662 42.728195 17.188923 156.745096 28.661181 50.806194
6.630963 13.191042 42.810334 10.070879 166.135826 52.885513 69.651588
6.414500 12.751582 42.712258 13.465323 53.639419 85.453368 152.780645
6.283657 13.169070 42.659968 10.742427 275.447213 34.701676 -97.349018
6.308053 13.047825 42.745028 2.841675 135.349661 43.121086 -100.907057
6.468768 13.275605 42.994583 7.795718 146.569836 31.648968 62.627293
6.617458 13.102839 42.809208 18.060871 179.531166 52.280988 -110.656827
7.063253 13.229842 43.174534 14.389116 281.623078 27.073291 -77.760527
6.104203 13.002013 42.955699 13.886088 176.151152 38.955065 62.379045
6.870086 13.043568 42.984761 10.716844 165.785568 53.570794 -99.712704
6.112904 13.071513 42.990607 12.184733 28.234585 36.767033 110.071179
6.264518 13.067812 42.857276 8.879689 292.988112 63.630771 -73.231353
6.505761 13.235346 42.923365 7.862568 169.262026 30.863184 113.542155
6.455821 13.250244 42.612877 12.687257 172.989963 82.360797 -19.279903
6.734805 12.936604 42.801257 13.141399 322.071092 30.944581 -45.894413
6.912637 13.426252 42.656308 6.027727 118.328932 66.877899 -162.346837
6.487011 13.103632 42.870359 6.041929 318.967543 21.120373 -59.355794
6.783586 13.241181 42.529494 3.751265 199.997243 20.602139 84.194068
6.345801 13.089917 42.750129 12.906431 154.739363 57.612750 -122.992454
6.532832 13.028239 42.833738 9.201668 117.352703 65.318323 120.146646
6.147293 13.215380 42.840756 10.227192 151.784229 83.650336 15.129280
6.447009 12.913297 42.759804 9.447387 14.435123 81.154943 -2.425356
6.662765 13.123087 42.813373 12.281287 144.359810 24.924612 -116.764816
6.581827 13.236499 42.838458 9.470977 93.150322 82.756085 27.543035
6.544786 13.048177 42.903779 7.097775 139.022593 43.335374 -90.843120
6.642797 13.081215 42.831336 5.083847 353.743624 38.019278 -89.173857
6.559664 13.172666 42.659280 12.288025 13.746711 65.346337 -79.623120
6.582078 12.990452 43.063857 20.752240 133.611289 83.993740 -49.150209
7.075948 12.985994 42.845640 14.321172 95.139683 34.801677 -50.520938
6.750492 12.777047 42.764693 6.667450 341.357527 27.270776 -134.936466
6.814157 13.687094 42.999178 5.851445 352.328497 46.020591 -75.411892
6.532745 13.241667 42.681135 10.602951 167.356924 27.705920 131.136206
6.651644 12.964113 42.809089 10.554295 337.597209 24.668864 -53.593523
6.197594 13.268257 42.753021 12.022534 161.101089 86.607749 -65.291653
6.383810 13.152704 42.953667 11.562026 328.778775 38.057154 93.826294
7.089623 13.521560 42.949166 8.060106 172.563841 77.971814 -113.837484
6.276314 13.135747 42.971358 8.134300 113.461119 61.574198 -175.851736
6.520098 12.819853 42.710945 6.409271 354.710185 14.202606 51.631126
6.314011 12.922567 42.743683 7.102915 164.683952 45.366733 -129.035810
6.635860 13.047055 42.667637 13.170940 336.135462 22.796385 -81.654969
6.078697 13.288423 42.814878 6.754901 149.304709 34.790625 76.872730
6.240425 13.348974 42.845520 7.010976 176.233029 33.496684 84.668333
6.396827 13.223026 43.007117 10.851649 139.345736 28.531327 78.194595
6.769933 12.915116 42.965578 18.180795 341.556545 36.313640 -104.166501
6.408194 13.033070 42.692718 11.444278 301.882085 37.935708 114.979804
6.295460 12.973649 42.847024 8.588052 351.008579 20.939655 98.077860
6.276970 12.987768 42.723576 12.139414 90.021042 41.311206 -75.407292
6.410537 13.006530 42.834953 11.605468 345.076075 59.938304 -74.146753
6.260006 13.096891 42.787107 7.993684 320.829781 41.682978 -111.011003
7.063428 13.108480 42.731069 16.991345 158.312148 33.085480 99.187599
6.404950 12.848193 42.745887 7.136321 84.580697 68.209118 -43.195061
6.697066 13.008890 42.898671 8.838455 100.146474 46.336882 -71.594875
6.276066 12.837278 42.837359 12.872455 111.539706 68.621832 163.792977
6.269845 13.025757 42.754390 7.024770 153.340631 44.795870 -87.484490
6.011853 13.189088 42.714282 11.752600 150.484575 44.262529 -56.546830
6.256162 13.086501 42.745300 11.475151 126.193032 46.431216 -107.865699
6.758694 13.469164 42.732242 12.580625 3.639253 89.631540 2.309168
6.262659 13.188995 42.710110 7.430495 152.803723 68.932802 -52.974642
6.070274 13.031465 42.768346 15.149555 118.718980 34.359588 73.919493
6.558494 12.972803 42.964302 4.749944 149.172207 20.886537 56.097121
6.488060 13.009813 42.908222 3.556958 6.346823 33.552681 87.457114
6.375550 13.021231 42.816821 15.791094 318.269391 23.471142 -124.014772
6.685773 13.303605 42.943445 12.345699 143.755171 15.258624 -77.684053
6.367656 13.110920 42.829287 14.167113 178.027641 28.638920 125.559556
6.808017 13.388609 42.860023 6.872231 323.411953 21.020539 -126.677917
6.220368 12.965326 42.874100 16.280562 346.040374 34.176059 -68.226230
6.317501 13.226614 42.968911 14.464955 162.340277 36.155653 72.518338
6.164826 13.100824 42.829972 16.363469 143.858277 52.610284 -78.764243
6.683050 13.237283 42.946164 4.465535 145.373511 21.153005 103.904541
6.518755 13.198315 42.810183 13.267537 348.339866 53.228220 -47.312322
6.103903 12.930989 42.779611 15.384930 179.885559 44.788908 -129.081971
6.845136 13.539620 42.954891 15.415277 151.823272 44.906444 131.425415
6.782602 13.022293 43.023967 22.203772 149.018666 35.368322 97.521910
6.458306 13.129962 42.832354 14.419329 162.954133 30.092920 123.396292
6.978062 12.746080 43.051609 13.432118 24.397478 65.222057 42.299130
6.648859 13.055517 42.726944 8.895963 17.067710 70.534666 -138.602015
6.427678 13.250351 42.831016 9.826894 71.552038 86.495700 167.192022
5.786645 13.060592 42.743378 8.755584 338.044343 29.597493 -84.509954
6.411743 13.155657 42.719304 13.326909 63.525340 32.409352 -51.252306
6.738133 13.006314 42.700057 5.495339 213.210276 57.701842 -97.449795
6.071679 13.151925 42.853355 7.191054 79.066747 57.488944 -34.488152
6.524111 12.956140 42.931465 8.505462 142.573236 49.100954 -98.599760
6.570556 13.281888 42.844236 3.780197 351.674494 38.036951 -66.586761
6.551377 12.854223 42.904789 16.093492 57.222989 86.487605 -168.158223
6.331106 13.322622 42.738976 7.832458 199.218334 41.774091 14.520363
6.796646 13.020068 42.809167 18.325999 159.464607 75.082303 -50.642584
6.218726 13.058038 42.887863 12.474892 167.074308 46.934684 -122.998225
6.773660 12.827612 42.696146 8.040914 329.744832 25.735800 -125.030206
5.918296 13.136065 42.792103 7.067675 39.100879 86.426450 41.005027
6.471158 13.030634 42.819408 3.929492 178.308722 44.569464 -46.719478
6.380287 12.954677 42.827013 10.456717 346.744704 23.536917 -59.596454
6.768918 13.473245 42.421659 8.163121 132.148840 42.786245 -61.360962
6.541638 12.908825 42.773587 9.878614 337.775467 37.151816 -131.287025
6.152610 13.104014 42.965779 10.251015 155.534064 53.095206 -112.395336
6.549521 13.000217 42.765899 7.678407 85.314060 58.574034 125.804455
6.773791 13.051382 42.680047 12.160297 228.275830 48.892261 51.999367
6.680923 13.015558 42.757832 12.120856 146.421267 89.426901 32.782075
6.717087 13.298374 42.848967 12.428932 146.653247 21.685406 81.846383
6.800892 13.529257 42.976057 14.665161 150.124556 45.378835 69.819358
7.075942 13.224166 42.656768 9.041798 261.081846 53.388506 49.626542
6.679568 13.059775 42.825586 15.398295 140.607071 54.637198 -81.407823
6.192590 13.108064 42.873067 11.358568 165.385643 23.349272 133.451297
7.034109 13.378270 42.939942 17.110913 135.998942 28.259080 125.920062
6.511366 13.101610 42.673908 3.541097 280.918131 48.271441 83.271071
6.394848 12.853853 42.949656 13.393629 136.496853 21.003315 125.149562
6.288055 13.143355 42.910949 10.107600 175.094857 21.111865 81.892412
6.445764 12.969085 42.731600 4.013573 156.882521 46.487665 -89.977641
6.703131 13.180824 42.956197 11.028039 306.775064 74.121904 -94.944571
6.073692 13.084038 42.693937 4.268552 324.503105 26.393162 -67.227566
