6.541781 13.028381 42.903485 15.532980 323.167947 10.864151 114.954401
6.623749 13.359657 42.846924 16.400026 154.595918 55.337344 -62.459795
6.418897 13.177693 42.949335 10.339160 176.446849 60.077132 100.844891
6.138040 13.340126 42.856877 6.983064 151.487664 21.862533 -90.493125
6.408270 13.179798 42.877619 10.887624 24.066361 56.134035 64.659117
6.320481 13.139796 42.887011 7.694214 316.562875 32.295137 77.409945
6.530113 13.226930 42.916043 13.621213 25.229842 44.687287 -13.667550
6.667231 13.232101 43.069035 6.971743 155.675525 32.486096 89.328113
6.896375 13.012891 42.778121 16.232008 316.771256 32.112034 -6.620645
6.548634 13.209663 42.961129 5.752625 48.579042 52.207415 52.810851
6.584986 13.090355 42.815421 13.955716 131.948387 87.307331 -151.829435
6.935352 13.260498 42.729551 11.258555 176.462172 27.960632 60.956487
6.295999 12.904909 42.978109 16.471209 178.194724 56.334411 -72.185711
6.129251 13.184714 42.865287 2.837520 174.387835 27.494812 111.169616
6.440706 13.181610 42.752537 10.496276 91.413764 47.159593 -54.416853
5.995930 13.179312 42.892799 7.742220 135.636302 62.721280 -63.647387
6.528869 13.406635 42.946805 3.915228 308.248990 42.795849 109.310359
6.291567 13.084758 42.879001 9.337685 177.162942 49.150450 -114.805803
6.993118 13.545332 42.997309 18.446698 45.206422 79.793594 163.664082
7.083870 12.720679 42.854771 8.171666 218.500553 53.246022 -66.188843
6.580776 13.555625 42.868185 14.714834 159.389288 32.466678 127.006718
6.521452 12.886803 42.985850 16.901058 168.233820 24.941725 91.355255
6.647181 13.209970 42.819259 15.073300 175.577652 53.836556 -103.092422
5.963591 13.161643 42.948329 10.064528 161.299230 32.608162 61.979251
6.800933 13.209904 42.961408 6.887065 229.209803 51.854781 75.227851
6.220327 13.082782 42.786754 8.393221 224.263085 13.543788 117.429370
6.856266 13.102233 42.501420 12.672219 263.007347 74.757668 122.798575
6.422063 13.432959 42.636928 9.835060 117.956145 64.154715 148.146469
6.636383 13.335171 42.812642 7.174466 277.965931 45.936182 -122.624740
6.663478 13.090799 43.053029 11.518324 156.302333 24.744511 118.201739
6.587715 12.994460 42.657753 12.566613 141.498302 30.025770 -95.244864
6.399379 13.230578 42.869335 5.816584 352.857906 57.769829 -91.917340
6.787052 13.224036 42.627030 15.106419 156.102526 56.034450 -99.352951
6.555730 13.302338 42.824272 14.136135 165.365590 51.046367 -110.160283
6.909527 12.818249 42.560435 8.897066 347.123759 34.034096 -68.393925
6.629747 13.504888 42.888169 6.271697 139.094766 28.008155 125.969583
5.942476 13.122438 42.801797 9.810074 224.913324 53.456474 93.285482
6.698460 13.265594 42.728956 20.034479 92.376098 88.083264 -178.167673
6.603585 13.163764 42.799472 17.565348 177.647779 25.661773 -115.586021
6.282066 13.187183 42.842401 11.065322 275.354203 54.744982 -62.990174
7.217951 13.959805 42.641108 8.059830 94.249678 66.805587 68.802130
5.993982 13.093077 42.970085 8.354553 335.570868 53.060963 -54.702237
6.287659 13.074486 42.712291 12.852140 325.340372 32.218421 -83.641933
6.059321 13.244920 42.813386 15.781037 171.314695 35.098488 107.359605
6.641334 13.268512 42.965069 12.269460 143.283146 35.099589 131.507584
6.439957 13.107938 42.922640 17.552519 294.842846 49.038024 26.231571
6.404116 13.072806 43.020117 12.155554 115.034211 40.190010 107.153950
6.587903 12.833059 42.903669 5.276042 168.670254 25.666968 -69.648303
6.658670 13.179189 42.653997 13.061312 355.587304 52.225024 -72.946062
6.830856 13.117591 42.986195 6.962581 145.074763 52.300376 -60.743913
6.801204 12.805304 42.825060 8.490100 121.265752 87.857451 165.205546
6.394756 13.109655 42.888110 13.180199 48.927252 26.530964 153.512238
6.765161 13.002673 42.776422 13.280875 168.346424 49.281373 -82.987243
6.734147 13.094062 42.862748 12.858040 151.684622 59.314917 -114.202502
6.282417 13.122708 42.720813 9.201135 137.834967 29.712761 83.337943
7.046381 12.462538 42.890365 8.806939 316.103677 29.453858 -125.545692
6.497928 13.079835 42.749539 14.746030 315.333219 51.981770 -114.091686
6.953957 12.730911 43.194412 17.885671 138.020783 47.932400 -105.596333
5.891212 13.107579 42.695635 17.464280 329.584589 52.693305 -66.122737
6.397633 13.223651 42.766731 8.892517 166.647674 22.755904 126.671524
5.873398 13.084057 42.841050 7.797119 178.088287 40.538514 -97.006872
6.323801 13.273850 42.748552 12.496801 202.146039 62.913454 146.065654
7.016471 12.671546 42.495882 10.011353 66.995241 36.884537 -5.310846
6.111944 12.929321 42.837709 6.471494 316.597996 20.745726 -129.383899
6.308197 13.368723 42.742461 9.196277 262.638705 49.801848 119.600228
6.775348 12.987650 42.721869 14.309700 175.282697 40.988831 -55.663675
6.233650 13.127082 42.833667 8.211504 188.525177 52.127352 30.350586
6.334997 12.917336 42.852747 10.345906 337.989611 22.945337 -99.896737
6.553988 12.971158 42.905666 6.353683 169.173762 49.372015 -138.278659
5.491301 13.117742 42.844527 25.712925 167.663454 55.904991 -55.158697
6.748962 13.058678 42.869313 16.232014 330.957995 38.487124 -56.513481
6.320262 12.991822 42.840227 14.933973 312.484403 41.865862 -115.219660
6.585104 13.052070 42.750802 18.983830 342.489920 22.248208 -77.365791
6.344216 13.129211 42.970766 12.633174 300.574311 35.358525 46.367421
6.789914 13.260511 42.795064 23.603885 144.281531 20.091073 131.291269
6.964479 12.700656 42.638698 10.647624 135.929662 55.702228 -64.381434
6.386885 13.129348 42.740386 7.676802 134.154334 71.581126 -51.329449
6.399754 12.895617 42.817796 14.506931 174.217839 71.905196 -74.051395
7.074417 13.148393 42.995208 11.653006 170.190849 29.173085 61.225531
6.747757 12.992240 42.666836 15.799766 143.930910 48.935818 -76.300785
6.294712 13.031987 42.818684 10.928284 355.337333 35.878391 -112.151869
6.918201 13.233346 42.903897 14.805789 144.342711 29.860749 49.017490
6.592839 12.913719 42.849479 6.357336 359.266101 37.138147 -60.873192
6.717661 13.312661 42.515252 7.566044 321.126890 75.200122 -32.838913
6.566858 13.291716 43.115957 14.872189 138.635472 44.160373 92.157380
6.742646 12.969022 42.673890 3.715210 154.871854 23.195321 -71.535492
6.869402 13.275507 42.767615 13.138389 138.693729 60.670964 -63.175164
6.968165 13.329209 42.704641 12.727130 157.942372 24.471296 91.816778
6.589946 13.051385 42.910329 4.916281 173.609797 81.231675 -101.462744
6.827315 13.359876 42.901898 21.322100 157.524061 55.431816 115.999884
6.800727 12.787702 42.975116 22.453590 354.339764 29.308667 -124.886186
6.967348 13.203404 42.868088 8.722682 97.533459 79.733795 -75.031685
6.655014 13.122087 42.567958 12.440992 358.250930 44.423604 1.245142
6.294774 12.764364 42.650951 3.957206 35.402784 84.015143 156.745879
6.608404 13.101154 42.758557 13.552253 289.832242 25.401465 -63.094167
6.884524 12.937596 42.685851 3.893970 186.102657 16.981325 83.737340
6.405383 13.053701 42.817778 13.223896 139.811214 31.097446 -71.863444
6.296679 13.036374 42.812799 11.219450 34.197730 50.817738 -119.407472
6.430795 13.054862 42.965182 11.819741 238.355045 55.082012 -70.076973
6.840862 12.846305 42.800600 10.058125 319.520349 39.277732 -104.670598
5.787184 13.194069 42.803269 10.788198 314.724645 33.587515 -153.344414
6.249437 13.096647 42.911427 11.378573 184.485200 75.552563 22.003787
6.684840 13.259087 42.987513 5.281919 29.966116 23.175216 88.561073
7.079440 13.052650 42.515088 20.022081 355.980243 31.935986 -58.370329
6.757336 12.935958 42.989844 5.299564 154.152250 26.642142 81.532376
6.203054 13.170244 42.895604 8.604804 160.539397 20.177730 101.095508
6.228824 13.158904 43.015113 21.619449 335.966696 27.307804 -78.700853
5.925795 13.135440 42.736846 12.715175 89.126665 63.662153 -121.167477
6.723547 13.004978 42.818092 15.060057 160.763357 46.162232 -60.311102
6.287628 13.081886 42.786791 10.015791 148.029003 55.108744 -132.330219
6.587527 12.933461 42.933161 6.803497 154.540471 45.568315 -60.735077
6.148034 13.190344 42.953769 16.860695 165.780590 34.495407 77.506754
6.415736 13.106769 42.751088 15.495404 280.850340 28.650458 -139.829247
6.946873 13.111310 42.726438 15.451297 148.564381 57.022286 -53.979845
6.679747 13.445441 42.827189 12.529629 287.285194 69.557912 -143.980307
6.197044 12.988800 42.856424 13.432765 266.478855 55.224341 135.290738
6.658427 13.219068 42.712773 10.130723 242.207528 74.291462 123.998997
6.368596 13.032477 42.814043 19.635224 353.110364 28.895424 -95.687789
6.610984 13.054967 42.820186 10.591592 163.183879 59.675829 -67.946523
6.246532 13.002277 42.711105 8.050848 287.339104 51.206785 -98.621658
6.921913 13.431128 42.424314 5.734523 72.452174 31.967118 111.727201
6.749154 12.950506 42.853322 8.700842 139.896986 74.000571 -81.780281
6.087588 12.951526 42.801512 3.110908 164.789547 44.621008 -47.519675
6.712962 13.229153 42.749456 7.515613 31.398238 57.184583 -55.403025
6.068756 13.132645 42.738171 16.426844 162.177785 40.161954 -45.134728
5.953550 13.159864 42.818387 7.731487 143.906901 88.362085 13.398163
7.029695 13.115547 42.876483 9.272881 337.063095 65.217981 -120.618382
6.504305 13.199032 42.945613 10.594168 309.596879 54.208111 112.032492
6.450939 12.910377 42.771753 8.378040 166.522674 42.711072 -46.621311
6.259441 13.189705 42.883173 5.729219 327.861310 45.776794 -112.550447
6.699725 13.502253 42.783750 5.541396 150.364296 25.649898 92.927299
6.362779 12.874631 42.892077 5.790828 167.378422 47.820231 -97.832297
6.376206 12.895071 42.851321 15.740500 260.985739 45.150658 -53.457247
6.331527 13.173423 42.612189 6.470315 313.057944 48.960293 -51.904887
6.699346 13.327503 43.047742 18.049255 174.291515 27.954195 101.997999
6.863648 13.397259 42.654022 7.886266 35.694582 54.214483 -65.934483
6.628675 13.342900 42.818717 12.577290 161.639122 47.272958 -127.103330
6.155783 13.205855 42.808526 10.308190 177.586802 47.979299 -149.127001
6.971835 13.140407 42.675234 5.376133 151.349030 49.147925 -56.989746
6.138804 13.181728 42.771839 23.182189 144.772773 27.393716 80.244344
6.774402 13.145831 42.633450 6.254361 168.363812 58.103495 -75.315486
6.508745 13.135912 42.946011 7.998860 151.853150 58.308667 -76.889475
5.915525 13.022120 42.923540 8.856994 153.203881 44.420865 -81.520364
6.579803 13.109534 42.917912 7.266513 158.169072 51.977766 -47.761794
6.683709 12.821529 42.809877 4.392416 5.188236 50.845832 29.325531
6.069590 13.187771 42.863307 8.728102 131.467886 49.321821 -127.995654
6.405539 13.248408 42.875250 13.526214 328.165062 52.471295 -28.021366
6.928009 13.449611 43.042540 21.783747 178.948549 33.602456 101.222350
6.839077 13.084313 42.484222 20.161902 136.674118 40.761050 -67.497149
6.126191 13.132203 42.938171 13.835050 154.770202 42.435871 -101.823643
6.455834 13.034704 42.665636 7.706734 330.250215 52.383087 -71.749150
6.326191 13.094738 42.665903 15.742612 335.807411 48.914674 -49.709302
6.703258 13.100995 42.528709 12.786460 143.917436 56.543007 -81.293749
6.776779 13.236475 42.726006 6.587417 151.873594 37.946839 -49.296019
6.763123 13.416228 43.001525 8.748171 232.031671 11.793709 47.643605
6.472597 12.986223 42.834026 13.719609 141.009213 62.367797 -68.762993
6.371414 12.738941 42.626786 2.975713 118.226283 42.976942 -50.114093
6.503693 13.226486 42.901560 10.485102 145.847428 37.860359 84.175415
6.664756 12.959789 42.844898 10.995560 288.945742 49.398870 -80.258183
7.084952 12.348156 42.893278 7.628956 173.395752 83.917391 -179.443859
6.113888 13.097381 42.878471 13.536424 164.979742 54.326657 -132.833913
6.681918 13.232744 42.776535 12.931213 106.009903 58.362070 -90.288628
6.357098 13.173371 42.936056 12.866067 183.071797 53.818115 -79.789640
6.756426 12.958109 43.055332 11.635890 219.940822 54.896725 -132.213041
6.595899 13.236962 42.537708 13.938598 163.180267 40.087993 -100.673176
6.097922 13.143904 42.698827 8.964873 225.574870 20.236412 -142.815362
6.960704 13.058763 42.452310 9.256616 341.887941 32.249257 -78.377349
6.439270 13.003943 42.738990 18.643656 274.078597 52.369132 -70.498704
6.852473 13.088729 42.748138 11.170065 119.785943 55.903730 -126.510104
6.682783 12.894104 42.920298 11.516449 131.626891 65.223035 41.859033
5.574092 13.146130 42.790701 15.675304 149.670845 31.287162 125.816745
6.371666 13.074244 42.742643 10.403654 162.118444 44.409257 -50.095046
6.194701 12.923216 42.807729 12.637744 291.496762 43.069084 -85.572551
6.646268 12.904236 42.721206 6.840830 151.092479 47.719315 -84.442528
6.702726 13.127421 42.812158 15.725713 177.958056 32.269544 49.852363
6.654053 12.963537 42.653520 5.010618 165.474419 88.111144 72.420157
6.608050 13.316690 42.697428 4.904906 261.263484 32.584302 -131.569584
6.490912 12.914749 42.812620 9.486418 344.572455 21.040416 -54.322445
6.215021 13.019576 42.836370 8.144011 144.524228 51.693551 -99.154679
6.109670 13.058544 42.850981 6.382105 248.114657 35.372926 -103.317276
6.310373 13.164589 42.778680 8.195464 336.048715 61.859328 5.345964
6.197139 13.122185 42.934672 3.914736 165.357154 53.874677 -79.767870
6.648457 12.935258 43.075372 20.197102 166.795862 55.547854 -130.420640
6.351128 12.923065 42.749522 3.690361 156.085555 50.997299 -72.447223
6.507892 13.059131 42.834430 15.845315 144.188833 41.781376 -88.106558
6.680707 13.127829 42.852932 8.238565 138.839240 38.916097 116.275357
6.560723 13.115890 42.811890 7.702516 357.089438 47.488031 -130.784135
6.791099 13.296297 42.836219 14.062140 167.750087 35.887607 106.564814
6.696568 13.149624 42.988178 11.872412 350.391016 52.168214 74.620859
6.389774 13.161220 42.606918 10.773747 179.895358 45.760435 -76.767379
6.402790 13.161679 42.927582 9.851991 145.273961 24.216670 115.818758
6.396637 13.178058 42.807299 10.690965 136.140138 46.736395 -49.274289
6.530744 13.224857 42.700741 19.331828 145.262015 42.461469 -110.345200
6.554718 13.189833 42.801991 6.738183 103.397083 58.054655 -71.437045
6.281037 13.004027 42.815741 5.482749 178.848733 41.659971 -96.452271
6.598926 13.054424 42.828728 2.767246 328.902943 24.292321 -113.600740
6.454947 13.082941 42.731998 11.072820 3.800832 71.769208 -162.557215
6.260538 13.049649 42.732723 7.694138 356.254461 32.393992 -59.415629
6.921426 12.811123 42.608499 10.977441 352.780602 34.839270 -118.760573
6.047955 13.194291 42.908107 6.940376 152.843278 25.795170 68.072123
6.494362 12.927387 42.724904 14.630954 135.619482 42.779935 -94.459742
6.340286 13.105693 42.839622 10.668026 275.185173 58.035445 -73.026184
6.981224 12.971849 42.829861 5.017286 255.455541 10.604585 35.083589
6.332694 13.215629 42.868693 8.948712 168.043248 24.211328 92.998915
6.956330 12.578358 43.085644 16.582555 159.695055 59.801529 -108.482699
6.152635 12.978609 42.852216 11.468700 331.129292 37.656976 -104.848135
6.354200 12.758871 42.868261 16.345853 179.600923 88.182609 59.563862
6.097699 13.152406 42.855403 9.406399 130.191608 42.510173 -159.780398
6.787675 13.135803 42.686368 13.482912 129.185395 77.945720 19.827351
6.470914 13.336005 43.134401 13.090725 143.587291 44.221763 51.868491
6.468969 13.283937 42.917723 11.034713 152.819251 33.600450 116.099825
5.905417 13.222982 42.885338 7.373242 152.088631 67.323573 -20.508517
6.322112 13.088423 42.931527 6.782225 225.408370 26.248879 78.493520
6.978538 13.089679 42.900697 6.238162 295.867657 40.218906 -73.485244
6.257403 13.207740 42.972195 13.735648 142.242053 39.434869 91.470397
6.749744 12.978665 42.834361 15.030939 326.237999 32.444526 -127.414320
6.717246 13.025474 42.954022 8.603591 177.186408 59.596950 -60.726649
6.934794 13.144973 42.870057 16.099415 173.972421 41.082030 -97.296238
5.926142 13.131278 42.763697 10.812222 230.715589 42.557859 51.381424
5.927304 13.077321 42.791552 5.142433 359.945877 20.412666 -64.164208
6.578519 13.007663 43.034470 8.568129 95.888020 42.387976 -160.263214
6.709739 12.761437 42.840398 3.643779 359.991787 38.164669 -128.088540
6.711245 13.368842 42.561847 7.792788 304.776602 36.583001 -103.081412
6.013145 13.035908 42.962159 8.105682 102.492747 12.644924 127.939244
6.920251 12.693106 42.723359 7.775881 158.080336 88.679641 143.865954
6.061331 13.116061 42.848988 13.685812 165.936143 23.005561 75.620137
6.288966 13.178258 42.870076 15.608365 320.400189 38.041593 124.831134
6.237023 13.284979 42.734989 9.874783 122.303161 83.384684 -0.462171
6.746181 13.334226 42.963611 8.532964 142.976388 36.871525 87.583387
7.156910 12.728273 43.082444 15.777709 331.431898 59.179703 -107.712466
5.985297 13.079600 42.735239 6.700709 233.401116 65.950621 159.189585
6.506110 13.120466 42.871741 13.844085 356.697907 53.516108 -53.940891
7.013837 12.655344 43.148768 19.912170 150.509252 20.396081 -131.164643
6.082242 13.072204 42.874055 12.879174 245.169798 69.748469 71.821534
6.681540 13.302433 42.688507 3.674347 303.486667 35.059455 -91.850448
6.790388 12.934475 42.735374 10.794311 342.840371 20.161849 -57.545433
6.671193 13.107351 42.668674 9.411048 185.201152 25.867781 -66.655817
6.461458 13.056233 42.866560 7.153876 324.805065 32.066484 -69.676229
6.270474 13.061201 42.682980 4.323212 352.046561 20.331980 -83.570616
6.674869 12.931391 42.828505 7.573429 137.801569 52.257705 -126.861716
6.428456 13.031995 42.953208 13.369052 1.332678 24.728683 52.324377
7.057573 12.826836 42.834467 17.795424 177.666940 51.727661 -103.221257
6.636351 13.207971 42.876481 14.882647 265.322375 79.235955 -167.881822
6.384978 13.175462 42.774564 17.230404 135.611590 47.830480 -112.447269
6.418003 12.875440 42.931163 11.144016 146.911748 31.280255 130.231948
6.314507 13.174978 42.988690 3.290859 250.839813 57.561058 -86.211361
6.630931 13.047310 43.021693 6.308969 335.056140 44.383529 -61.150389
7.010182 12.709525 42.821772 6.352678 335.307961 21.916127 -77.342507
6.724551 12.868304 42.803116 6.137439 318.288234 25.132482 -108.357350
6.683003 12.739676 42.763925 10.599859 359.523808 33.256468 -60.036735
6.723106 12.789422 42.875322 7.912507 337.210353 21.322921 -62.301825
6.700445 13.315615 42.837210 10.023731 137.496353 44.734831 -115.363443
6.414471 12.823356 42.776815 16.909756 13.804327 49.843068 -102.144279
6.408845 13.058164 42.878184 14.683002 52.981020 89.768304 34.772352
6.261713 13.005018 42.722709 6.401058 142.505265 43.228236 -89.313440
6.244820 13.016513 42.796267 9.066842 146.541055 40.513682 -101.382798
6.195092 13.247626 43.012331 17.398057 142.689831 21.127956 110.168002
6.617889 13.217479 42.885047 11.689278 11.256857 83.761333 -35.641153
6.469125 13.286718 42.947262 10.242416 22.524830 47.682057 56.819893
6.409488 12.950908 42.889583 18.861546 146.988683 47.371386 -125.718533
6.887241 13.159418 42.858626 8.475472 164.072622 20.471703 124.059037
6.576391 13.128659 42.797653 10.866084 262.236462 64.923440 -178.855799
6.321649 13.276955 42.896774 10.220814 141.941535 20.212649 134.924800
6.298902 13.163766 42.830719 10.582056 88.220082 87.770553 12.278763
5.788197 13.153473 42.799984 13.442129 173.246909 20.962239 87.205268
6.410524 12.985449 42.950095 8.363704 142.763770 84.628501 -42.404908
6.100529 13.072573 42.869896 11.333343 154.215338 50.331426 -47.052224
6.347647 13.092838 42.927878 15.096428 195.334922 37.069769 -22.909123
6.810590 13.355826 42.649268 11.294792 99.985306 46.028855 -82.601480
6.279544 13.251207 42.863478 10.629228 114.095232 47.167297 -53.819906
6.577030 13.173843 42.921056 9.409176 144.499676 29.978447 103.193109
6.930387 12.760690 42.639926 16.768194 170.064213 61.064328 -8.398185
6.516654 13.353418 42.959850 14.954213 138.971244 21.548252 47.194257
6.699894 13.074931 43.012925 4.716176 233.391561 34.343150 -161.472351
6.802668 13.305689 43.107339 9.910777 140.674285 37.265496 126.188110
6.988225 13.344240 42.889678 10.883347 146.457068 36.110712 128.530141
6.071837 13.226358 42.812131 7.330246 175.106104 29.393668 116.389906
6.348485 13.124322 43.095597 16.261429 137.314753 24.043951 103.047414
6.311005 12.926410 42.802705 10.760174 146.542404 67.333814 148.094753
6.702755 13.232653 42.842108 11.881907 139.640167 31.852449 92.190866
6.166659 13.237905 42.693634 18.936576 167.140914 48.083921 -130.645831
6.701166 13.008406 42.892911 7.669304 354.341804 77.211758 -48.587642
6.280390 13.046102 42.805460 14.308066 92.592026 56.199226 -117.869663
6.714880 13.109047 42.750280 6.568304 148.704587 22.174012 49.678300
6.658301 12.740772 42.669997 19.944532 338.122635 30.211571 -88.541227
6.070998 13.204665 42.800239 15.844249 169.186399 23.153508 134.296693
6.906713 13.107458 42.872518 5.721496 319.932831 20.428260 -55.916361
6.569694 13.221014 42.954477 7.904487 136.119037 39.695744 60.860470
7.122196 12.666419 42.568220 12.019999 319.771198 40.146354 70.951806
6.863265 12.897983 42.556883 6.206298 229.297606 76.906555 -178.166019
6.830553 13.068449 42.638675 10.909260 214.058922 32.125292 -53.554861
6.651996 12.764829 42.741685 12.102342 332.035269 51.427479 -83.190586
6.195613 13.131795 42.776217 8.304239 134.337202 61.569878 -155.100088
6.672267 13.257695 43.083524 3.852888 129.997223 36.568289 83.971508
6.554456 13.394545 42.899961 23.068480 157.753304 26.142784 83.511099
6.446857 12.990582 42.791552 7.035811 310.326057 59.267552 69.380377
6.359569 13.019447 42.673535 11.236638 353.563033 41.062074 -129.982240
6.796375 12.943795 42.480090 6.086379 112.943871 89.719965 169.456404
6.678745 13.275818 42.787168 11.412443 51.003269 19.162723 128.140158
6.861222 13.409435 42.853198 27.016654 323.412337 46.026261 163.843235
6.851111 13.107263 42.894807 12.993725 119.926578 69.785336 -106.562939
6.335939 13.239899 42.905235 8.058358 144.001998 75.907481 -67.853926
6.543338 13.026857 42.619560 8.219440 359.441006 38.198091 -86.530427
6.212841 13.271915 42.935547 9.900375 137.930649 26.012108 48.570485
6.795841 13.172926 42.629323 4.747794 148.029367 52.494460 -87.527793
6.030639 13.161394 42.824969 10.498763 355.250331 41.571737 -130.006658
6.542503 13.040026 42.777528 9.522038 324.366909 22.052548 -115.996142
6.609035 12.842832 42.984619 8.504401 259.472469 56.741155 62.826481
5.844372 13.096657 42.851671 11.473237 151.461879 88.431723 -7.758055
7.076718 13.337291 43.023198 14.014746 304.721165 15.536338 -22.122366
6.092771 12.949649 42.814609 5.628899 97.372368 47.417684 89.981003
6.385630 13.015463 42.772790 11.069758 322.849822 53.039856 -108.980351
6.190326 13.295976 42.937243 18.538719 30.149443 76.321463 99.094851
6.423128 13.317875 42.806735 9.433466 143.976015 50.034655 -90.800159
6.531240 12.933755 42.708428 18.728889 152.004738 30.408272 -99.730766
6.595208 12.991874 42.763712 10.786573 325.846612 57.716648 -102.246937
6.406873 13.147935 42.911001 7.555517 43.731380 50.299604 119.139343
6.523627 13.220052 42.908123 14.215857 159.592962 30.278274 132.725320
6.602701 13.375141 42.879301 9.460179 175.377330 27.404527 132.930640
6.765438 13.030273 42.592851 7.876428 187.387679 23.455824 101.620720
6.821400 13.662796 42.428068 4.909941 339.459923 53.476919 57.466075
6.927494 12.825637 42.785304 14.731603 339.259868 41.892533 -100.464887
6.872148 13.235123 42.929095 18.344322 143.945357 37.850515 129.901234
6.557165 12.870594 42.771068 7.148454 320.430148 43.956898 54.871519
6.645236 13.289055 42.833666 4.244227 153.665779 54.757564 -121.373127
6.530615 13.035951 42.852615 12.313572 139.857244 42.584813 -50.862465
6.257407 13.350217 42.940324 7.919495 144.881193 26.072862 122.014849
6.444334 13.118825 42.801977 12.304802 146.604364 80.668185 -170.059332
6.186918 13.107060 42.874751 2.654653 313.287218 34.498051 -114.360042
6.933688 13.017125 42.753287 4.062086 337.141632 31.703945 -132.556343
6.443497 12.943197 43.148039 10.803604 145.728250 34.270243 114.583606
6.490231 12.965694 43.196698 11.576875 109.225304 31.585503 -96.215110
6.758888 12.807468 42.692200 12.183324 148.803205 40.868116 -85.797724
6.330266 13.143137 42.845871 11.396807 207.717293 49.849655 -118.098464
6.463081 13.279284 42.908721 8.216759 268.190368 47.639946 154.913254
6.887605 12.854775 43.020710 8.333475 139.425870 55.410159 -62.124373
6.142961 13.010735 42.662343 7.437459 153.575401 51.534724 -61.161739
6.604010 13.125852 42.851869 7.913646 323.555626 68.583493 -165.906726
6.501840 13.005414 42.587456 3.415910 175.684912 45.837302 130.164795
6.399561 12.929274 42.998358 10.383433 148.734254 59.524566 -124.450022
6.608204 13.101372 43.087516 8.962211 335.082056 30.591831 -87.291098
6.723909 13.036624 42.763628 9.962433 230.200354 27.279708 -121.426646
6.675861 12.966240 42.646740 14.698911 356.862791 39.365513 -122.098810
6.300392 13.169406 42.704181 14.605982 169.904924 21.069871 74.704145
6.014203 13.068175 42.804132 13.725706 107.891459 56.886960 -161.624861
6.517892 13.197136 42.776584 9.466244 81.375964 44.211354 -154.511918
6.751062 13.468145 42.723999 16.211450 65.604592 88.629408 -158.681787
6.018951 13.059474 42.836232 8.269616 103.917725 81.643175 -36.355633
6.643136 13.409256 42.421153 14.823046 63.030375 25.147401 -37.708715
6.776824 13.024005 42.537922 5.952814 342.771991 61.825337 -153.580958
6.269480 13.092736 42.780175 10.386375 344.163124 22.350576 -52.528900
6.843311 13.104815 42.499907 12.735008 93.137555 44.180721 -82.776672
6.469596 13.169260 42.880638 3.821482 83.048130 59.263252 -36.900968
6.459702 13.076083 42.880141 3.800377 148.040945 47.678878 -59.965692
6.818356 13.036032 42.865063 4.695698 178.086063 49.662955 -90.033352
7.118646 12.854196 42.922621 18.842310 122.717536 14.864373 -58.342274
6.352792 13.202162 42.964502 9.078422 172.424021 34.377194 120.348331
6.626012 13.133804 42.732264 12.275430 157.486308 47.549656 -71.819153
6.440287 13.297994 42.720774 11.484640 324.044453 76.876464 -58.451256
6.487734 12.761842 42.560319 7.659867 179.042531 84.843457 -17.172831
6.271339 13.049492 42.835900 14.233016 211.341939 56.597398 15.302238
6.853192 12.835174 43.073763 12.680096 158.633186 87.446591 -152.917509
6.637566 12.649498 42.855059 11.793272 331.653315 32.886636 -128.766222
6.562421 13.038904 42.838149 10.073217 53.398917 74.422592 -66.995477
6.832169 12.721187 42.504497 15.401179 139.035557 55.667609 -115.454830
6.408656 13.177232 42.704300 14.498737 170.249959 20.921013 124.768837
6.556785 12.983233 42.927288 6.318790 138.508228 42.795512 -117.940000
6.651275 12.962093 42.536028 9.826619 313.517245 77.904023 32.951677
6.396291 13.025729 42.742275 5.488943 106.352831 56.068271 -85.437740
6.476382 13.137915 42.838963 14.181296 159.145933 49.911594 -66.617677
5.854875 13.059627 42.830230 9.633149 336.399463 33.797161 -119.944178
6.571209 13.035949 42.620882 5.155784 340.266352 58.253498 90.739100
6.188204 13.165199 42.853883 5.281419 151.944658 30.894287 134.004612
7.072123 12.761411 42.747522 16.233433 12.744298 18.446075 128.258032
6.635037 13.411218 42.874462 4.967589 166.542602 23.868094 73.093635
6.279662 13.219786 42.861465 24.018716 278.569081 48.323044 12.492541
5.613190 12.987993 42.811641 9.742275 179.404659 58.067351 -81.544347
6.854456 13.305088 42.845697 24.742424 140.816576 55.473851 -92.865227
6.637669 12.992174 43.079867 4.020572 353.835493 50.091265 -94.047613
6.232564 13.186138 42.942004 9.855615 147.887974 35.851147 65.057572
6.567854 13.100870 42.898531 8.311724 168.504793 23.191272 87.029992
7.084479 13.101900 42.689480 5.975594 174.800906 49.061475 -104.733320
6.513145 12.805884 42.698506 16.207393 359.403632 20.580701 -101.601770
6.234990 13.274999 42.927580 9.918684 164.666912 28.519640 130.530489
6.741256 13.150487 42.955540 5.598823 171.804186 22.498058 47.996764
6.718949 13.070757 42.939705 3.389021 168.536814 22.446864 69.840718
6.479621 12.987907 42.944616 8.542314 142.132922 51.973058 -127.655088
6.759714 13.547914 43.091614 4.101340 173.959419 43.183642 95.784892
6.536017 13.206358 42.761785 4.205843 292.676986 38.667741 -102.703856
6.214348 13.117857 42.894981 9.250024 158.499303 51.745687 -98.334287
6.361400 13.094822 42.961288 6.194721 149.604728 30.213881 68.402292
6.159521 13.282654 42.949006 7.692065 90.795701 52.899160 105.015066
6.278280 13.067172 42.768409 14.633086 351.753258 35.038125 -73.560537
6.910076 13.057425 42.615600 6.448133 102.755239 88.213089 -137.895910
6.675163 13.120469 42.707592 14.353900 142.533474 37.004460 91.420808
6.631202 13.218708 42.941514 8.287681 179.371264 27.887475 91.199769
6.285093 13.002220 42.655283 10.053635 320.734917 41.729013 -79.889843
6.812096 13.076232 42.962506 17.494021 16.210828 89.312233 19.549163
6.874080 13.168728 43.030463 17.486237 141.429724 37.518360 51.035923
6.072418 13.056446 42.888641 14.890358 149.869250 45.684050 -49.647159
6.580747 13.147648 42.847831 11.030199 176.976418 83.724927 38.119760
6.315645 13.232318 42.774546 17.926619 310.006203 24.030806 140.848320
6.300700 13.009697 42.887413 9.111135 151.958808 62.115334 -63.493068
6.684171 12.957419 42.780186 13.971894 316.974896 33.578255 -90.588877
6.255393 13.139351 42.903403 8.460767 136.464628 31.387091 115.531874
6.352537 13.167101 42.812155 13.692738 327.716019 37.089725 -54.046666
6.204219 13.080355 42.946038 11.157984 112.935784 34.280536 -108.225526
6.767419 13.086318 42.831768 12.187693 258.768387 41.750715 -59.601191
6.033394 13.192085 42.876646 14.903679 98.836101 42.927931 -86.786967
6.544697 12.999246 42.924539 14.240853 164.514735 31.296945 106.654389
6.155488 13.080918 42.866637 9.696147 140.490296 46.185986 -130.633851
6.841288 13.214761 42.929822 15.852433 298.893717 40.910113 -124.283472
6.568473 12.955407 42.614068 10.898421 333.672962 58.784973 -52.912231
5.962223 13.067481 42.907548 14.077528 171.150556 15.287766 76.316451
6.035127 13.043353 42.814521 10.739192 347.650433 38.038360 -130.001010
6.526356 13.123627 43.136298 13.894429 166.726412 29.694115 124.334202
6.492340 12.909679 42.850641 3.873423 174.885829 59.609588 -63.837381
6.066502 13.233253 42.863249 14.591090 168.506294 25.093242 83.460329
6.315722 13.236458 42.808107 6.646888 92.170577 88.265610 148.084409
6.656217 13.127856 42.637222 6.997256 62.188156 86.054468 -17.088531
6.806444 12.819462 42.677612 7.242511 155.360957 56.313657 -107.344854
6.780926 13.246957 43.006573 10.547513 245.922588 27.108412 -48.419448
6.563625 12.862334 42.590878 6.720956 112.338933 67.620622 -143.580162
6.956275 13.157860 42.979429 7.461484 159.081766 32.653199 98.779182
6.017888 12.938188 42.814556 8.944364 344.057322 75.461417 29.474606
6.500357 13.099656 42.898322 13.059497 147.860932 36.330355 119.339705
6.636476 13.198431 42.930845 10.793133 308.458382 71.939441 158.297451
6.539336 13.062724 42.900606 23.257787 174.533172 58.619814 -72.675053
6.684049 13.088711 42.907598 19.639093 140.363274 41.585432 -72.832907
6.479950 13.080541 42.974593 19.543666 86.405898 81.181455 35.620431
6.602981 13.299980 43.007326 11.201637 107.239803 43.832876 34.998702
5.853530 13.119117 42.868291 14.041598 156.569937 45.058964 -66.375847
6.565313 13.172997 42.718433 5.415621 222.595083 43.795772 -94.421830
6.594428 13.264164 42.771348 8.568919 169.728278 33.060923 118.715774
6.360523 12.944736 42.876392 12.311082 173.354968 40.454751 -83.165693
6.277280 13.118026 42.840385 14.853114 138.858314 23.662485 127.645456
6.562338 13.127226 42.824437 15.137115 176.920801 34.509647 45.245896
6.400059 13.087309 42.795614 5.471606 358.969711 65.640650 -49.345976
6.809860 13.271937 42.916363 11.106445 137.016950 74.938373 -18.552573
6.926812 13.042983 42.760620 5.330499 322.677590 29.188289 -105.321139
6.628004 13.294818 42.672912 7.414003 153.502206 34.351632 -59.821931
6.301266 13.352087 42.685083 16.656214 330.202065 52.271718 -69.082232
6.686445 12.770354 42.953058 6.559400 104.636488 46.295145 -98.793873
6.347877 13.169993 42.740263 17.417565 143.302906 23.585115 87.357033
6.203807 13.209892 43.110225 2.319703 153.258989 22.883592 102.747644
6.659543 12.938419 42.876312 15.158806 193.397528 13.731029 -168.155631
6.233730 13.112878 42.890986 12.725270 341.938544 48.282167 -90.147066
6.289718 13.204800 42.825721 13.179424 176.015887 29.132841 47.680624
6.291056 13.034591 42.955455 4.996568 140.698108 56.874885 -125.478207
6.327943 13.197713 42.745213 14.336064 3.650432 71.247030 -105.045424
6.570101 13.214704 42.751932 3.671530 154.710718 46.650796 -104.922810
6.408875 13.080677 42.804724 7.823115 2.797179 55.379305 142.474178
6.911731 13.708070 42.709154 11.912656 172.241887 27.317267 91.488575
7.001565 12.922575 42.903906 5.557341 152.680671 46.099644 -118.204884
6.931301 13.517565 42.911310 9.702716 149.830673 45.503902 98.360325
6.503199 13.198363 42.716892 15.377829 161.238145 37.719123 61.746713
7.143103 13.440861 42.479692 11.046834 146.418477 23.068830 112.399306
6.442727 13.064242 42.858231 10.631743 291.952122 32.063199 -99.193265
6.270589 13.047092 42.806027 5.709327 294.415652 41.296070 104.373577
7.024582 13.143019 42.693397 6.064005 354.074699 55.459394 -55.469244
6.675351 13.283159 43.017084 6.060155 19.392661 37.607791 96.139241
6.265847 13.232078 42.851962 5.848245 322.968130 60.186506 -117.901943
6.040387 13.149873 42.797966 10.065201 176.419922 37.983465 111.544156
6.612656 13.324004 42.789485 22.043246 231.715304 39.643417 144.477824
6.153842 13.004472 42.786122 4.099559 151.359052 55.113432 -129.887506
6.753560 13.712846 42.481193 4.777306 177.094806 57.079312 113.539360
6.553976 13.242309 42.855802 15.817612 151.156219 53.309775 -126.875990
6.577722 13.333343 43.007258 3.828853 147.095726 33.102780 64.681757
6.600969 13.059170 42.876195 9.957016 353.499841 44.481339 8.933116
6.343836 13.213299 42.752138 7.497663 292.947019 33.035729 22.702123
5.698186 13.099881 42.872697 22.577850 111.517259 64.667030 -28.595238
6.792896 13.220982 42.509235 15.471879 293.181257 47.261173 -147.987237
6.198702 13.190459 42.708366 10.331109 336.428269 67.175418 -125.039930
5.933785 13.118551 42.882419 19.725478 290.863258 53.258674 -93.300501
6.541434 13.324806 43.004266 5.545286 127.410721 70.144889 -158.808297
6.307686 13.085875 42.912127 12.642846 142.061186 52.063423 -132.245606
7.011568 12.891191 42.707358 17.679694 335.264816 28.284989 -103.441839
6.644811 12.928275 42.910430 4.266043 171.418771 46.335620 -46.962606
5.944258 13.072461 42.759529 5.283913 147.257182 63.535804 -38.946295
6.500024 13.022193 42.911217 6.214980 151.976603 46.136831 -122.533436
6.088805 12.932684 42.944064 12.322073 148.489026 80.818478 -35.329294
6.494245 13.136138 42.721376 9.886656 47.538734 42.564930 -141.984372
6.518274 13.081380 42.535854 8.069422 123.911721 55.126304 -70.595297
6.494241 13.109192 42.996958 16.015548 135.074372 51.304161 -102.732558
5.554610 13.120089 42.860683 16.748470 359.568964 26.162395 -133.401857
6.266989 13.203123 42.896052 7.209853 155.677555 38.448482 122.013364
6.372879 12.818575 42.810696 15.775272 200.997536 64.294262 -137.881658
6.788858 13.361288 42.845335 7.764852 154.927800 26.285688 131.811449
6.262189 13.143885 42.815991 4.174140 165.388775 52.523586 -134.362729
5.999478 12.982734 42.831157 12.134068 163.195524 88.794383 177.561704
6.412894 13.245117 42.776022 12.816792 120.199225 52.688885 130.264807
6.235280 13.237370 42.864844 9.471107 146.748468 38.903418 129.000825
6.279801 13.220881 43.002197 7.197219 171.263760 29.641444 125.753186
6.848128 13.235928 43.034221 8.626958 122.356077 48.925373 129.667355
6.188376 12.838783 42.872534 18.088194 98.481252 53.230427 -123.917430
6.695559 13.534378 42.940311 12.746992 275.944979 48.683266 78.088914
6.974195 13.165440 42.969422 8.933576 168.964242 25.458866 115.298622
6.216421 12.978636 42.716704 17.224541 196.784738 22.181229 32.111552
6.312882 13.090306 42.757335 13.671899 209.190022 28.024869 -7.197706
5.986293 13.051159 42.840460 13.911314 352.009787 53.236221 -71.268139
6.440568 12.958217 42.781468 18.023243 36.575076 40.702261 110.952875
6.538542 12.883122 42.924960 13.184817 16.052888 52.617331 -108.807617
6.302292 13.084746 42.739891 11.703071 159.459185 29.028401 -112.430334
6.653177 12.993862 42.607574 7.683662 343.812574 78.838142 -126.701845
6.403495 13.206276 42.911697 17.541290 101.474537 32.736901 55.281135
6.767404 13.037459 43.295788 15.615842 139.208429 38.919236 134.434646
6.931849 13.629141 42.909351 6.148990 231.166926 38.061841 144.888882
7.291735 12.987537 42.824576 14.503206 142.308659 46.257961 -56.032702
6.114293 13.035517 42.789366 14.062586 353.876983 27.744180 -119.858783
6.519654 13.040912 42.882315 9.928674 155.422746 42.927781 -94.705526
6.182794 13.110781 42.813379 10.135660 143.246970 47.894538 -129.342218
6.107508 13.054753 42.832967 13.708717 86.952363 49.525861 -158.030554
6.882200 13.323394 42.843518 12.667838 163.965844 36.193426 97.462053
6.561661 13.034684 42.688383 14.856137 111.682690 84.598342 38.355087
6.848545 13.147066 42.645996 8.944981 330.861020 52.661916 -64.228815
6.379541 13.013757 42.866004 11.177185 72.062766 57.501085 74.184602
6.270978 13.250577 42.707193 14.792999 167.020846 34.387868 74.316139
6.485684 12.981724 42.933658 13.004674 179.558998 28.879240 63.587285
7.021665 13.237325 42.512864 17.771106 123.191526 55.480280 -119.033449
6.522576 13.046261 42.932892 12.087906 154.510418 45.395246 -65.454140
6.313671 13.185402 42.971107 7.829954 179.088916 27.530597 55.587728
6.440374 13.178190 42.809403 4.287273 190.902664 29.252828 41.151592
6.577678 12.858831 42.888248 3.853918 171.389175 50.947709 -130.836005
6.810828 13.490490 42.849542 9.080166 160.246294 25.935108 130.766263
6.379737 13.102863 42.851393 8.996487 320.093978 40.666747 -85.933082
6.473638 13.266376 42.790078 6.360465 177.291559 27.628325 92.376025
6.889709 12.850724 42.714271 7.235348 343.075554 59.533505 -72.266684
7.141389 13.362081 43.433599 11.231282 138.338633 43.344589 118.942683
6.421873 13.123959 42.831640 10.486066 156.463840 20.932574 -145.967930
7.218475 13.406645 42.949812 16.434841 146.074389 30.460179 110.411527
7.110152 13.535040 43.010550 11.272264 30.032156 53.804236 175.214737
6.536174 13.230701 42.860531 13.884256 66.169218 34.803259 -47.647457
6.441208 13.333542 42.915773 11.026226 98.489321 67.705973 -42.027774
5.979138 13.074393 42.772833 9.962239 47.244279 40.169328 -125.316469
6.259282 13.044893 42.810842 9.999227 155.508607 59.294770 -61.587965
5.798621 13.025503 42.822286 14.465552 352.866769 36.584633 -54.100759
6.546561 13.013315 42.716182 3.479985 155.099813 44.381759 -104.619762
6.756586 13.336601 43.080383 21.981915 314.799720 67.612711 30.078918
6.358225 13.337623 42.816117 5.916217 143.109131 30.193228 65.144271
6.818562 13.317482 42.586635 5.131906 211.947747 55.038287 -110.909114
5.899303 13.131827 42.832340 4.827191 118.064602 82.929193 -129.157372
6.934180 13.329416 42.927377 14.965293 158.694119 36.560749 96.289753
6.184362 13.127103 42.864391 12.176233 138.361710 51.176497 -75.973148
6.270032 13.004525 42.782071 8.547896 159.139887 43.205584 -105.875893
6.757956 13.235823 42.728723 13.215323 239.106432 54.411523 49.594557
6.319232 13.130714 42.978540 4.384102 131.182043 55.009585 -83.143116
6.680936 13.126467 42.909982 5.168092 97.696019 21.587588 -58.649879
6.133314 12.961865 42.810594 14.538765 48.178265 63.620100 147.224486
6.458107 13.316204 42.782353 4.767132 147.912401 21.040198 63.624842
7.113479 13.181493 42.486601 20.303312 174.104113 56.145031 -79.199151
6.601833 13.135838 42.867334 7.260681 172.414972 23.416204 47.976401
6.632817 13.049503 42.887925 15.312684 156.594239 34.070280 125.109172
6.629212 13.279115 42.892702 18.614417 140.495483 35.955573 102.722994
6.444177 12.946741 42.875162 10.825499 166.795108 36.222415 41.965655
6.871642 12.989412 42.800799 11.710115 52.985581 51.833173 100.517673
6.406699 13.182005 42.814743 14.557497 301.927025 46.972762 -117.086106
6.285555 13.205351 43.001688 10.691638 23.244995 35.260191 127.012689
6.546917 13.067669 43.038620 8.585150 157.566922 46.410978 -45.202131
6.314829 13.122167 42.932838 6.469239 150.137776 57.251566 -83.446633
6.284055 13.166927 43.049437 5.658972 135.336347 32.459621 79.264368
6.557301 13.147157 42.648112 14.216196 144.565126 46.719633 -87.967739
6.341375 12.917279 42.832026 5.430819 65.498854 51.801845 -152.547303
6.193467 13.163326 42.751135 16.650451 170.966270 38.002459 101.746713
6.202630 13.071704 42.858313 4.305737 186.229309 43.324314 106.925337
6.062981 13.335506 42.794153 10.809330 147.800819 54.042482 -83.288287
6.496762 13.270144 42.660443 6.921289 156.405647 33.444088 109.384140
6.300159 13.230223 42.803082 13.877952 163.512585 33.168434 52.009049
6.821745 13.526757 42.975392 6.532940 169.602256 52.214645 47.155173
6.277575 13.170431 42.926883 7.743218 69.090161 78.962101 -95.299179
6.651262 12.783323 42.658570 13.925959 320.541091 25.711531 -89.282300
6.175305 13.181522 42.939418 7.818490 176.352038 24.396727 131.951589
6.099307 13.213951 42.817934 5.992837 350.961407 41.668572 -80.104417
6.510911 13.255446 42.674644 11.245697 355.693697 38.963906 47.725942
6.841005 13.148153 42.797654 12.901086 324.195322 43.110104 -65.144111
6.985115 12.855017 43.010502 10.742993 177.473460 38.255249 106.332585
6.700607 12.901914 42.978393 12.671647 159.680690 44.860192 -97.654579
6.006462 13.018204 42.769661 10.002028 327.082464 49.023202 -73.452901
6.943539 13.394623 42.556751 7.941171 155.929399 38.156826 127.742947
7.226724 12.977280 42.742338 5.334115 354.647408 28.868860 -119.039381
6.579399 13.265161 42.936789 9.760133 174.938193 36.185857 73.780894
6.805828 12.681235 42.610345 4.219149 141.656977 42.346034 46.553060
6.392827 13.282262 42.857115 10.544586 233.899929 73.556056 94.459235
6.389449 13.202813 42.843979 5.371129 36.144093 66.801393 99.632742
6.685445 13.093559 42.600534 7.674360 165.088319 58.012220 -97.611100
6.147761 13.174248 42.773520 5.959115 152.582736 45.452010 -84.003406
6.289953 13.078853 42.836184 11.199972 146.337511 43.355791 -65.079841
6.395960 13.323658 42.769538 17.355193 135.566201 49.690070 -68.934400
6.538772 13.237848 42.819096 14.328170 264.152919 55.568459 53.821963
6.540227 13.194306 42.990224 6.048972 104.761598 84.188197 -11.368930
6.370803 12.864453 42.567524 9.771364 51.259834 11.480014 45.361423
6.271537 13.195382 42.857929 3.196699 163.968776 22.992905 129.200518
6.761429 13.128902 42.813640 16.014688 168.836350 45.145698 -68.571182
6.129679 13.087487 42.695076 13.547360 13.144912 33.704136 -2.388896
6.615878 12.908349 42.861300 19.532929 156.567369 58.953003 -62.346351
7.157419 13.200843 43.022551 15.713098 104.547260 59.812287 101.191341
6.492026 13.095750 42.727780 9.868787 170.603215 57.033808 -60.785097
6.699654 13.236765 42.888229 11.496380 36.761111 63.039502 -9.284672
6.762975 13.076266 42.875351 15.665024 149.710586 48.915778 -117.126643
6.729444 13.131082 42.753314 5.198760 166.813939 37.669502 46.172907
6.228708 13.034728 42.771590 17.279029 154.584310 57.979301 -127.806283
6.176364 13.208022 42.783081 12.133050 147.782267 40.879887 -86.038832
6.743633 12.992010 42.931953 9.042256 156.785457 54.112603 -72.539405
6.036893 13.298022 42.849235 16.723861 165.758046 28.915195 123.975560
6.246027 13.082488 42.865101 8.321463 34.509913 22.070616 103.577601
6.461402 12.951935 42.891238 2.609825 280.202338 30.052342 -76.665554
6.911421 13.148614 42.551209 11.443894 172.407826 46.119726 -113.560823
6.233521 13.095807 42.848894 5.337865 35.731170 82.600389 -24.074118
6.807398 13.055400 42.951719 12.599258 106.017699 29.027591 -80.155892
6.118629 12.992969 42.798471 13.685022 191.156875 36.158678 88.786949
5.812552 13.042962 42.832524 5.066422 141.401123 50.212885 -45.189337
6.461473 13.065233 42.955767 12.224805 137.194086 53.127149 -59.305071
6.636168 13.055493 43.002054 13.954750 149.653224 56.920013 -112.647099
6.133168 13.136655 42.834597 6.114880 172.381244 26.990025 90.578831
6.108486 12.914407 42.730044 18.792341 354.389437 27.488719 -99.107623
6.383199 13.358263 42.766153 10.452061 167.464418 28.136607 91.538868
6.344106 13.095902 42.774018 6.602634 176.313886 45.238021 -127.611127
6.477063 13.023605 42.805859 13.819821 151.569579 52.146092 -49.909002
6.501036 13.262142 42.781105 12.144272 248.918100 12.172042 41.497916
6.805524 12.794207 42.781810 10.502482 304.495740 57.160570 -73.623852
6.377940 13.106725 42.869951 12.329485 352.899793 56.839253 -76.290921
6.117764 13.210905 42.672308 9.323997 235.935755 63.410280 -31.585332
6.935511 12.957086 42.825000 14.579768 293.965090 37.247752 2.643965
7.167253 13.538748 42.672226 17.415928 242.378467 10.316397 89.264105
6.155605 13.113370 42.760412 11.809171 137.849403 27.194578 82.173743
5.837616 13.054399 42.817479 18.547796 190.458440 49.034540 -84.883703
6.863721 13.361558 42.831929 8.084332 137.332822 42.280949 -118.062523
6.211778 13.241076 42.835689 5.389346 161.466424 26.970608 -67.535772
6.149968 13.118072 42.879309 9.584882 156.789951 21.834101 110.462525
6.799563 13.163260 42.561115 9.024055 25.886548 62.604893 -154.491582
6.702228 13.230985 42.891958 19.993873 138.080847 36.147824 122.465975
6.697775 13.347210 42.656508 4.285929 173.897115 51.138376 -82.346380
6.445782 13.522018 43.041987 12.510524 321.825906 37.118777 -71.602322
6.572789 12.990399 42.983136 15.602955 122.635354 42.187295 -123.606881
6.294574 13.242000 42.762393 9.735652 46.990167 83.983525 159.986777
6.814445 12.971304 42.848799 20.966694 92.718915 22.052203 111.604730
6.501307 13.150779 42.907297 15.851973 163.411619 28.185819 69.214519
6.438582 13.110718 42.773496 18.101704 76.063669 44.593799 45.161965
6.459039 13.008586 43.024297 5.707714 160.247317 47.473401 -55.604642
6.325260 12.888260 42.892641 6.262577 352.331846 51.350811 -125.292081
6.450661 13.194158 42.962486 6.442663 150.915707 38.561896 115.423998
6.737341 13.187090 42.792375 10.871727 105.242826 71.585996 -85.066060
6.016836 13.065347 42.925369 10.629085 135.823221 59.644378 -105.297730
5.885042 13.041541 42.801589 9.801906 120.882944 41.384206 -53.335830
7.252484 13.065355 42.779114 11.244932 163.882199 41.890282 -70.502857
6.592212 12.941107 42.941934 3.478564 173.939151 29.402248 111.259002
6.807651 13.133142 42.747459 13.574954 331.295253 52.736921 114.180963
6.594629 13.152342 42.887449 8.752427 160.234792 80.113365 -170.799243
6.555102 13.126219 42.789591 9.804050 86.389468 23.151034 -121.564463
6.418548 12.955258 42.865451 8.912327 85.977839 68.119214 -109.151095
6.218174 13.101982 42.980989 15.518322 194.383013 37.957787 88.677003
6.356893 12.961248 42.920821 8.401223 139.598728 40.468838 -111.921313
6.685870 13.253676 42.732435 9.655310 150.134219 37.449886 73.650618
6.355099 12.898720 42.784668 11.182759 352.611709 54.166294 -104.448964
6.766903 13.252088 42.794055 12.691783 171.665205 31.727858 57.905978
6.322788 12.855080 42.965241 8.060378 135.161148 24.140567 69.202688
6.030607 13.093553 42.805104 4.795881 160.965290 70.188427 137.507131
6.242385 12.978762 42.907373 8.193035 162.338435 34.025000 130.807370
6.871496 13.162063 43.147458 2.826352 169.723852 20.752776 88.397372
6.281676 13.072349 42.777580 8.601387 1.550593 82.975583 -27.941873
6.374578 13.159894 42.801114 5.372121 322.253567 71.011286 7.219490
5.911983 13.187083 42.832236 5.470567 156.485792 57.931413 -118.887621
6.727641 13.097061 42.917634 11.286756 155.778992 32.664240 120.891403
6.043573 13.082191 42.762544 12.227705 344.597813 26.899745 -69.547528
6.772898 13.252555 42.768897 10.070614 109.810930 86.551593 -127.890878
6.579204 13.213753 42.786172 11.020369 97.690350 59.039088 -101.549265
6.436488 12.648642 42.786129 14.933293 333.389751 47.402005 74.692078
6.262945 13.213607 42.853138 5.544483 143.182349 37.775835 128.696850
6.280938 13.193896 42.822813 19.839508 196.324824 73.744289 -141.567873
6.238560 13.207793 42.936275 7.055272 159.249623 33.941316 114.979004
6.728140 12.919711 43.164184 5.599362 314.757723 45.910589 -69.583376
6.683613 13.390300 42.852234 13.830315 192.118273 77.313242 112.477638
6.304902 13.121207 42.772304 15.384794 148.685192 26.516731 125.008046
6.583448 13.078431 43.222495 9.057264 148.049263 26.618993 110.090523
6.509857 12.872409 42.768330 18.796301 13.756987 60.006681 -127.050880
6.386400 13.108027 42.802652 12.059696 71.547376 22.823985 48.602247
6.629856 12.978598 42.927825 10.270205 139.618532 50.003399 -123.657637
6.586785 12.902637 42.608508 13.304974 153.590749 41.671791 -110.179219
6.478311 13.127539 42.838998 8.938534 172.728443 31.474284 46.637520
7.208937 13.387124 42.916095 16.728777 154.638367 38.326812 53.867556
6.567105 13.007879 42.693481 6.509092 179.169148 59.349066 -117.445810
5.795923 13.105008 42.878991 10.125292 15.614608 46.673190 102.586685
6.821078 12.871119 42.806848 6.312568 156.032429 81.995723 -175.714075
6.279783 13.047026 42.799912 15.306048 178.974054 58.351041 -65.731634
6.850859 13.274714 42.981185 4.524099 304.269061 43.800235 34.452336
6.394850 13.416795 42.721695 11.183062 168.675884 28.455743 128.306859
6.045282 13.108146 42.832076 10.631746 99.613095 32.904601 -54.962738
7.067348 13.566918 42.694190 7.851701 173.450361 23.775195 105.575212
6.824132 13.143769 42.695564 8.749949 358.289064 70.600488 -36.864413
6.762318 12.706933 42.519508 7.145475 117.734755 77.663408 -103.865538
6.487123 12.925765 42.941426 8.225045 149.996391 26.790149 87.824693
6.689661 13.131741 42.868755 10.423226 138.443065 27.742503 59.041105
6.600481 13.117471 42.669438 6.475883 150.131588 55.481536 -119.472980
6.696133 13.032190 42.662165 6.987677 136.098129 40.807951 -75.079024
5.869232 13.072396 42.818861 20.296861 178.336807 48.985798 -107.309056
6.330226 12.857463 42.924412 6.162897 157.859487 28.802481 86.409477
6.713915 13.137873 42.740815 5.395657 282.830575 58.330229 49.682216
6.239160 13.120124 42.804275 8.364895 341.623175 24.826129 -116.407883
6.308588 13.049131 42.674016 11.025554 24.225874 45.395177 78.550140
6.755788 13.162258 42.976424 12.109591 156.398268 39.788246 129.207686
6.243850 13.239345 42.630745 8.506730 112.959145 51.390245 -66.366450
6.123176 13.211927 42.790052 17.672911 190.445954 40.572180 -16.625487
6.500987 13.002879 42.783183 4.686307 168.419404 57.377871 -128.960020
6.350402 12.991211 42.723680 13.350974 303.663536 20.889235 -97.605490
6.738665 12.777192 42.925965 10.645527 16.499627 80.744225 -96.299952
6.576397 13.242097 42.894858 7.083198 142.678912 29.432671 93.620932
6.149091 13.175786 42.856955 12.549248 135.946243 43.196670 -52.117824
5.940889 13.170865 42.862050 2.453343 173.077566 28.691395 134.020395
6.086093 13.226876 42.825661 10.615631 144.592089 59.006388 -125.792470
6.414716 13.091687 42.858168 10.652126 167.639876 43.735463 -124.015116
6.521663 12.888735 42.998384 5.610632 284.060094 72.789028 -172.319453
6.177367 13.073672 42.838523 5.424360 298.619585 44.815363 102.140168
5.840320 13.200040 42.898281 5.526096 38.290762 86.532320 8.270701
7.089740 12.819617 42.921755 12.356370 335.651146 28.152307 -105.517881
6.494488 13.034800 42.863808 8.847702 315.920683 29.250526 -114.502084
6.187123 13.261120 42.858712 9.736376 159.327091 26.356362 -81.848955
6.792670 13.086140 42.671902 14.471434 127.466452 33.770910 -104.775779
6.593411 13.106254 42.848312 9.025875 337.405768 20.413744 -64.904690
6.999648 12.676975 42.596654 4.485187 177.505509 35.691435 -104.503105
6.842617 13.120254 43.122948 7.393655 311.632654 52.654241 90.634663
5.869373 13.123717 42.856039 10.726742 58.050672 53.841383 98.694727
6.673469 12.885465 42.889191 5.934802 146.431579 57.010205 -73.084869
6.405090 13.026177 42.773126 10.041031 154.780894 13.453950 -132.023850
5.902789 13.042950 42.844617 14.088463 144.051102 59.250877 -92.858415
6.729021 13.097817 42.888940 16.412137 258.056929 21.043356 105.311765
5.915821 13.096555 42.835389 7.256066 133.064687 35.618349 -98.948588
6.910783 13.216734 42.782434 6.904392 15.662804 27.772247 -63.893195
6.232520 13.060949 42.846024 6.230311 145.005923 47.311292 -115.241965
6.471786 13.097228 42.721890 13.333153 113.573416 15.224459 -143.287792
6.855044 13.000249 42.667734 7.204303 152.265373 50.083519 -151.315794
6.377234 13.396449 42.879236 15.136391 168.874965 30.738167 104.819734
6.472641 13.119747 42.728159 12.425621 169.726339 31.002900 -115.723924
6.035646 13.121102 42.897821 14.696138 157.412401 50.898561 -78.277414
6.760688 12.921931 42.972194 10.922126 337.343115 34.876956 -96.331355
6.631271 13.053621 43.018193 11.865454 164.526408 42.953555 -60.650559
5.756253 13.196932 42.865122 15.251446 156.140095 34.166891 123.117209
6.174194 13.008950 42.982596 10.987288 139.703597 43.632211 -84.982128
6.866971 12.941403 42.822006 7.129031 143.604390 56.291313 -105.868869
6.475007 12.945578 42.774967 15.921534 83.288377 15.325625 146.583894
6.684559 13.117459 42.784013 18.613818 300.275607 76.859344 -175.050428
6.810279 13.207208 42.646757 13.929216 139.926798 57.810477 -91.737343
6.567308 13.178401 42.828070 5.296947 160.389407 46.926338 -127.236716
7.252498 12.239763 42.772548 10.645050 115.247444 49.083496 8.067630
5.878322 13.200503 42.794052 3.889960 349.255233 27.147541 -71.563462
6.497625 13.317087 42.907058 11.697045 317.803785 10.269970 74.826460
6.570578 13.172097 43.005995 4.087101 291.560718 57.423553 68.747628
6.561794 13.332512 42.696349 9.351012 124.015141 77.253328 165.157894
6.879625 13.119942 42.817181 13.780363 135.989500 31.692016 128.954683
6.467457 13.139415 42.843741 10.502083 192.745193 52.916952 -42.150537
6.595299 13.176601 42.692995 14.681470 136.822304 22.538885 103.687780
5.954790 13.096891 42.862966 11.630931 359.999173 46.133822 -106.362237
6.746943 12.952362 42.898768 14.118000 174.084974 54.797136 -58.639696
6.432541 12.977939 42.856280 8.224989 133.854184 71.361075 -72.434209
6.239744 13.045416 42.888049 9.972579 153.693130 23.959558 111.981475
6.573722 13.136926 42.829558 5.458271 326.030520 48.893281 22.887717
6.477436 13.197725 42.797701 12.960609 331.227767 51.896017 -130.810860
6.318816 13.080143 42.793354 5.233985 141.269667 43.513659 -101.304924
6.123927 13.001203 42.801704 4.796808 358.757144 33.610547 -110.075211
5.920634 13.194247 42.864151 11.755375 177.973724 43.161392 -118.874349
6.306730 13.125016 42.914634 5.472686 177.285706 23.980136 74.447550
6.721169 13.063650 43.076809 4.492071 150.504108 52.989223 -57.410608
6.584496 12.858753 42.862890 8.474260 334.874351 28.214212 -84.011622
6.069826 13.160082 42.750452 8.129317 263.737343 16.898225 -21.843821
6.454096 12.854094 42.602215 4.801225 319.895960 26.303566 -64.211452
6.604280 13.215271 42.773664 4.341422 334.047921 61.860285 120.298554
6.845980 13.079387 42.731152 25.976783 318.587023 56.203488 -101.782853
6.998965 13.157500 42.712653 18.423378 152.867266 27.986546 114.101134
6.954931 13.405622 42.834676 18.263401 175.954206 59.849447 -122.280112
6.446902 13.043002 42.854518 13.391096 152.509818 40.915168 -64.924862
5.894544 13.131738 42.769342 9.230195 168.193627 30.423402 -109.203285
6.223870 12.952857 42.965092 4.368252 137.282895 24.964453 69.328766
6.689642 12.902738 42.938995 18.708580 224.151677 59.075675 -76.239732
6.637822 13.400484 42.987537 9.237387 282.168472 56.921213 49.634395
5.921991 13.173565 42.853021 10.878432 142.600512 36.693013 12.810365
6.485183 13.081444 42.832213 13.144868 324.974597 47.828403 67.456330
6.882282 12.792769 42.667110 9.124630 338.471363 24.794339 -92.975171
6.557350 13.135969 42.960972 15.720514 255.995005 45.990779 -81.961682
6.853651 13.483625 42.896450 11.101001 79.186700 60.828184 -173.088723
7.083030 13.280219 42.761470 20.331054 167.350613 34.321701 45.747396
6.366483 12.991688 43.014977 8.807847 145.344670 58.049238 -97.637821
6.666646 12.950050 42.937735 10.235787 258.146381 64.770073 40.098097
6.743979 13.087691 43.082283 6.640261 355.009129 57.407394 -47.993981
6.983981 13.018283 42.935084 6.938340 142.812563 22.574356 94.073042
6.846896 13.215835 43.011611 15.725900 168.134323 29.279086 61.182845
6.007836 13.171480 42.846338 5.257252 178.338969 54.137718 -139.630998
6.681911 13.354527 42.836166 10.411903 153.350634 46.151537 -48.401678
6.444495 13.201207 42.873808 8.319902 337.370532 53.299724 -80.935546
6.208799 13.166102 42.937910 20.363133 66.362998 47.787118 47.802648
6.662532 13.333534 42.994654 9.214320 13.805734 83.735222 157.158854
6.606042 12.682994 42.854114 10.235528 321.670394 65.424607 -58.429626
6.311791 13.105310 42.857741 8.274983 175.596919 50.968782 -118.748195
6.771396 13.147092 42.843532 10.531391 163.892368 32.067981 52.050603
6.625253 12.904839 42.902497 6.426159 174.481439 27.817395 56.325354
6.870843 13.357585 43.295623 7.168906 68.484920 87.675384 166.282950
6.491126 12.934228 43.099596 14.755637 170.270795 56.858937 -54.186411
6.165113 13.168510 42.895750 15.470132 271.226478 48.697082 74.789429
6.696995 13.194775 42.821865 19.066209 301.973853 52.749717 -58.412043
6.041950 13.159743 42.836354 11.482972 170.243682 32.642843 89.019163
6.428810 13.084747 42.938385 3.526801 158.794499 51.959803 -123.388630
6.633151 12.774128 42.998459 12.695559 285.018582 41.275273 -59.600446
6.387024 13.188949 42.713347 12.454393 158.734434 29.497987 -101.165937
6.433774 13.194265 42.585030 5.810214 208.414905 10.241990 116.182699
6.568834 13.178410 42.843654 13.455229 168.569510 23.640760 95.196603
6.431198 13.174113 42.793982 14.230326 160.841728 21.701137 46.451727
6.604289 13.018366 42.902223 18.036630 148.008321 50.259321 -98.602843
5.875603 13.128530 42.748543 14.581569 289.289334 75.145918 -97.840780
6.301402 13.087628 42.706059 4.784692 352.955344 42.253650 -110.606729
6.559276 12.899684 42.672698 13.912869 347.595449 33.401455 -96.707322
6.668898 12.936223 42.956207 10.359153 150.003040 50.254266 -113.127424
6.294213 13.118858 42.890760 15.263955 175.569734 39.047369 91.962205
6.281858 13.160291 42.886617 9.314161 152.154324 42.875503 -100.249415
7.077272 13.359064 42.470751 7.598850 24.228866 87.017399 -165.113547
6.971336 13.393963 42.990520 8.963779 223.974992 43.247062 -65.487139
6.263380 13.285494 42.977139 7.447871 290.850977 77.221499 128.883551
6.318957 13.471059 42.823269 9.083280 152.046340 39.558085 107.732217
6.740976 12.934171 42.719496 3.637310 318.398622 36.486765 -62.666075
6.357708 13.037058 42.812888 19.295336 289.441797 47.067815 7.065221
6.375743 13.117467 42.776552 12.323770 298.978187 33.969996 -112.236544
6.930412 13.090642 43.028597 23.102622 162.349165 38.426917 129.621955
6.285718 13.288535 42.724537 2.900370 168.266547 25.036361 81.244849
6.391676 13.058199 42.738809 14.103531 344.529983 28.888226 -81.002038
6.590035 12.892971 42.770470 7.977380 147.402603 88.530433 168.381511
6.299102 12.916014 42.805312 11.010349 167.313367 89.931012 109.452044
6.387339 13.038469 42.727771 9.019096 330.184662 24.994257 -133.208335
6.462434 12.993815 42.948080 5.803984 91.048831 48.301569 5.323134
6.974770 13.170596 42.548672 18.061330 101.383036 78.852456 -58.003786
6.166527 13.015044 42.858617 8.590683 319.271032 45.497696 74.382990
6.284599 13.053790 42.599355 11.447826 167.174731 51.240868 -94.933536
6.162136 13.261950 42.845689 6.645799 156.557294 33.106103 48.753925
6.817168 13.123257 42.468855 7.537724 189.066665 65.125808 75.582596
6.488496 13.204417 42.947583 4.603647 355.781836 61.359418 -15.170731
6.709549 13.119144 42.672119 17.353350 193.850601 36.981034 -90.290778
6.412587 13.099864 42.727343 8.234375 141.132941 56.497740 -56.093534
6.140628 13.011701 42.724949 8.695765 141.346647 44.787331 -65.728253
6.572159 12.907499 42.952222 3.992180 91.480883 55.023157 -90.276497
6.471693 12.902007 42.999624 20.685796 157.117359 57.816531 -89.777901
6.598382 13.308495 42.977295 10.277265 289.433525 40.221317 -156.123643
6.494886 13.124000 42.933120 16.028776 150.151059 31.081220 65.627631
7.143807 13.193100 43.145118 5.604519 137.522598 40.199091 43.321693
6.431130 13.222545 42.900615 7.018760 162.825229 36.903489 71.576090
6.368862 13.236264 42.740374 6.389491 172.574084 35.782643 91.103812
6.268408 13.181408 42.943120 20.381677 150.233790 28.020697 96.285511
6.819379 13.335380 42.931961 8.813618 152.359502 30.595888 69.169136
6.966641 12.578701 43.086907 5.755194 152.054630 55.776501 -107.819837
6.109141 13.173990 42.877763 4.722011 71.325643 12.549200 96.931318
6.954085 13.085880 42.726860 19.110531 288.432557 20.335332 -156.339184
6.523196 13.296268 43.077237 12.022589 162.556809 26.098306 70.281164
6.721383 13.298679 42.697455 12.657926 78.417338 16.181608 -173.670688
6.662934 13.207975 42.841347 14.244827 317.716859 68.842768 -91.382659
6.574245 13.181440 42.833288 15.527617 99.039282 89.764553 -129.200151
6.658777 12.983438 42.556878 22.990199 354.308863 30.974452 -90.998561
6.295455 13.257988 42.667572 17.000210 159.578784 38.335504 88.855806
6.355801 13.078039 42.833374 9.852500 145.921803 43.870360 -91.324804
6.795998 13.080533 42.977713 13.806587 166.056404 21.198641 127.351341
6.681785 12.809385 43.101306 6.036865 331.759020 24.863318 -102.243734
6.302357 13.121506 42.778331 16.215337 171.078000 83.471696 25.264247
6.768903 12.463212 42.926197 5.444582 14.540649 73.598833 35.091081
5.990898 13.047678 42.793432 11.594610 142.588497 87.076300 -178.228567
6.428455 13.196628 42.972115 3.200129 293.630841 45.307001 51.989083
6.644458 13.073883 42.691430 21.193012 130.189843 89.412224 38.105967
6.375265 13.220175 42.677272 7.689216 161.874837 26.062921 91.506915
6.190885 13.173028 42.839421 17.781194 159.225784 23.096279 91.959614
6.329707 13.160501 42.718455 3.287045 162.999660 55.887988 -115.827258
6.515643 13.164778 42.660540 7.261516 303.042408 30.924624 -64.415954
6.610140 12.900537 42.710595 4.196759 155.696534 41.962028 -92.119432
6.373574 12.943156 42.734701 15.338399 138.008592 48.109798 -114.874925
6.741140 13.389582 42.714586 7.500881 29.907129 62.924122 177.285051
6.195467 13.243137 42.614617 9.141577 112.043854 68.186600 57.504309
6.014984 13.068820 42.853609 11.410679 358.788134 35.542094 -53.829912
6.714272 13.527974 42.968114 5.133207 234.313949 35.399160 -96.888754
6.451812 13.178450 42.754960 13.802851 330.021133 59.248110 -104.825311
6.526939 12.962545 42.896066 11.009441 136.694968 36.394837 86.173874
6.385282 12.999420 42.699276 6.279089 160.688607 20.731909 -173.894859
6.147633 13.118041 42.798326 12.020154 160.773353 25.433812 64.348484
6.214116 13.355212 42.822568 17.513713 149.672237 46.120852 -103.843885
6.258758 13.066062 42.874797 6.570368 147.660611 46.123806 -46.535906
6.773518 13.373861 42.806413 10.330688 271.381394 40.688435 44.108464
6.446456 13.261344 42.793185 10.098161 275.065172 24.138026 -126.405414
6.365225 13.227890 43.115406 4.687199 190.016687 65.036247 9.859110
6.234486 13.288780 42.769007 18.265313 176.946970 42.238726 -100.149141
6.089107 13.141113 42.924778 16.250918 166.628144 60.779949 43.930580
6.558129 13.055722 42.610383 8.527483 356.752094 34.231326 -112.593473
6.533549 13.215189 42.886589 16.057474 141.617060 57.386753 -100.673889
6.479015 13.036632 42.822194 13.182891 327.475597 20.559777 -128.889148
5.976070 13.102087 42.696179 8.316728 49.374975 39.001704 100.079104
6.708083 13.174698 43.113065 5.253526 176.382609 30.034251 120.426394
6.516269 12.894816 42.820934 12.928201 344.689220 22.997369 -94.832152
7.067731 12.887991 42.696702 11.565507 340.407471 57.782890 -62.397544
7.026011 13.508662 42.948371 6.770489 163.308279 50.956724 61.527082
6.552646 13.172395 43.164851 9.817674 169.132928 27.191286 83.597893
6.196775 12.955726 42.997649 12.613023 140.897223 43.718438 -99.461100
6.601524 13.124308 42.778401 6.908246 257.194156 55.766442 -129.494586
5.976169 13.246002 42.873113 7.033070 143.782746 34.912362 64.979654
6.802544 13.422628 42.793178 5.476430 30.239470 51.698400 110.484899
5.908103 13.219500 42.835806 14.448461 135.153446 38.144599 78.928362
6.380315 13.022005 42.895408 18.901504 87.448549 42.328547 86.307395
6.372422 13.084523 42.769175 9.957831 353.382032 26.746688 -127.320269
6.573845 13.034252 42.892916 7.222117 164.847459 58.423546 81.000788
6.377332 12.862279 42.757496 8.849012 328.535339 36.241538 -88.634859
5.940806 12.966259 42.911817 15.141521 238.688178 17.913371 101.811755
6.356641 13.134503 42.659601 7.572122 91.334854 46.504836 -55.193300
6.606094 12.843242 42.778046 5.958302 157.504012 57.138100 -95.670892
6.102644 13.050552 42.926079 10.273313 291.103958 56.531267 105.413228
6.517702 13.219411 42.845319 11.785490 174.588175 20.576372 134.978265
6.322777 13.123830 42.871750 17.648087 178.160711 21.335709 95.432548
6.030328 13.079404 42.776703 6.415701 169.738022 50.023465 -49.520496
6.607307 13.243645 42.766280 4.921395 172.380276 27.722260 128.597217
6.347577 13.265087 42.765234 8.577128 145.823503 57.681244 -115.204847
6.527814 13.146137 42.694703 10.849288 162.217037 28.311761 60.631757
6.439543 13.078220 42.797273 14.211629 172.154234 48.265908 -98.834590
6.075792 13.116100 42.838673 7.385732 153.633023 32.898356 64.371483
6.488299 13.003606 42.774917 9.965726 56.004540 83.041729 148.170163
6.552636 12.937852 42.918293 13.644004 147.679100 26.431272 65.223785
6.546853 13.069859 43.014738 8.319825 171.819601 47.853228 -65.772273
6.784093 12.783461 42.890453 12.013007 324.406625 21.356726 -83.945406
6.324550 13.024857 42.807768 3.886299 341.892069 48.863409 30.590821
6.324031 13.079795 42.748914 12.581356 338.164843 24.173736 -131.735373
6.586267 13.180822 42.583275 6.007525 237.281738 41.220810 -112.445179
6.979502 12.912665 42.731171 10.330733 92.918546 48.232984 -68.358669
6.191296 13.213274 42.764865 11.314842 108.112706 51.783332 -86.846775
6.506552 13.172773 43.039545 2.923787 165.872252 34.621064 107.991613
6.377460 13.156369 42.752047 7.672343 325.509896 49.360158 -134.489236
6.465858 13.370293 42.646462 11.604655 136.103635 40.595000 -131.426310
6.787903 13.041241 43.018616 9.118319 340.386836 53.989296 19.133734
6.305356 13.015102 42.863965 10.582233 344.867095 39.281305 -122.771847
6.264234 13.113214 42.898403 12.260164 139.175814 29.155558 89.748487
6.044634 13.129705 42.922233 9.578266 146.036299 20.800917 70.706608
6.765627 13.207244 42.875849 4.497306 172.819559 50.038597 -93.731476
6.753896 12.898115 42.935827 13.785044 161.355163 56.381476 -112.897337
6.410095 12.938181 42.955182 3.787149 64.941279 66.896391 -107.021142
6.476474 12.944325 42.866733 12.337950 175.299042 57.243307 -84.486635
6.385920 12.813708 42.956194 5.783445 136.253505 81.198284 -24.995141
6.412620 12.994617 42.854717 4.946683 106.867051 58.967986 -62.022443
6.575648 12.866784 42.709475 7.649285 162.812529 54.515999 -101.180457
6.668945 13.425321 42.739307 7.637424 171.168237 32.174576 101.803636
6.568318 13.193845 42.879023 4.375261 21.181874 48.412173 -46.951257
6.331380 13.071528 42.798770 3.111941 170.237119 42.707286 -131.571348
6.129603 13.035769 42.886560 17.848992 65.144186 31.067406 -76.852658
6.242307 13.097006 42.869079 9.065795 350.030910 22.127098 -52.265937
6.571964 13.123081 42.717407 8.308585 283.213119 50.602178 -116.830711
6.877771 12.727610 42.819629 8.009471 320.062393 51.360201 -83.203653
6.730053 13.279913 43.050624 7.568665 167.917588 21.481601 88.223007
6.661215 12.858596 42.736559 11.070930 359.572412 20.358421 -107.104431
6.296779 13.131887 42.708461 4.394401 137.598724 58.932566 -84.626932
6.717276 13.149500 42.695378 10.085688 170.525498 36.843120 52.757815
6.099172 13.079105 42.831391 18.667637 175.483321 47.720615 -63.151163
6.514685 13.164438 42.869275 7.165523 347.735053 66.331259 -130.212770
6.962873 12.812408 42.771387 6.964407 135.052752 49.044384 -98.157764
6.710342 12.740498 42.922761 5.331004 24.373776 89.779185 10.320804
6.863825 13.237649 42.919931 15.420632 135.139177 31.704959 70.648503
6.699671 13.116898 42.995347 17.722702 160.364932 58.693486 -74.667785
6.004715 13.026424 42.887041 12.807100 176.199409 31.384259 120.753521
6.344419 13.107105 42.906840 4.040997 187.841500 76.279324 -59.499172
6.545162 13.330884 42.937642 9.809424 141.488647 33.049456 62.741602
6.659692 13.213701 42.763941 11.277072 157.989633 39.564840 130.639103
5.825657 12.961248 42.883828 10.990400 357.824220 49.520992 -129.565779
6.508700 13.077818 42.683738 7.875337 135.652361 57.190648 -55.571918
6.250561 13.010723 42.797049 10.337268 103.784027 43.126365 -57.495589
6.565855 13.315112 42.903084 10.062637 143.155796 23.356542 117.125498
6.805278 13.023917 42.642628 11.762814 167.094325 87.462984 177.158827
6.183611 12.864542 42.726304 11.428661 161.327760 82.573082 -8.301571
6.622465 12.854118 42.779529 12.862190 316.472511 37.973929 -48.186745
6.024559 13.223175 42.859794 10.894037 148.349610 57.467349 -118.241492
6.559149 13.130440 42.743614 16.672309 309.083706 69.164720 29.970484
6.457710 13.168403 42.718869 15.526748 141.861999 45.861130 -47.997540
6.612548 13.128424 42.752185 7.607780 146.701721 30.800074 117.390323
6.349931 13.045858 42.904138 13.265653 287.937643 73.652712 -63.723327
6.359953 13.028997 42.948598 7.557916 165.801052 29.446650 -62.931934
6.094978 13.147679 42.684094 19.369911 175.281540 46.619850 -86.471303
7.188193 13.860374 43.334668 17.345131 307.951932 75.907099 165.938918
6.426834 13.078038 42.750805 11.231566 347.384123 36.780825 -104.295408
6.979250 13.320619 43.003286 7.120104 153.193192 20.995343 98.469470
6.638363 13.135728 42.847844 8.529031 139.121415 25.095343 46.309428
6.624763 13.167852 42.875586 8.770764 289.725506 51.201258 78.381291
6.378739 13.089443 42.791737 7.433762 141.085039 41.077621 -75.621977
6.650867 13.204822 42.834873 12.402723 272.399366 53.428064 167.041342
6.102649 13.125934 42.768446 9.181680 272.906498 78.061662 -36.330315
6.469166 12.864372 42.977908 12.414968 283.392807 41.587975 77.073335
6.444258 13.178762 42.782284 11.744327 164.949056 23.809326 46.006030
6.921182 13.147565 42.548719 7.275362 171.166491 46.914151 -121.899940
6.369704 13.114071 43.024070 14.550663 289.076366 59.135995 -85.263649
6.933707 12.941568 43.108232 14.877552 152.985082 43.034126 -120.502508
5.602997 13.187292 42.836701 7.888250 138.459611 55.330744 -81.790557
7.010969 12.705391 42.913749 10.122018 123.324518 49.953479 59.126362
6.586108 13.084299 42.798654 3.727579 359.422067 32.813742 -57.490489
6.892874 13.145184 43.059914 21.131895 162.518710 39.774681 108.320120
6.244341 13.159216 42.685026 9.325992 337.516846 62.355157 -119.466789
7.161406 13.339188 42.655364 16.127851 149.554293 31.703567 56.662326
6.614490 13.241392 42.507982 12.779367 162.121709 24.577247 -133.805837
7.035750 13.334750 42.447336 7.293231 139.142678 87.473616 -176.543092
6.356788 13.329932 42.915269 17.130914 145.899315 88.577787 -110.011679
6.219790 13.028693 42.826903 13.927595 137.970956 56.594462 -104.758650
6.455302 13.305048 42.778089 4.233410 154.000320 31.489407 62.621596
6.827059 13.471326 42.977272 4.950866 150.220077 52.580028 94.995140
6.202447 13.241340 42.782729 15.087752 150.856197 55.872357 -66.959316
6.729372 13.166228 42.882135 6.913543 159.715320 30.935938 61.425937
6.951663 12.821225 42.779097 16.592201 166.050800 21.892104 76.527666
6.714932 13.142042 42.752641 10.979444 9.883555 85.145631 179.422655
6.808650 13.010094 42.964252 11.926503 160.867925 45.879355 -84.876189
6.436057 13.164918 42.708896 7.204869 174.566753 22.650306 49.720288
6.083169 13.155868 42.776536 15.128799 338.894782 15.672300 66.834532
6.649152 13.317717 42.772711 14.402736 107.558658 84.599396 -7.700429
6.714229 13.269937 42.436047 5.685770 127.948628 31.222267 -73.154347
6.540215 13.083001 42.583117 12.644491 96.575675 50.977579 -52.152411
5.734813 13.163041 42.856259 10.135075 150.096843 20.861387 68.579771
6.377556 13.195007 42.897106 15.947237 161.076873 36.809720 127.197451
6.448794 13.204723 43.113138 9.595954 176.562208 27.573373 99.873762
6.041874 13.000422 42.929645 12.366097 330.660290 40.284712 -60.652943
6.881928 13.099463 42.991394 13.756871 155.306812 39.437563 50.711066
6.584806 13.018853 42.875647 5.885157 162.244567 42.685616 -110.274832
6.239705 13.038685 42.673657 6.277475 156.711216 51.917075 -53.193745
6.842609 13.062642 42.682829 22.058829 176.610457 41.470352 -76.424204
6.961826 13.140561 42.725775 11.281579 81.839932 52.446958 164.457241
6.531726 13.124285 42.895094 7.948378 63.494208 49.201266 150.426412
6.223877 12.951714 42.900682 14.794757 153.952676 56.030948 -129.820461
6.205114 13.203321 42.912982 6.603341 172.458717 22.892869 74.122529
5.992141 13.116489 42.727044 12.969695 171.554581 54.698249 -46.597327
6.678439 12.871301 42.962474 9.647498 72.567481 42.198498 -112.125474
6.078381 12.970999 42.850138 10.817551 143.758373 23.942543 -74.728142
6.791495 12.860012 43.232689 8.412932 157.541054 44.334450 -91.232857
6.871224 13.212927 42.987027 10.659561 248.269422 28.519206 131.192123
6.909696 13.373986 42.882230 3.956508 280.453705 32.863373 -8.894094
6.409102 13.077684 42.850269 11.963346 147.261196 78.247628 177.989101
6.371530 13.132443 43.009324 12.352195 327.461734 65.861604 -65.997485
6.352007 13.098384 42.662799 8.349757 157.236077 59.555454 -98.261960
6.330818 13.130589 42.919017 4.992177 326.187842 44.332799 -113.501569
6.573937 12.907262 42.808543 6.526671 198.837674 56.534834 -6.481565
6.348684 13.249108 42.977900 12.883497 356.304068 68.848694 46.298491
6.210459 13.129540 42.854347 10.442215 170.688324 36.360151 61.621093
7.000020 13.613064 43.275585 13.778787 5.329987 56.022081 92.863981
6.715879 13.094452 42.869778 7.318622 359.150142 37.281759 -52.384994
6.260152 12.960206 42.862862 10.717133 149.150412 42.344296 -107.626229
6.479413 13.378758 42.901003 8.866801 108.156524 42.971589 74.221265
6.472427 13.090065 42.882548 12.789490 171.128011 41.317752 -101.531393
6.512555 12.928105 42.798277 10.850088 297.349806 25.039517 -124.075611
6.336554 13.366133 42.872435 11.350604 143.005587 36.123454 -120.581028
6.231451 13.058181 42.835929 10.507246 354.995943 37.581867 -82.390964
6.386150 13.125788 42.744032 11.815899 322.296755 43.539963 -65.217527
6.301679 13.374377 42.800309 7.536671 2.416390 38.006044 10.935491
6.052284 13.041779 42.775940 9.512631 340.484733 21.436569 -132.158153
6.118449 12.912771 42.839715 8.092536 175.024254 48.272906 -107.450212
5.872741 13.024157 42.938948 8.603960 340.606692 55.139255 67.681055
6.579635 13.019185 42.612003 11.424599 359.150744 21.168079 -95.156762
6.640063 13.265301 42.553360 13.389634 174.678216 53.315736 -65.116608
7.325438 13.007473 42.734171 8.811489 98.075314 63.982105 -50.055859
6.411702 13.056204 42.933596 9.488027 159.697192 55.181067 -48.703088
5.989852 12.997615 42.843655 15.924491 354.824605 48.330608 37.937389
6.508020 13.379515 42.727465 10.958850 76.711631 67.427340 -98.369210
6.675849 13.228078 42.762609 9.431917 151.073002 70.802209 -89.764379
6.391047 13.090360 42.762939 18.331316 61.967449 49.867443 -101.125603
6.362487 13.069672 42.795349 16.785492 263.075776 43.063440 -106.535189
6.604137 13.217272 42.757881 8.011861 177.284128 21.745851 51.397642
6.913084 12.939527 42.594513 5.835486 359.755188 31.565671 -114.261441
6.090921 13.139373 42.618357 7.255034 99.065178 80.395961 -4.841350
6.706593 13.464087 42.777925 13.377509 153.678693 29.779598 67.348032
6.296292 13.195950 42.780852 15.576564 162.244524 25.627847 96.245759
6.239530 13.268600 42.731302 16.234588 151.497579 28.544672 127.920163
6.755857 13.117859 43.082782 20.284240 159.626801 50.340675 -62.409138
6.344880 12.922249 42.719254 9.593113 358.457720 24.848086 -83.622092
6.178492 13.106410 42.756566 7.643827 315.344324 25.113166 -98.174169
6.331942 13.046145 42.994590 5.677282 150.149712 57.032201 -129.813247
6.540616 12.795491 42.719355 15.187327 326.818277 33.835644 -65.461756
6.566448 13.159638 42.786150 8.805655 150.666007 58.166322 -80.866870
6.723264 12.936876 42.858982 8.115231 323.484503 68.005398 -128.819577
6.520639 13.268422 42.775078 11.447104 169.754114 20.441401 48.977753
6.745355 13.381397 42.808313 6.249269 55.812865 75.228144 -3.927777
6.687251 13.433615 43.076567 14.001232 122.042754 72.013373 -23.016556
6.404661 12.868291 42.914429 14.681041 168.728118 20.326921 46.689818
6.555487 13.050550 42.972732 9.289491 220.422080 54.988676 46.237301
6.613799 13.106365 43.105119 8.706109 172.186253 20.411186 114.216202
6.232902 13.146842 42.868872 19.206860 152.860454 48.973519 -67.926631
6.682707 12.918022 42.866522 4.930228 197.455242 69.519595 -153.948798
6.746445 13.057515 43.052379 22.885954 140.979391 40.623296 -69.849960
6.722660 12.945770 42.749136 3.728167 350.357859 38.503190 -70.617601
6.827417 13.014266 42.704273 11.077978 163.698177 43.669932 -118.499625
6.472925 13.232892 42.888691 14.422968 143.138089 26.873617 82.498755
6.975672 13.317735 42.718930 5.373382 174.191185 48.815537 100.631467
6.654806 12.847067 42.494515 10.558115 228.271577 62.311351 -135.224596
6.553002 13.156452 42.722477 3.010203 28.657509 34.246418 -103.958851
6.477539 13.267875 42.791976 11.876900 97.692407 47.409715 63.981869
5.812494 13.134502 42.788962 11.603083 157.232082 33.710177 57.770539
6.439818 12.941769 42.837662 17.853027 16.225553 53.176059 90.449991
6.647793 13.259104 42.732649 8.839392 148.432137 37.403783 -123.292473
6.820314 13.059865 42.865345 6.016462 353.649772 38.332972 -78.357556
6.513132 13.134998 42.591456 3.855444 130.596272 56.816803 -124.667162
6.532902 12.856411 42.762270 5.874635 12.081232 63.736726 -33.596435
6.317703 13.171728 42.750680 7.176454 156.309095 79.259379 -47.073554
6.516262 13.075092 42.814805 11.758632 156.512089 58.259298 -99.529947
6.525068 12.962791 42.993521 14.832190 177.200499 48.233859 -85.069864
6.297038 13.225657 42.987858 16.213513 58.064540 47.086706 -75.783533
6.473521 13.102293 42.603129 2.699897 300.247872 31.431858 -93.601137
6.689584 13.211819 42.820853 11.543944 134.789094 50.815266 -83.886589
6.957032 12.946934 42.703152 17.556510 342.780990 35.523960 -71.476120
6.609682 13.559614 42.923899 21.945519 163.238013 49.073176 60.445339
6.963788 13.254607 42.809264 11.209114 53.874059 86.174873 152.183481
6.777122 12.995923 42.584441 15.778768 327.679275 39.702765 -116.948216
6.558504 13.012069 42.671610 5.845714 139.029959 42.374976 -79.370548
6.432769 13.190913 42.897641 3.590555 31.757398 48.686107 -102.149398
6.709729 12.773136 42.795506 2.628386 221.633249 22.101338 8.048341
6.546615 13.289303 42.617582 15.231996 270.709251 39.198548 -72.413386
6.480438 12.987135 42.895409 11.363995 217.992414 28.516045 -60.683502
7.141185 13.670776 42.919284 7.056328 7.434527 59.472099 -48.698379
6.478505 13.151161 42.655980 3.666481 167.149917 54.422215 -66.997704
6.494780 13.488985 42.706379 8.774768 158.088309 86.859035 17.653613
6.679369 12.880763 42.978864 21.607201 164.130049 51.484430 -77.210035
6.187393 13.035968 42.777670 6.981574 253.885345 60.350627 -169.711765
5.885577 13.289552 42.818789 7.893147 103.379358 46.862714 134.341458
6.158092 13.043380 42.745055 10.879107 188.181664 42.336042 -142.567867
5.883419 13.070831 42.837441 19.390402 350.994186 46.041078 -118.340458
6.577056 12.924382 42.997177 10.053883 108.750824 62.790687 -43.780276
6.375673 12.846544 42.812818 5.438118 340.744593 44.703594 108.911908
6.527934 13.234092 42.701470 8.940206 288.812839 73.072543 -26.758034
6.703536 13.051711 42.758791 9.667145 105.826805 55.680482 49.122038
6.503344 13.100228 42.758627 25.133119 206.648613 52.981618 -66.138206
6.714100 13.226166 42.810991 12.332585 169.660253 21.203455 129.095446
6.961620 13.610938 42.421712 13.857166 99.378174 40.175148 -74.062943
6.674349 13.005580 42.788637 15.321930 167.422325 41.303903 -73.935468
6.563581 12.938273 42.908138 12.648546 135.405843 34.914463 50.783199
6.666121 13.051546 42.819031 27.537044 204.234845 48.348004 48.292512
6.383389 13.079416 42.631207 2.256535 282.059317 22.612053 -117.313519
6.818441 13.151590 43.149443 11.238283 152.479789 38.304130 105.021195
6.249725 13.068553 42.913303 13.658217 334.277123 65.728878 -126.468613
6.266428 13.014866 42.819934 9.561561 167.926472 41.878255 -117.128199
6.637019 13.033598 42.892003 7.770134 359.667748 71.781200 36.363031
6.209997 12.972066 42.839514 13.895848 350.500515 47.470987 -61.111504
6.376598 12.990075 42.804467 12.365285 356.273772 20.456656 -60.786616
6.090445 13.091991 42.706749 7.246790 144.004712 55.989600 -117.774793
6.373460 13.079544 42.702123 10.648178 14.101858 45.231990 101.206782
6.499790 12.950777 42.788171 13.437364 191.128561 44.984858 -14.942888
6.673034 13.208978 42.965948 14.299506 107.104931 78.794026 26.095955
6.687520 13.308380 42.876545 12.078993 173.699463 34.210117 61.777142
6.640200 13.270013 42.784378 12.544139 166.757086 28.237024 80.993266
7.087752 13.069663 43.162620 6.390899 321.655341 54.625701 -63.415861
6.589611 13.160301 42.871614 2.943341 153.175382 31.438438 81.717697
6.146959 13.083871 42.738641 13.511258 343.671808 56.255941 -77.635088
6.536142 13.113526 42.815581 7.525251 331.674646 27.314993 75.571476
6.183570 13.150374 42.851151 12.071467 343.387004 43.759607 18.522886
6.484200 13.171378 42.667299 4.189132 170.309276 47.188315 -58.181369
6.451817 13.223386 42.769855 10.527991 143.539103 55.047727 -54.974669
7.114419 13.317027 43.377317 6.700360 178.134730 56.733274 52.453838
6.312537 13.145683 42.841466 13.991697 142.063391 51.040976 -61.591662
6.751680 12.719757 42.703330 5.514875 139.246780 83.718752 -40.962003
6.763430 13.376024 43.060198 12.232452 156.164209 34.282552 95.997124
6.573541 13.210890 42.609103 11.472966 92.990564 21.555860 99.065697
6.744830 12.981547 42.921104 11.333646 111.571227 29.123417 -102.201418
6.414846 12.997066 42.903298 8.808048 166.777943 55.880401 -132.328307
6.691989 13.066453 42.851612 22.752868 158.050383 58.368653 -109.918221
6.457368 13.069241 42.719277 22.190908 332.396219 29.240967 -52.746979
5.898165 13.118281 42.743063 12.508721 99.316192 76.718862 169.373580
6.808496 13.072660 42.662660 14.935449 105.739935 67.793376 -121.037317
6.432423 13.078605 42.774065 9.761133 130.698022 46.394327 -49.284443
5.796634 13.088066 42.817598 17.422952 102.381168 71.160838 -100.894534
6.377190 13.015070 42.642023 7.757897 92.672161 56.990690 123.508684
6.462473 13.072750 42.964572 6.309146 32.317158 56.701016 -98.344887
6.541137 13.496895 42.858906 18.956110 165.087310 33.784982 68.092887
6.519707 13.047374 42.631016 11.440057 173.645167 47.924307 -71.769248
6.881616 13.043518 42.727728 12.524564 343.931762 47.785795 -49.851137
6.375638 13.246417 43.009087 8.039012 67.958372 78.097493 64.769914
5.953640 13.111838 42.865681 10.251373 298.085882 22.591686 -136.016298
6.542547 13.069090 42.829298 5.329530 170.875131 59.834942 -112.121788
6.791537 13.486154 42.602195 8.286978 139.235240 44.185010 -98.984484
6.181770 13.117181 42.883479 7.276058 157.871036 42.530812 -55.192944
6.706423 13.264866 42.833450 5.965893 348.111630 52.781750 55.298499
6.571898 13.066329 42.704696 8.467621 331.110735 21.814048 -49.791644
6.690134 13.132941 42.607036 13.697705 170.195470 44.939156 -81.300949
6.508347 13.048218 42.812503 6.682094 149.573937 48.281806 -131.280420
6.404074 13.258888 42.862966 11.741437 160.482512 33.312136 91.854362
6.584854 13.200407 43.006031 4.932170 54.687442 88.342811 -170.779606
6.300781 12.912339 42.872955 4.380545 209.740887 66.787250 171.008065
6.561518 12.775463 42.915441 4.394197 61.625057 49.095140 95.904206
6.642476 13.343459 43.112752 7.312553 263.361138 58.434386 59.383545
6.492882 12.943441 42.810487 9.406725 323.626239 39.325104 -61.921374
6.468947 13.138562 42.673147 18.774468 142.048731 27.579077 95.469109
7.210058 13.275953 42.535260 10.464049 128.113036 58.320066 -96.554212
6.680455 12.791038 42.811149 3.349153 324.088578 22.553939 -68.435957
6.915098 13.246490 42.807269 15.421075 139.945959 21.181716 56.327475
6.685092 13.190241 42.842653 9.374660 193.778493 40.423866 -15.819835
6.489523 13.141372 42.927268 9.297387 222.998534 13.157693 -90.591548
6.247016 12.983654 42.771531 8.616014 322.942193 20.043445 -112.897817
6.386575 13.202466 42.905302 8.185020 149.546492 28.216316 89.674882
5.938179 13.108659 42.715191 10.416223 357.459124 44.315196 -114.231349
6.872790 12.825074 42.507648 3.495143 357.572182 26.364818 -133.053086
6.936075 13.515461 42.712371 13.691667 152.209516 29.673654 78.022090
6.328871 13.354004 42.751461 9.050975 226.030023 52.347338 -113.195580
6.196771 13.214022 42.788563 4.740928 261.941055 64.219079 158.492537
6.442027 12.951414 42.871633 7.576940 176.557457 45.658381 -71.008708
6.508986 12.941162 42.781365 9.826813 166.076089 59.119795 -92.286883
6.390691 13.256235 42.657270 4.855584 123.894754 34.464005 138.939852
6.932807 13.243766 42.682509 5.713578 334.992231 58.448421 -103.864716
6.491946 13.104030 42.950585 8.857386 174.623287 25.934049 78.259488
6.105209 13.099066 42.727038 8.816687 129.897954 56.455116 -52.495409
6.206707 13.065128 42.721366 15.520139 224.518469 59.273246 92.541206
6.761013 13.094454 42.609009 9.913005 115.697639 47.400344 -50.916109
6.557278 13.277525 42.910410 16.002291 225.021718 11.630031 -75.558765
6.052660 12.994393 42.895938 8.407184 143.391490 80.026121 -23.660794
6.451339 12.686207 42.801036 13.038777 192.434287 53.952604 118.699901
6.492455 13.219570 42.660241 5.052397 93.367715 53.042203 -69.667693
6.602942 13.227509 42.957000 7.564837 141.915131 29.593688 49.877306
6.095209 12.974545 42.810891 7.717505 355.320619 20.539885 -129.129826
6.524461 12.971196 43.125990 4.617254 129.012162 83.724820 -175.444034
6.638220 12.843497 42.769613 2.769714 152.175097 24.760135 -83.069853
6.316761 13.089920 42.842157 5.404508 332.284974 31.290926 -129.399212
6.486320 13.390151 42.958875 15.943729 342.512505 54.471723 -88.278364
6.459753 13.304194 42.899941 5.596338 86.516363 34.634836 40.589708
7.081655 14.104398 42.838853 15.504311 84.700222 59.567357 47.735422
6.262043 12.999786 42.729553 8.570948 143.016982 56.577769 -91.307825
6.217867 12.895396 42.819848 11.099061 163.332588 46.035271 -93.452308
6.054338 13.167211 42.781428 10.141130 270.658689 28.563186 124.168006
6.107332 12.985659 42.985412 17.321532 286.155151 44.709818 -75.547429
6.871703 12.877459 42.805192 5.976434 336.917938 22.544980 -47.908251
6.373607 13.193741 43.041413 10.149291 139.677079 39.390103 64.616628
6.459005 13.230235 42.767554 2.489630 204.670716 26.963226 -149.857044
5.652301 13.087627 42.863267 15.674179 159.974880 54.694404 -54.810289
6.914041 13.412474 42.840896 16.343664 158.799749 43.248687 -99.205488
6.171645 13.146268 42.909609 8.486809 116.980121 62.494264 -150.146294
6.825260 13.172061 43.289262 13.083029 164.927863 21.803671 57.180993
6.253849 13.030076 42.836494 11.461272 177.027755 23.367594 -172.167972
6.624131 13.243432 42.839783 15.861663 3.714777 51.673223 -26.811732
6.846708 13.271934 42.955557 5.291988 345.994730 58.960025 60.649890
6.703684 13.265494 42.790795 15.369595 106.278069 69.027978 -140.283557
5.945548 13.064414 42.785047 15.203805 145.321747 57.113379 -121.004075
6.542158 13.104274 42.814075 3.544308 135.242510 46.155595 -48.872636
6.395295 13.197077 42.941082 7.971203 143.214815 27.976590 112.357887
6.068362 13.281477 42.826484 16.750113 331.570529 78.332030 -62.906993
6.072669 12.980585 42.705201 3.719757 151.131490 58.278914 -97.617945
6.608974 13.347454 42.828163 12.169774 140.921771 43.497402 -107.656982
6.737462 13.093700 42.747324 18.516747 89.037542 42.416965 91.213258
6.870866 13.735214 42.923877 7.749585 315.603435 76.787017 78.162524
7.174916 13.559486 42.866208 19.292542 93.186929 89.885218 171.894442
6.177441 13.230660 42.667368 5.533329 306.491694 20.554975 68.896025
6.670581 13.249442 42.850205 4.105726 302.169332 30.464883 -62.248264
6.761535 13.169775 42.688276 13.044629 166.022518 45.292469 -57.928991
6.625253 13.172515 42.838517 8.204203 22.430852 36.431920 -94.221620
6.578662 13.142401 42.729928 4.159173 156.899973 59.166510 -119.428790
6.196219 13.081867 42.917816 5.001443 14.166488 76.081653 -88.481787
6.220904 13.125758 42.723277 2.924180 53.090549 48.271585 75.573107
6.785095 13.094418 42.678325 4.442901 334.360263 23.948650 -126.141943
6.034512 13.076114 42.883981 4.763289 161.405699 42.371380 -130.449515
6.575258 13.196473 42.681102 6.972995 329.173147 50.378790 -71.919525
6.313072 12.988803 42.886486 5.616071 141.138342 21.289383 117.931707
6.318307 12.842264 42.722018 7.773909 168.286469 77.883458 -55.375917
6.520510 13.176267 42.705232 13.106413 146.825780 31.139349 49.573685
6.972523 13.138767 42.553660 11.559364 119.289689 86.016909 17.070738
5.818456 12.916286 42.804397 8.695902 165.175966 46.629160 -116.102159
6.447011 13.236021 43.050814 4.628558 329.113072 13.666930 132.332661
6.991883 12.895552 43.101575 7.246002 143.085208 33.106727 100.655058
6.482575 12.845524 42.721381 17.340682 315.661249 38.723322 -98.684094
6.660857 12.858046 42.796467 11.467995 126.479452 48.810522 98.599687
6.406438 13.197102 42.927161 9.417888 88.903844 71.158348 162.216137
6.307003 13.177914 42.717143 11.644679 352.373500 55.304280 -121.440388
6.287503 13.103882 42.845553 3.173345 173.293466 52.001759 -90.360855
6.197681 12.979571 42.766212 4.017567 150.480073 35.383882 -117.169414
6.408800 13.272016 42.896333 7.794429 169.976519 33.984491 76.245623
6.056991 13.103511 42.704169 12.456952 331.234065 36.156387 -57.761364
6.568641 13.311494 43.020561 5.225576 83.327675 49.554287 54.473173
5.914945 13.086851 42.812181 12.643620 345.708199 31.329906 56.583125
6.508725 13.004028 42.716741 5.220395 121.666895 61.598717 -157.602550
6.469362 12.950899 42.929946 10.145741 344.006945 20.283413 -80.802432
6.040644 12.897192 42.742456 9.759291 356.850525 30.920522 -60.427463
7.176671 13.342512 42.998750 9.202918 163.484570 35.115873 51.488205
6.340779 13.050632 42.982075 5.182237 185.206369 58.592415 -117.115029
6.465364 13.292923 42.923634 14.453187 161.055819 88.553690 -157.555060
6.574627 12.887363 42.678015 17.318877 105.441691 41.621594 -117.054382
6.496511 13.210648 42.794174 6.791871 139.740609 28.471214 133.573634
6.142629 13.050770 42.907286 13.307928 104.753833 23.587447 -129.853688
6.828694 12.891121 43.010296 10.320782 164.198683 46.606451 -52.068950
6.532100 12.900555 42.757687 11.964517 65.620593 87.323278 -177.520742
6.695804 12.846712 42.680718 9.245699 216.629902 54.064878 -95.061344
6.345105 13.043520 42.886238 7.131397 54.469800 59.950155 53.188955
6.209014 12.907898 42.859318 10.954156 168.019861 20.764364 -61.313345
6.906633 13.177448 42.906133 16.603173 163.065379 32.910783 109.027365
6.705361 13.018123 42.982469 10.266640 157.847430 59.377216 -101.987679
6.434812 13.513805 42.950621 12.115172 177.487171 55.427650 111.805867
6.899484 12.824509 43.119106 8.757417 142.239446 56.327626 -112.532127
6.584074 13.214848 42.920389 17.578696 157.952791 39.139655 55.618965
6.587654 13.276710 42.822279 11.451141 145.642858 33.402235 70.441691
6.615855 12.858027 42.943194 7.944190 175.812309 33.066807 128.115595
7.100177 12.535562 42.753777 4.577278 335.334716 21.195106 -73.762094
6.457780 12.812053 42.644071 11.282883 334.255408 38.816639 -118.585325
6.090142 13.207510 42.916275 13.460005 152.384958 20.027148 153.994304
6.703580 12.721769 42.792137 3.029109 323.577074 28.530940 -124.978506
6.201877 13.234136 42.699686 3.945966 106.007476 51.512526 168.313013
6.634108 13.105318 42.672404 6.492560 144.635643 49.648813 -97.196699
6.651073 13.340138 42.492060 12.911489 139.410755 53.337293 -129.119254
6.399137 13.233683 42.741078 8.814551 92.954444 81.426580 127.237967
7.051330 12.960882 43.075008 14.922896 0.027560 54.392189 66.214072
6.167482 13.214687 42.844145 5.801658 163.277245 21.447075 50.367614
6.936338 12.925342 42.837068 12.111839 124.257507 58.924264 -81.637460
6.262899 13.027202 42.788551 16.250578 124.840992 82.726529 -42.078885
6.320360 13.018074 42.871543 7.124564 144.526739 86.779978 -140.947278
7.029245 12.972131 42.983726 11.519961 170.428664 34.514419 86.242259
6.912312 12.781213 42.588044 7.447040 326.290210 43.879870 -76.785440
6.165131 13.217575 42.875181 2.354417 172.981179 24.334370 121.759759
6.632107 13.341309 42.610580 9.186578 92.677290 46.367923 -114.294858
6.611155 13.114630 42.875363 5.118857 153.704469 45.678086 -106.310673
6.530128 13.268913 42.683018 7.286228 172.369007 32.463292 114.326476
6.671917 12.776747 43.119912 12.255277 315.483543 27.655512 -105.197363
6.631623 12.592990 43.001834 11.372794 342.964627 29.728603 -87.908060
6.260702 13.250934 42.834268 11.699330 176.277612 23.764964 66.888153
6.633472 13.063727 42.831198 7.586116 289.813975 39.226292 -131.530857
6.937368 13.199952 43.171973 20.243088 140.788524 29.503035 62.974715
6.684805 13.016744 43.171997 24.050715 340.166924 42.130552 126.393039
6.153441 13.159725 42.818859 8.548683 102.719235 45.545430 -56.348518
5.925069 13.083055 42.851414 6.141472 205.077532 47.287668 -79.408258
6.318267 13.117944 42.650222 13.221002 332.615482 54.228984 -133.390520
6.452405 13.057594 42.784338 9.510456 283.333135 54.377714 -178.972604
6.353735 12.810055 42.825636 4.476567 169.818986 58.416712 -107.810999
6.351200 13.143560 42.889346 20.896826 153.051200 45.264481 -81.736248
6.405814 13.286096 42.904952 12.292689 47.104521 54.534779 54.140829
6.566065 13.378548 42.889226 9.838818 33.741279 80.130666 -179.437065
6.995744 12.797100 42.590513 19.588645 252.598856 76.131188 137.584764
6.613068 13.007664 42.844899 8.548801 108.585664 48.298653 -63.093897
6.842977 13.285539 42.459587 13.874811 169.908309 45.804500 -55.794350
6.549610 12.827541 42.743080 14.415396 318.116505 33.148629 -108.871786
6.420594 12.988904 42.827010 7.927682 144.182802 45.605392 -60.323553
6.247236 13.173060 42.830385 9.406054 342.251397 28.158828 -94.274376
6.570039 13.103425 42.799331 13.339948 342.326301 28.518412 -66.356679
6.243147 13.014418 42.857104 10.634960 319.495869 42.743764 54.289316
6.517394 13.179144 42.806191 7.251963 173.562810 50.453067 -113.262836
6.000016 13.136403 42.798130 8.522532 143.835172 59.934520 -96.799484
6.780314 13.155562 42.832070 11.041709 152.577319 29.958973 97.354483
6.222898 13.052628 42.888864 17.341252 142.760952 31.172318 79.302516
6.208650 13.175531 42.936879 8.685331 159.668301 22.448011 103.090636
6.649067 13.315245 42.821705 5.545821 138.833438 14.156742 -66.963405
6.731602 12.938468 42.907576 12.466217 160.835134 49.832065 -69.353108
6.732864 13.094896 42.825747 5.559628 260.942433 52.005159 105.267178
6.552731 13.189626 42.981441 14.441262 142.607084 59.300933 -133.552671
6.069607 13.101743 42.793077 7.479442 265.964267 53.512933 121.550931
6.662813 12.970649 42.915690 11.733826 166.264159 35.811374 62.677688
6.219211 13.113430 42.937647 14.100132 163.347475 53.422521 -98.008886
6.641706 13.289371 42.833884 7.741703 154.309511 69.543177 43.845376
6.489106 13.331265 42.894496 7.813537 138.453464 39.181645 127.766927
6.282474 12.958698 42.713525 12.651774 301.004820 60.443204 -51.400772
6.416454 12.819841 42.805649 8.488524 179.643722 56.897137 83.101651
6.236133 13.140704 42.880839 9.234087 127.365597 85.069458 135.081391
6.836987 13.192291 42.977930 14.913417 139.202232 61.778077 -79.923093
6.365316 13.193833 43.047161 3.787555 131.251254 73.238314 155.702582
6.921182 12.876878 42.466622 7.572948 48.499608 82.984230 -43.068744
6.533400 13.217017 42.867300 15.032487 16.753060 21.970857 -99.074824
5.996033 13.048449 42.909282 14.479196 109.297598 15.709894 82.805699
6.394621 12.989530 42.829624 12.588613 158.542567 75.004610 -64.035809
6.554621 13.208265 42.931544 18.829530 171.597944 23.257721 62.086126
6.728774 13.372229 42.686375 17.513823 161.365278 39.068134 45.378522
6.133738 13.262928 42.921238 16.814646 310.962883 49.954403 122.844138
6.771161 13.210441 42.759958 9.154925 159.066941 33.811280 120.282820
5.995647 13.086542 42.750000 11.607284 281.059628 35.881253 -72.839042
5.883164 13.190431 42.832459 12.758208 138.999270 54.498936 -63.359560
6.841488 13.175256 42.923306 12.684126 152.232520 28.512590 58.062470
6.933618 13.295344 42.701790 3.831503 153.979424 30.759182 -106.236037
6.419902 13.272590 42.878136 2.959796 164.501562 39.754344 98.536628
6.335878 13.124287 42.793006 5.042089 150.633362 30.106401 57.629744
6.487462 12.984020 42.921155 11.722499 166.650241 58.108182 -111.658724
6.474370 12.954803 42.876315 7.017890 323.614047 27.416963 -66.974619
6.698640 13.280107 42.680395 3.010677 174.445307 25.953623 83.638729
5.966544 13.253378 42.895322 14.378905 163.295498 31.486237 106.421189
6.011775 13.038453 42.916630 8.943955 138.726920 38.600191 132.856267
6.675486 13.347348 42.821089 4.836364 97.972399 68.864401 -80.562648
6.979743 13.522409 42.693939 16.983506 144.435261 20.907189 116.686691
6.840952 12.807043 42.714247 7.725579 176.927893 40.726247 -104.106946
6.089597 13.138461 42.863245 6.450817 136.970406 29.709604 57.199158
6.359987 12.980022 42.862395 7.887468 23.018752 81.582164 35.605325
6.444707 12.949483 42.882347 10.663661 349.177551 24.384456 -119.003399
6.777105 13.221645 43.085946 13.274636 195.128944 44.020104 61.728253
6.603886 13.292113 43.086923 5.650778 150.761271 23.216114 46.419421
6.438969 13.357303 42.900708 14.124406 163.042337 27.237884 86.565930
6.407849 12.919858 42.742670 9.734701 174.968041 57.494282 -100.950607
6.319071 13.224233 42.685466 6.800491 92.289125 55.499219 -95.515147
6.848964 12.794209 42.773037 4.288752 337.369854 33.496978 -88.470108
6.788060 13.279039 42.729642 9.101525 37.538973 66.049877 74.215022
6.967852 13.130355 42.563347 15.973079 150.501496 43.064292 -131.815505
6.746192 13.437613 43.276195 17.475492 157.667617 55.350549 64.302421
6.580988 13.026442 42.759361 5.075483 90.366727 77.800450 -126.624107
6.344539 13.166191 43.003532 11.819971 123.542891 42.111337 4.913759
6.835975 12.601074 43.048191 3.768279 335.138300 34.021340 -52.675973
6.342050 12.926706 43.003712 14.892153 179.703375 43.284970 -73.009252
6.181034 13.140115 42.706868 3.348240 4.400580 85.750858 30.707824
7.298057 12.300843 42.307969 23.937824 313.437483 27.706838 49.493249
6.331415 12.879267 42.636817 9.540579 56.164680 69.325303 174.442697
6.566918 13.259192 42.921404 7.200677 137.183524 23.011208 71.866952
6.708522 12.659309 42.787157 5.511139 325.268119 34.602633 -81.490959
6.408912 12.949440 42.739134 12.059963 321.364075 47.919892 -43.335755
6.797104 13.105468 42.936555 12.498443 2.470478 64.101803 -26.323255
7.062006 13.227213 42.922612 7.031106 21.441827 49.900983 133.442839
6.440195 13.122256 42.918177 8.895959 128.055638 34.173998 -132.712648
7.123064 12.769013 42.438771 21.866828 190.731523 35.734870 -90.404561
6.352118 13.329662 42.853841 12.581093 279.201039 44.543742 80.546910
6.439054 13.278865 42.773040 12.146456 179.738421 21.621618 61.478376
6.520350 13.477401 42.776052 22.838323 156.646914 29.596078 103.574698
6.561082 12.869789 42.848283 13.993939 76.501357 86.257148 -151.876506
6.033205 13.108468 42.796253 2.581492 338.966154 53.654633 -49.378857
6.663920 13.188545 42.784085 9.140891 162.946174 52.808231 -111.977639
6.481869 13.178429 42.806725 14.780040 135.619235 26.244009 69.460618
6.356536 13.074718 42.617116 4.075215 349.620982 52.370763 -132.950366
6.543266 13.527460 43.110692 5.842441 170.018475 52.173230 49.082432
6.360448 13.090948 42.854812 10.675120 83.910487 69.247302 167.555426
6.407508 12.890430 42.736561 12.761125 279.220696 74.778607 -73.973068
6.397297 13.168804 42.845194 8.619985 149.518761 85.202592 15.202794
6.276314 12.994335 42.766907 12.475483 258.276129 40.726712 -85.063458
6.947964 13.050326 42.842300 11.526653 197.489552 47.574283 55.465925
7.149473 12.960677 43.081981 14.555684 137.442861 46.424712 -132.034171
6.197310 13.008268 42.839727 18.565752 138.780762 47.117683 -97.103263
6.337018 13.060071 42.804035 13.961279 147.044356 53.882838 -64.826555
6.811678 12.932437 42.863282 9.516772 185.081179 58.962479 107.027929
6.757113 13.159895 42.809851 11.003097 173.017982 20.954968 98.363588
6.913506 12.906658 43.235983 5.376242 105.298045 12.542083 121.457932
6.573969 13.038216 42.769255 18.306845 148.059166 59.340369 -55.635500
6.696554 12.993378 42.822422 7.399309 181.392605 22.324736 36.958763
6.440611 13.105737 42.822460 6.655264 137.947460 48.500352 -68.308237
6.324249 13.246983 42.910324 8.088609 138.296763 30.854819 71.791458
6.231679 13.083620 42.865596 11.877037 136.708480 46.242109 -62.101300
6.029182 13.208620 42.780874 12.184025 27.021055 84.520989 -36.421352
5.924431 13.051490 42.811916 15.219400 141.719539 53.121467 -79.631967
5.824167 13.055656 42.894962 6.027003 29.620775 48.847530 -101.403102
6.101700 13.180240 42.822653 5.487346 290.159003 48.905715 -114.842042
6.645210 12.952806 42.637171 4.977826 345.758518 34.556952 91.076099
6.360037 13.040846 42.817220 7.395746 170.823576 40.321233 -49.974889
6.373294 12.889014 42.761295 15.838561 174.904825 81.984959 13.207490
6.289300 12.971387 42.890743 6.386146 8.064841 83.135415 -178.268483
5.999616 13.125926 42.826510 11.069030 336.045217 64.614548 -109.673220
6.835361 13.095233 42.918584 6.276899 176.039191 42.956880 -95.600624
6.604728 12.761751 42.718368 5.197696 115.018116 67.810329 -160.298173
6.618919 12.851930 42.910064 7.409467 135.915180 45.916037 -114.782897
6.408994 13.269343 42.802497 4.650509 295.365560 55.184521 -84.754570
6.701574 13.006163 42.902273 6.916689 225.408591 54.901360 -60.681532
6.168375 13.260156 42.867038 6.925362 135.333493 30.469584 73.128423
6.935592 12.868000 42.721944 22.606194 134.200286 33.484624 2.072166
6.545244 12.769467 42.707617 17.759619 47.362627 57.233249 -149.711210
6.571272 13.082869 42.919584 8.821217 155.446410 82.073993 33.055919
6.156069 13.108741 42.853378 14.357939 33.031277 34.700718 47.944747
6.704191 13.098483 42.757105 12.784573 354.614525 24.915538 -78.185182
6.196785 13.263775 42.819110 11.124055 232.503106 65.753955 177.778827
6.149074 12.916237 42.632780 7.426865 136.962694 65.131706 21.168719
6.740010 13.131602 42.858729 22.719128 313.052173 79.433261 41.700597
6.040356 13.125261 42.774489 3.674196 160.318066 43.114781 -120.183020
6.259071 13.223000 42.794547 13.592977 136.736585 85.833609 -74.359967
6.181274 13.024102 42.709201 3.066512 350.790625 29.050885 -126.389327
6.687361 13.585087 42.941882 10.807555 155.614859 59.575473 72.418790
6.093261 13.100038 42.845182 14.599187 136.191454 54.791949 -62.510336
6.005208 13.181359 42.796614 8.766820 145.822855 22.794156 90.619299
6.547409 13.364061 42.904033 10.534392 154.955472 31.906204 103.084161
6.305112 13.044661 42.789943 10.607154 320.103018 23.913070 -86.218505
6.581614 13.123862 42.892488 13.973926 155.878052 52.308281 -87.728024
6.461968 13.107619 42.727975 4.191250 333.005983 24.033804 -83.281362
6.266364 13.284138 42.952566 14.642549 169.264044 22.572996 85.543324
5.986570 13.137806 42.882363 10.835032 150.715177 25.838397 51.854347
6.331778 13.300385 42.691048 10.564525 179.149010 29.299196 83.478714
6.437438 13.117478 42.936254 8.870962 249.865681 34.865757 -114.979054
6.462914 13.118926 43.022464 8.219437 163.419046 77.234828 -87.843892
6.078341 12.993769 42.842873 2.551365 145.795748 48.599540 -96.247460
6.422891 13.102930 42.853249 25.849923 229.884138 54.503143 -117.273720
6.945553 13.506797 42.709623 18.597723 154.367818 49.302723 57.310967
6.537505 13.051120 42.925392 8.413034 339.558804 29.703294 62.058634
6.031554 13.063953 42.839837 17.401992 285.776497 58.094733 -89.849964
6.259506 13.073054 42.891253 7.073894 176.492983 49.093058 -110.116725
6.404740 13.314908 42.957774 10.524104 358.782956 41.051747 -114.239057
6.549445 13.259847 42.765322 15.768625 319.585214 59.987022 -61.114505
6.663487 13.078015 42.611060 9.005834 177.714553 49.577289 -79.266813
5.890628 13.035400 42.682636 13.273206 136.080065 46.103219 -97.858255
6.406932 13.085480 42.800957 5.914717 191.593933 67.997723 -168.008581
6.711970 13.050776 42.857346 10.618739 161.846372 56.029857 -92.692434
6.233659 13.254061 42.676824 5.945283 267.883078 49.118280 -61.314130
6.575254 12.988427 42.994334 14.817490 321.966580 46.916086 102.531040
6.542913 13.121535 42.827622 17.740489 132.339459 47.813513 -81.892838
6.377431 13.125292 42.723722 20.025957 297.207875 35.162206 -139.590686
6.261119 13.229101 42.827617 11.302860 163.866867 53.448862 -122.712818
6.620213 13.210938 42.698479 14.295832 146.686216 26.956870 75.335799
6.784010 13.398798 42.796388 20.676185 351.995856 68.416913 -157.530889
6.612500 13.298653 42.738487 6.929494 146.204543 45.486340 -96.479708
7.113543 13.689113 43.446788 4.349776 174.414668 29.461532 76.917841
6.224087 12.741082 42.893833 13.517074 336.009916 59.836503 -107.049374
6.760673 13.096146 43.081240 4.670251 177.849338 53.996491 -129.881785
6.305633 13.240852 42.891888 6.536444 275.111594 59.850824 121.664496
6.231007 13.088181 42.839075 8.653735 91.200237 72.315860 -78.811567
6.621780 13.199078 42.807532 7.917505 253.412139 21.418375 124.308331
6.255023 12.949581 42.845288 14.851906 174.650776 40.907308 -51.771588
6.711235 13.404597 42.672864 9.625866 146.765382 77.443837 -1.245105
6.540736 13.004488 42.774161 5.864553 85.287139 39.154446 -134.445405
6.654313 12.875901 42.734809 6.950903 346.131045 66.338986 -97.514320
6.940066 13.311816 42.867669 6.280939 78.101015 69.383837 170.026189
6.985556 12.741425 42.742358 14.042243 15.581937 28.722481 -69.839027
6.719018 13.174973 42.849684 21.110325 198.539291 53.016535 -118.076496
6.605128 12.898487 42.874523 15.378287 343.538003 30.084979 -100.057462
7.159817 13.803817 42.748980 19.645415 10.885584 58.327789 38.136288
7.078920 12.544554 42.409220 6.368311 81.601060 43.808468 56.979511
5.833780 13.113486 42.804177 11.478371 161.870870 55.583428 -129.829125
6.521459 13.211256 42.972723 12.249700 176.485967 28.246359 86.644534
6.233049 12.941595 42.902630 5.612159 33.055872 49.410317 60.759951
6.004710 13.140179 42.905712 8.212927 173.928963 45.461701 -134.131585
5.964361 13.133243 42.861931 8.262733 234.370521 39.393221 -151.466842
6.361342 13.101108 42.894185 10.371630 158.325605 51.417199 -85.224222
6.337413 12.961528 42.858632 19.617831 152.456375 46.540858 -101.120616
6.508277 13.322072 42.856577 17.204196 175.389360 88.136032 12.356446
6.651178 12.947883 42.563458 14.638432 358.414890 23.905696 -68.823352
6.594033 13.342673 42.897301 6.345519 174.832260 27.383279 56.819067
6.821024 12.830973 42.606307 5.296039 8.258191 60.837726 -0.009609
6.198011 13.289822 42.881629 14.732231 167.066721 37.818677 95.501201
6.392362 13.113981 42.896104 14.403960 151.745396 23.407603 130.275558
6.707769 12.842249 42.803885 5.958640 168.834052 44.710734 -131.552517
6.476141 13.119665 42.634002 9.598530 39.252497 82.411350 -2.095051
6.357578 13.098310 42.950218 2.793319 153.209595 24.431611 109.729612
6.472499 12.944289 42.655934 20.945922 152.557576 36.408014 122.391765
6.248718 13.166799 42.953506 9.059268 145.490047 39.110699 49.081289
5.875885 13.150213 42.798642 9.381081 154.779864 23.349283 111.330527
6.536903 13.383784 42.794031 8.568441 298.230735 59.245389 -108.542178
5.941688 13.161781 42.715453 16.739259 147.674009 50.281096 -54.721721
6.957813 12.942701 43.020036 5.355560 329.209941 49.915641 -62.658950
6.085607 13.108274 42.780337 12.762910 161.333218 25.675013 130.911222
6.191452 13.076445 42.789696 11.027259 149.386418 48.291886 -48.648723
6.660263 12.543734 42.759733 12.267406 206.606986 55.731241 -94.752282
5.974077 13.136226 42.829833 9.851879 179.333082 23.407937 127.048796
6.503948 13.217796 42.851103 13.270271 263.279485 35.275530 93.360202
6.419630 13.440082 42.871462 5.505539 167.768088 22.586267 109.674476
6.199263 13.100578 42.835870 2.797928 176.101619 49.143048 -124.586762
6.657726 12.934205 42.772027 9.360644 165.068007 56.043906 -105.436502
6.166792 12.758089 42.810096 13.342605 313.007551 54.936616 134.896809
6.555393 13.117981 42.705211 5.329647 101.612933 84.894844 31.225494
6.602542 13.466886 42.959988 17.619100 48.663477 30.019148 -119.843389
6.653227 13.121716 42.985925 10.470024 298.824066 77.167264 -91.460849
6.404732 13.263984 42.742949 15.629255 152.405417 54.655056 -96.704612
6.429973 12.977251 43.075708 13.716655 156.539502 43.823070 -54.702647
6.308828 13.226282 42.887347 11.538884 179.379549 22.991121 49.867275
6.472052 13.419979 43.003106 12.268718 357.879656 50.048491 81.525175
5.983123 13.174399 42.838487 9.596469 171.657510 46.389262 -125.520198
6.364894 13.089452 42.980185 7.624780 335.529086 31.498598 -127.700175
6.113891 13.051627 42.848078 12.661303 126.969912 65.395874 144.111457
5.952394 13.179476 42.794950 8.797674 148.367835 24.026563 -90.458545
6.406429 13.129723 42.848826 7.160401 161.682869 53.976241 -58.053121
6.251603 13.189272 42.899343 11.691051 151.768024 33.548538 96.425714
6.444151 13.226761 42.953915 2.798199 156.296055 34.792952 121.051853
7.052947 13.348740 42.742141 5.107543 166.746784 29.806660 64.269717
5.975987 13.053449 42.789716 11.870473 85.085174 86.223546 -60.136765
6.707422 12.961384 42.947660 9.380394 161.435089 53.020544 -122.832379
5.982285 13.066108 42.831170 7.064019 149.419867 42.077897 -47.075188
6.000986 13.099023 42.904018 11.208230 151.798358 55.274815 -67.837766
6.638670 13.027910 42.595151 15.560045 104.848272 23.032475 105.283706
6.601134 13.247802 43.017012 5.962958 173.245536 29.753552 121.855208
6.967514 12.927927 42.938092 11.669111 136.968404 57.550786 -55.942136
6.350193 13.242743 42.909429 8.755994 175.553559 38.493693 112.321910
6.435381 13.022608 42.981239 8.097706 146.991507 22.485294 78.692559
6.274301 13.079005 42.892481 9.396517 157.667590 54.871957 -86.702369
6.974693 13.013837 42.784918 15.613273 332.595197 28.620304 -99.113255
6.651105 13.333286 43.037671 23.192032 150.104189 32.665826 78.965508
6.432197 13.019385 43.002209 15.662602 152.468821 28.086572 89.735735
6.447772 13.172350 43.018318 6.008563 72.338979 67.539488 126.818188
6.872523 12.828308 42.883014 5.080637 139.489125 52.003769 -131.695894
6.436627 13.370243 43.080408 11.566107 90.230691 44.543177 78.246563
6.519765 13.298928 42.856922 11.520871 149.846355 25.499467 115.440326
6.577630 12.810735 42.774052 3.449037 178.997265 16.879647 -122.785276
6.570376 12.972819 42.927079 13.835359 31.733981 80.079079 -27.702694
6.828932 13.630973 42.529014 12.030540 115.029492 62.525809 175.989475
6.359162 13.194473 42.714282 4.652071 153.433085 54.314490 -87.267235
6.257803 13.199408 42.855487 16.002396 98.539410 49.883585 -118.361640
6.799555 12.873168 42.674774 13.152172 160.537202 43.865816 -118.593041
6.464777 13.017384 42.977667 6.620825 153.519977 87.658771 -24.171404
6.345609 13.015232 42.768303 8.984025 144.154493 56.772894 -70.887398
6.167874 13.053334 42.855662 20.143626 303.586172 46.598862 -128.126289
6.201472 13.092457 42.899961 9.052233 312.193184 58.710799 -103.143445
6.762758 13.060633 43.017396 13.028389 342.707939 53.776322 -100.305238
6.263068 13.041758 42.783619 11.057679 318.996888 30.201149 -129.517641
6.785489 13.128524 42.905269 13.848997 42.597293 73.208039 -19.177356
6.363612 13.048890 42.903309 9.216585 15.207745 17.668873 124.447521
6.496411 13.105757 42.841679 3.083442 333.746319 38.500549 -115.865583
6.533268 13.105409 42.667047 10.122987 129.963420 57.429517 -132.202067
6.616939 12.942998 42.782165 8.865649 265.956197 31.100274 -112.900509
6.214211 12.888271 42.799793 8.657491 112.935994 67.266676 -133.078174
6.913040 12.582034 43.008399 11.260533 198.911223 37.862176 34.910490
6.791525 13.186165 42.694600 8.906356 299.368472 72.707811 -69.272303
6.351159 13.014131 42.810498 18.355342 139.373077 52.602836 -68.114698
6.481841 12.843583 42.693302 6.091519 135.747024 53.593574 -84.853767
6.624171 12.792969 42.647851 13.770221 10.077669 49.108879 122.362035
6.040912 13.041949 42.804990 2.672276 160.074811 57.583318 -99.274996
6.610456 12.933691 42.601450 9.917813 316.414376 26.899911 -76.623654
7.363752 13.324001 42.467183 18.187573 132.485636 61.710866 -91.682844
6.633283 13.420222 43.045927 4.694048 149.275907 25.302047 54.515929
6.726579 13.015500 42.740426 5.170519 172.017752 49.143091 -85.221338
6.548681 13.213874 42.735339 9.434834 87.185848 84.871866 0.904682
6.613073 13.118855 42.746545 14.095161 155.227940 23.881963 52.193601
6.687744 13.077121 42.982346 8.924518 287.445554 19.301339 55.873560
5.888026 13.059604 42.718523 11.549283 124.153000 53.162822 -88.162982
6.097710 13.206833 42.845653 8.227215 198.409730 76.953255 3.890079
6.297354 13.016658 42.944850 9.117012 151.288296 37.685007 59.127289
6.528747 13.044081 42.839120 6.275421 337.694837 23.380226 -126.245730
6.752531 13.106063 42.586821 7.099107 167.657549 48.137538 -52.995415
6.152852 12.944040 42.937297 11.920854 81.290809 31.038893 162.628765
6.606460 13.330427 42.784921 13.679285 16.519558 54.048926 57.734868
7.098838 12.720731 42.711171 4.065993 314.381902 12.013681 66.553255
6.345426 13.302215 42.888240 14.329156 352.874579 43.050493 74.462205
6.877573 12.862851 42.870144 6.249353 108.109372 88.758861 -163.798754
6.526573 13.094336 42.849417 4.455952 5.192694 80.388233 -27.930979
6.936617 13.561599 43.031204 5.011021 161.788135 46.218204 128.183740
6.914800 12.482658 42.740066 11.344787 49.159687 85.269160 -42.918125
5.995164 13.173610 42.846188 14.736364 162.909600 23.325278 96.365806
5.735786 13.198222 42.824764 12.439223 145.505378 22.428983 84.001534
6.490128 12.820116 42.741326 7.671951 359.672545 37.306894 -107.181925
6.639474 13.085087 42.677108 13.782383 337.990859 32.391064 -58.376595
6.669976 13.524940 42.826903 5.995294 163.730461 22.964160 130.722021
6.263471 13.254598 42.752988 9.973822 168.994455 23.547147 123.968584
6.172893 12.970846 42.836915 14.707116 137.517370 45.702202 -105.848872
6.356533 13.368410 42.809487 4.328790 129.045836 62.673777 -51.468291
6.340312 13.035792 42.789239 5.388301 150.491640 48.795482 -47.784675
6.628238 12.862809 42.802642 3.660469 90.960116 23.682027 -111.842699
6.520729 13.277980 42.793098 20.873893 105.486500 79.107845 -162.409463
5.979277 13.163198 42.801235 8.898091 115.021639 47.767008 73.956960
6.432088 13.107788 42.980854 8.802496 160.625207 41.890917 -84.347470
6.336476 13.088060 42.700356 13.161447 268.835036 45.205919 -124.745913
6.489388 13.271681 42.831309 12.557443 155.952589 29.323479 59.249916
6.821003 13.171688 42.744789 16.428551 329.223931 28.021687 120.545117
6.463583 12.941149 42.932612 16.572835 147.030078 42.491481 -77.096533
6.811902 13.049210 42.940395 16.199282 122.015030 35.545688 -55.286632
6.469588 13.112776 42.914523 8.638851 172.653749 29.895134 71.881433
6.408539 13.385687 42.935137 13.581735 155.947056 34.313209 71.001093
6.873943 12.907584 42.783886 13.319967 198.362374 21.990932 123.839958
6.605770 13.084018 42.602491 14.872193 149.012670 42.702591 65.353391
6.589548 13.316191 42.771653 16.145195 178.275765 51.526308 -71.244172
5.869203 13.107601 42.825534 3.775602 337.884946 58.725393 -72.300519
6.573224 13.364280 42.741419 11.650187 167.760965 30.926051 83.762763
6.404541 13.030678 42.952538 10.408586 253.028907 44.631617 -90.968017
6.130296 13.251056 42.834392 3.029134 92.911369 57.854192 -98.650043
6.523758 13.045748 42.846766 12.040530 69.008875 86.457353 -27.969103
6.728970 13.350010 42.718052 11.769090 236.898532 39.887324 60.508357
6.625041 13.493490 42.905641 13.199104 218.873314 31.490376 -99.302589
5.786420 13.207541 42.855314 6.015994 121.962640 40.338881 89.553732
6.891242 13.445981 42.683556 8.332393 177.742526 31.285942 73.056054
6.554574 13.018210 42.648837 7.408932 80.438159 87.642981 -167.671771
6.117624 13.194648 42.765914 16.973528 134.366018 83.131885 143.294820
6.438505 13.073848 42.743264 18.008783 310.750029 63.941900 -151.693388
6.560528 13.215374 42.702020 20.187685 136.683923 20.349150 -125.327244
6.367513 13.324515 42.882611 11.042556 140.808471 30.477283 64.504878
6.906444 12.646465 42.877613 15.352697 212.698739 42.086792 -109.449734
6.468361 13.175743 42.693743 4.176791 327.514427 63.107225 -37.730941
6.597569 13.166925 42.939150 14.985565 165.749471 24.673606 49.240532
5.808881 13.154720 42.846517 9.053256 163.605261 38.747015 88.389648
6.364398 13.078669 42.774701 3.412163 158.701640 57.039639 -68.260965
6.523608 12.922746 42.698858 5.599520 162.063795 20.717867 112.402277
6.359812 13.254867 42.603572 7.998506 134.950570 54.168903 -122.085431
6.614520 13.080512 42.781979 9.809506 176.452810 51.490378 -121.826113
7.088616 13.114801 43.161297 6.822913 71.477824 58.209141 96.828820
6.643545 13.161082 42.736297 22.243766 163.160543 20.450106 112.329660
6.585335 13.193894 42.837285 5.505760 247.294675 79.486539 -136.688262
6.693013 13.044081 42.871030 18.153526 98.470924 45.248985 -124.087934
6.589434 12.966026 42.906108 6.970916 151.963792 57.892550 -47.787186
7.217230 13.398541 42.555792 10.865167 170.313585 33.549511 77.005508
6.614795 12.901863 42.813865 11.133638 173.036137 40.989501 -100.881294
6.248414 13.085390 42.926725 5.613209 179.022275 59.731405 -52.523143
6.184271 13.313970 42.863510 7.976262 350.896276 44.178375 -108.769169
6.523093 13.221609 42.787272 4.288280 339.442342 56.954235 -93.921766
6.104601 13.082299 42.826764 10.956705 163.811633 30.043359 -117.979896
6.178806 13.168350 42.806070 10.293467 166.630280 29.187813 97.818328
6.329389 13.102068 42.774620 20.157024 176.566870 43.916076 -89.723899
6.583597 13.006216 43.066319 9.793221 167.975339 40.626782 -57.663627
6.579187 13.051604 42.727525 4.608681 354.007144 75.701698 -150.735153
6.342851 13.080054 42.873458 8.067285 175.285724 46.541654 -95.006468
6.222409 13.188630 42.804386 8.098680 169.195042 24.728799 89.890994
6.446781 13.400105 42.750021 18.539444 154.914144 52.766298 -112.792972
6.673661 12.900426 43.053274 6.054086 153.826245 79.305979 -1.375973
6.550369 13.210899 42.699348 12.601197 354.316399 24.695235 93.283930
6.628252 12.999976 42.721080 4.923062 31.634338 25.348964 78.502499
6.294010 12.977061 42.615348 7.302896 327.544419 21.423227 59.242355
6.379566 13.231398 42.777191 8.351596 288.299603 40.658532 -74.342464
6.979883 13.008633 42.576524 13.942672 337.780552 22.995899 -73.900217
6.603603 13.165053 42.886228 14.810378 148.925882 37.112456 66.696003
6.402163 13.132057 42.869237 13.869850 38.571841 73.917202 -123.268455
6.508727 13.059999 42.835988 3.146509 240.226433 38.099411 -99.578183
6.710086 13.244114 42.717074 15.041730 75.683930 51.511184 -53.092766
6.666569 13.134982 42.708463 15.543023 146.256969 35.612543 90.809397
5.719640 13.101729 42.798010 14.110249 318.270007 21.175565 -64.731087
7.084230 12.759869 43.003535 11.266323 59.774021 61.852642 -75.349897
6.162099 12.932759 42.844886 11.081550 344.360800 27.682197 -64.722036
6.421753 13.246012 42.767302 17.081050 9.082110 65.002772 -65.907282
6.523269 13.139803 42.848878 11.227375 139.661766 20.641202 99.222042
6.357277 12.992517 42.767773 4.829890 138.530189 67.423197 -96.347089
6.113240 13.095309 42.867014 10.799693 171.854905 50.604860 -123.182887
6.446552 13.285083 42.842890 10.197851 173.458670 26.604356 125.426663
6.239614 13.293299 42.948007 14.626130 151.580534 26.163636 132.349365
6.921546 13.179003 42.683321 7.357780 343.739964 58.639089 114.562628
6.135977 13.264273 42.808123 23.075801 176.051002 37.809291 -121.230191
6.486568 13.185118 42.697889 5.914634 120.640156 56.007245 82.288836
6.515444 13.277029 42.551747 6.505159 337.713159 40.016009 -117.305337
6.818172 13.025855 42.679707 7.154645 45.360262 76.785377 -54.746981
5.909900 13.043106 42.739296 14.637432 350.898878 30.566947 -116.313756
6.899028 12.936942 43.027018 6.973341 138.941304 52.335198 -95.219467
6.472312 13.104138 42.645802 5.148032 337.005096 23.570235 -114.116632
6.317501 13.085924 42.804120 9.283912 155.457246 51.011500 -114.563956
6.206101 13.201660 42.706593 10.194481 67.736742 31.560219 78.422580
6.346257 13.077056 42.922917 8.687135 159.329747 28.285500 117.217472
6.983709 13.162938 42.376812 12.162140 352.547586 52.980098 -104.235818
6.609600 13.113359 42.726466 8.708752 140.777207 35.212222 126.880157
6.399272 12.792599 42.867066 18.668113 327.860898 73.021997 -166.009730
6.591195 12.976451 42.717741 13.678297 162.604278 48.772928 -132.309567
6.324371 13.106197 42.804309 7.925323 154.907977 79.718207 -19.645489
6.814478 13.038189 42.553536 6.465427 179.465969 66.897226 -121.073983
6.273481 13.057556 42.746904 7.743207 155.443431 63.435894 -124.120094
6.275775 13.252781 42.804366 3.825667 162.865815 21.860501 124.241856
6.602423 13.041702 42.599609 10.329337 66.315112 43.222962 150.748883
6.755567 13.478766 43.000007 4.656913 167.140184 54.173476 96.316756
6.724924 13.039469 42.630906 8.844448 317.813967 38.940393 -116.971142
6.626320 13.147111 42.633050 4.697571 108.611544 56.878789 -79.882385
6.560209 13.287024 42.770082 9.664665 69.986685 50.763388 52.046947
6.209908 13.019069 42.721549 4.228276 174.855650 54.924490 -83.572000
6.775792 13.476341 42.718065 15.817200 23.323692 20.441798 120.088884
6.300214 13.105913 42.749141 10.713955 289.391295 53.334197 111.133702
6.408919 13.027418 42.691087 11.946070 262.179573 56.817273 147.144262
6.302381 12.937517 42.844156 16.551887 135.372065 44.975206 -49.788460
6.174050 13.090162 42.915249 17.047212 178.085324 58.798918 -128.151626
6.481695 12.993054 42.714651 13.912293 104.414523 72.785376 -158.398742
6.538838 13.151295 42.810284 14.134344 112.473603 73.186441 -50.435178
6.373568 13.242614 42.822869 10.284645 154.896832 36.097384 126.687845
6.747156 12.867625 42.747310 3.040451 347.206928 27.180882 -87.464608
6.266062 12.993542 42.827382 10.964484 154.544271 57.447693 -75.886782
6.435534 12.930867 42.881383 13.056773 177.685617 53.569152 -52.093854
6.609304 13.661516 42.974025 5.249658 164.311777 49.542135 114.061170
6.311955 12.966326 42.947248 14.195243 160.157236 37.749719 81.541440
6.371044 13.083737 42.764089 4.862959 140.720359 45.372041 -118.288861
6.575919 13.206366 42.720947 11.398582 155.216801 88.488604 7.716503
6.379915 13.186730 42.831558 16.861543 135.799543 34.662434 87.524115
7.067449 13.124522 42.817749 14.098756 349.095576 48.641155 -133.169536
6.245761 13.161214 42.902646 11.063456 171.115350 31.559264 109.357852
6.368361 12.874829 42.896897 8.677547 150.307474 57.130378 -130.936924
5.910032 13.029650 42.819939 4.674441 357.522093 21.516485 -108.979789
5.977639 13.228170 42.844619 13.928672 154.699422 39.751278 92.816081
6.293379 13.074604 42.817641 13.724070 169.642881 57.244046 -129.650370
6.159375 13.098546 42.786006 12.017558 221.109003 77.148489 -6.753621
6.424800 12.792824 42.846911 4.572168 152.572833 57.834084 -122.423834
6.275968 13.123152 42.815599 7.679413 208.604807 79.833968 89.946749
7.136623 12.844045 42.654259 21.424161 224.659712 42.874431 86.487186
6.896080 13.213143 42.827875 13.753961 154.783181 58.663473 -84.071158
5.879309 13.059697 42.855003 3.910943 140.166403 45.910307 -107.644944
6.460827 13.022249 42.983286 9.935726 283.979933 30.110478 35.112007
5.874545 13.114202 42.936715 5.802789 299.764293 48.047931 -62.703628
6.439543 13.217031 42.872078 12.515259 156.287045 32.651861 48.006408
6.826712 13.351723 42.630460 7.399082 158.095984 40.342326 -56.875796
6.783702 13.137510 42.788299 7.606079 99.200342 41.140653 -126.897425
6.677961 13.243415 42.605099 10.228572 106.614031 43.880139 -111.934741
6.159429 13.091688 42.720425 7.966565 102.290036 57.297687 -64.440954
6.558579 13.470025 42.938761 12.807130 323.413568 45.023076 -126.012862
6.804769 13.406744 42.680916 7.059309 141.052669 44.676213 -104.183083
6.017806 13.238619 42.812019 5.798596 79.181008 59.811375 99.955518
6.391473 13.105823 42.862173 16.510001 32.750474 83.380327 -33.656477
6.378518 12.919777 42.895426 19.024536 212.616859 27.622217 45.602556
6.643291 13.402013 42.891969 14.150856 146.872516 38.641726 85.591870
6.515328 13.013118 42.958261 13.609528 155.394781 26.643335 66.003932
6.276361 13.374516 42.927529 6.002159 52.084219 52.422519 -50.982167
6.969156 13.138632 42.910186 16.679249 141.170105 28.241018 115.617437
6.961026 12.728492 43.221059 16.449874 104.231438 29.441243 90.910340
6.699386 13.296572 42.837436 6.056689 317.171001 44.143292 -109.978195
6.749297 12.791352 42.882014 13.405949 320.285554 21.822638 -92.250284
6.304184 13.116777 42.964947 16.428753 164.762135 47.117879 -62.335347
6.626100 13.139000 42.768394 3.450233 155.189566 31.977050 99.573699
6.124820 13.114628 42.840219 12.102626 178.411841 46.706800 -131.196194
6.796261 13.181393 42.639276 7.107032 161.897770 45.287677 -110.783399
6.505952 13.063117 42.626023 6.153589 115.224953 85.159207 32.937767
6.296406 13.114069 42.834618 18.238024 147.741769 41.953931 -101.492672
6.132588 13.075103 42.804779 10.495426 171.167137 45.741017 -98.958282
6.676786 13.110790 43.044647 4.262489 253.344808 51.531609 -17.520375
6.646101 12.950796 42.796077 4.495202 269.585288 57.967576 109.449213
6.867596 13.262375 42.611488 6.126182 88.688150 80.962769 36.080380
6.650467 13.048612 43.004659 12.368660 171.684343 23.649287 127.360761
6.224520 13.093134 42.956419 14.340068 263.976110 56.824094 -122.679744
5.858909 13.087758 42.823574 13.284696 148.414123 40.668154 -131.714447
6.415131 13.183187 42.751519 10.181260 143.412493 55.332368 -116.884870
7.162209 12.736637 43.017530 7.029471 281.582236 56.830353 -90.283667
6.599898 13.265831 42.783119 12.800309 191.517475 40.367964 88.054101
6.231179 13.054438 42.869094 6.712622 355.737479 23.913120 -101.044678
6.374279 13.418548 42.848253 3.941440 38.604160 89.931251 36.573556
6.088637 13.207136 42.828460 9.902089 145.536960 52.219745 -56.917803
6.190946 13.127735 42.801119 8.103844 172.340571 53.223686 -128.019261
6.388852 13.055626 42.942967 11.750259 93.006872 84.157826 -47.159038
6.537516 12.974226 42.850538 12.894507 22.577803 62.177101 158.026314
7.082927 13.058676 43.198851 9.860910 135.960207 32.084126 126.290655
6.375401 13.086874 42.840824 3.068961 95.106554 29.189648 -158.991141
6.914787 13.295920 42.597656 10.997669 88.609232 88.933325 -17.046038
6.546944 12.981291 42.745295 12.493947 175.953531 52.001810 -91.391953
6.334537 13.269925 42.752248 9.304430 175.757344 27.461843 104.272164
6.161443 13.080303 42.806388 5.175745 135.930124 47.636529 -98.877953
6.034981 13.109710 42.901662 9.719672 143.727035 44.387834 -129.373418
6.184684 13.092787 42.910573 8.131783 235.128272 45.628065 -97.023375
5.843368 13.145256 42.806541 10.243342 144.734055 25.904756 108.789142
6.197846 13.180353 42.749749 13.191177 144.416432 78.934838 13.609308
6.575131 13.113033 42.907913 9.588254 230.115200 76.382500 -94.364887
6.863614 13.098643 42.974574 7.170112 169.168865 46.492572 -81.390420
7.368784 12.366304 42.513184 8.580810 355.995444 56.064357 -45.334382
6.710453 12.785171 42.706420 11.029677 358.545033 38.328097 -77.204858
6.733190 13.334966 42.673063 5.539521 139.892058 44.714969 -104.253038
6.189327 13.167013 42.870586 12.064615 270.405811 33.929184 -75.369285
6.553118 13.219551 42.818354 7.655283 148.749016 57.790260 -90.145015
6.089824 12.992438 42.772767 5.455507 112.945740 58.511349 -55.208040
7.140235 12.839055 42.545235 16.307084 330.545586 37.078250 -70.064498
6.415883 13.219646 42.978591 10.696847 151.134332 25.855853 66.575652
6.478991 13.171706 42.663535 4.493705 171.339782 89.186895 -107.092834
6.559287 13.098624 42.826608 12.410142 236.657915 33.031119 125.570828
6.048673 13.235121 42.814371 16.620678 146.023650 38.756722 66.497556
6.674640 12.881293 42.754456 13.032220 308.373674 12.717422 159.836276
6.212833 13.174614 42.861349 10.012253 352.731880 52.904864 14.096186
6.317357 13.148647 42.923643 2.977904 179.484251 21.516606 109.400038
6.025152 12.980179 42.802368 14.789469 134.286512 45.187268 -71.004376
6.694896 13.212782 42.896915 17.033833 167.725592 35.195894 109.474556
6.072467 13.103168 42.822414 10.708209 348.074967 51.214642 -93.106657
6.186020 13.043712 42.916620 9.822300 325.563773 33.489615 -133.332745
6.719696 13.191072 42.941152 5.264790 165.517236 33.439320 124.147878
6.568487 13.244186 42.896598 9.005146 144.406932 38.425632 85.496330
6.249599 13.049423 42.837313 11.456984 154.261563 50.562336 -105.220144
6.688815 13.209616 42.644369 15.174978 145.219737 55.075700 -70.298961
6.794991 13.007645 42.683278 8.261637 326.554941 41.687922 -108.390088
6.558093 13.008031 42.797789 14.726884 356.214581 36.732528 -46.272758
6.492357 13.104453 43.102960 10.961744 128.804365 38.383465 -46.842833
6.957428 12.931434 42.813093 14.261039 330.112822 38.187931 -61.443756
6.548808 13.149153 42.898712 10.747354 157.433502 39.546361 100.839287
6.044355 12.973824 42.783178 19.108585 289.019943 65.093359 -105.248405
6.500837 13.319175 42.899788 20.574947 233.906831 57.428810 -107.660978
6.613997 13.120361 42.902626 13.075410 151.379400 21.477061 114.853085
6.025128 13.330860 42.728609 7.781452 301.425180 11.812407 -82.044171
6.758808 13.264101 43.069718 8.063055 151.182711 33.745997 106.052487
6.651637 12.800931 43.018683 6.786980 355.983018 53.963367 -90.290002
6.072799 13.000746 42.802489 9.906959 77.883714 42.656810 -57.850761
6.439192 13.103807 42.872065 9.857195 149.102278 78.089190 24.448258
5.925092 13.236985 42.874419 10.212382 34.463404 60.134466 46.091041
6.437702 13.124143 43.017173 5.116761 142.495812 44.251506 -52.008986
6.242519 12.979583 42.734981 13.252563 101.536156 88.860492 -138.490008
6.998679 13.566833 42.807315 8.863286 148.584372 35.832921 108.754535
6.265959 13.336188 42.981883 8.131292 139.262786 35.780854 70.441519
6.481965 13.281703 42.969257 3.253476 173.637822 20.120589 73.096580
6.750986 13.120799 42.816760 18.416953 123.587649 35.501480 96.609272
6.583958 13.207588 42.838391 7.503139 136.766415 54.998457 -116.540085
6.177634 12.997134 42.732498 14.535859 165.637714 52.033016 -81.987556
6.775193 13.208202 42.885805 13.752332 316.619323 36.016664 -91.704829
6.700377 12.745433 42.671897 4.734624 66.175004 61.926315 -52.860941
6.645800 12.723902 43.068752 4.481450 93.768003 39.502271 173.007602
6.413340 12.936198 42.784100 9.921730 144.603674 42.072494 -67.371248
6.318696 12.985334 42.887492 8.456341 144.023302 24.193570 75.461545
6.283304 13.107446 42.883603 12.836461 138.275405 80.873257 -83.820847
6.830577 13.112919 43.066266 7.579578 223.652502 65.127754 -121.274288
6.781410 13.167861 42.816293 16.708308 166.878164 28.855558 102.651858
6.783124 13.334480 43.145996 6.356935 141.374435 29.787688 111.061441
6.667993 13.226259 42.763432 10.524802 145.138530 20.104637 83.246273
6.811435 13.280100 42.883548 15.857088 175.622726 36.165931 121.000676
6.113233 13.061083 42.804972 2.775125 16.889322 51.195024 68.172830
6.991250 12.592717 42.751293 7.853010 359.557224 22.649101 -76.759677
6.886229 13.321534 42.607513 11.644836 142.233709 42.463829 -78.144816
6.324620 12.941490 42.650845 13.420925 122.101472 53.811914 -96.049882
6.357301 12.897928 42.808320 10.655064 353.440103 31.974829 -51.832716
7.335419 13.327160 42.961472 10.158576 166.574946 26.957785 111.003542
6.446764 13.216643 42.708320 5.932075 117.547614 59.097598 -177.203816
6.503737 13.243162 42.913081 8.121911 176.842260 33.406134 92.254260
6.543261 12.954977 42.828216 4.605113 294.244538 11.762806 -129.296472
6.724784 13.176759 42.697782 15.344010 71.462927 80.525183 155.360821
7.128134 13.668217 42.970373 12.763292 138.294384 57.939687 64.309504
6.325299 13.168275 42.907010 12.494347 165.779762 25.948493 131.672728
6.277637 13.173247 42.881629 9.794702 173.151318 56.535584 -46.422202
6.463816 13.194421 42.977379 19.504918 179.048903 37.520874 131.673350
6.415133 13.268670 42.930602 6.847406 118.659698 51.701735 113.263833
6.324560 12.967369 42.734329 5.764906 26.465613 21.156992 60.748180
6.797136 13.485371 42.989229 13.632673 152.357870 50.035194 97.932578
6.601146 13.004434 42.711548 8.839232 153.711463 28.655396 127.110138
6.488105 13.275643 42.941567 4.212748 353.824763 75.737468 70.245034
6.851311 12.790152 42.834310 12.419625 348.105492 14.269125 57.313162
6.606359 13.099532 42.821881 4.424649 41.383604 26.630545 -121.136117
6.285515 13.172414 42.870942 6.404399 175.168190 34.486864 57.090305
6.389931 12.971239 42.859409 3.591717 167.421232 55.503184 -109.867161
6.791238 13.119037 42.894279 7.846788 170.316707 59.268497 -69.457527
6.784087 13.225069 42.929360 9.477378 169.670397 25.829247 65.911820
6.077594 13.066008 42.883438 18.180274 170.554158 29.420554 75.447189
6.366385 13.456965 42.923383 11.266689 92.157618 28.333791 -81.722635
6.631580 13.299146 42.703317 14.941995 174.294852 37.883966 113.638294
5.943038 13.079528 42.816521 10.459010 347.527006 39.055044 -72.782749
6.537592 13.110906 42.988027 8.954458 265.074290 58.990846 64.656486
6.176032 13.087988 42.855661 13.513475 144.632465 52.157833 -113.515699
6.489505 13.410340 42.791512 11.795455 95.214743 84.365750 0.439618
7.056855 12.556499 42.484097 5.803156 156.676334 25.038135 122.981413
6.869075 13.376573 43.201057 6.025658 160.691256 56.348229 122.898610
7.137379 12.715232 42.887816 17.306901 133.706760 53.819301 -127.687353
6.277435 13.086855 42.848399 24.258266 317.138468 56.026530 -51.709016
6.652586 13.220189 42.650639 24.966776 90.851880 46.588973 -102.431694
6.780611 13.327179 42.644662 13.968987 117.865005 62.250266 -158.254851
6.515904 13.044803 42.723779 13.120559 76.696686 77.771406 155.596933
6.235013 13.133779 42.807857 2.701936 156.863228 30.431065 131.521944
6.590537 13.087938 42.857581 10.117924 236.054258 51.510170 97.948268
6.065964 13.090286 42.905800 9.695124 170.588721 51.873055 -108.834441
6.385196 12.954510 42.812346 7.312292 273.488745 46.834229 -72.223990
6.378807 13.182510 43.026171 8.047626 176.532940 39.730927 127.993433
6.370638 13.261274 42.686518 8.720505 139.546854 38.928732 51.298455
6.206420 13.230447 42.943729 9.383530 288.970800 53.099435 106.914744
6.639017 13.202966 42.887354 3.246764 167.983110 20.612388 56.832137
6.477676 13.394137 42.820373 14.753944 133.797067 35.446241 -63.442042
6.895051 12.820790 43.005712 17.329325 345.754989 21.976120 -47.929765
6.700150 13.067670 43.045578 12.614633 16.086035 47.316109 -123.545028
6.805317 13.167837 42.577223 7.074732 113.643154 69.466342 -165.209470
6.381578 13.005380 42.985030 9.680059 144.292039 58.635256 -76.806600
6.450764 13.049362 42.742255 18.231407 177.905774 76.800376 -46.782153
6.369106 13.106505 42.824734 18.863502 49.904520 36.936124 -73.416916
6.880815 13.507975 42.913116 10.183704 250.221713 35.310860 99.361953
6.410813 13.245381 43.003260 4.942216 161.099239 89.719371 -62.728661
6.412481 12.897268 42.787947 11.580936 148.511588 47.905000 -58.398857
6.903501 12.758271 42.671582 4.277815 338.144958 37.801845 -48.597294
6.456431 12.934895 42.810750 12.163435 337.287938 53.949859 -116.743697
6.980977 13.135442 43.070087 11.868939 145.603560 44.550513 -99.857917
6.582628 13.005205 42.998201 10.448897 142.468582 41.391025 -54.581388
6.759045 13.145630 42.680204 8.734168 174.660985 28.421615 91.803777
6.219412 13.275384 42.846412 3.820568 131.535663 44.370219 -139.631236
6.641624 13.078481 42.892650 12.601915 329.570007 54.445216 -97.720134
6.299964 13.026720 42.794377 19.656063 316.777005 58.701556 -120.736139
6.748621 13.180617 42.729948 13.032506 135.045096 54.855972 -54.195020
6.312162 13.055166 42.724469 6.018141 148.692573 43.979605 -126.039326
6.593148 13.192736 42.988844 12.279359 161.196457 31.224977 66.939652
6.644394 12.863416 42.821481 15.441675 152.938156 15.883107 103.077430
5.795955 13.144110 42.822254 7.970909 141.367738 69.325869 145.800655
6.564915 13.151385 43.051395 11.270871 160.589303 30.403328 69.009365
6.150867 13.111063 42.834892 12.712934 170.403689 53.221370 -57.834045
6.387532 13.003083 42.691293 15.605576 207.407543 51.821361 51.050133
6.563243 13.253047 42.932277 3.371289 170.223034 22.477573 103.545677
6.934085 13.208060 42.761651 17.251221 162.700059 25.528301 -70.982000
6.593330 13.209222 42.889311 7.670456 85.595973 20.503669 -20.503394
6.380698 13.330969 42.846730 16.857508 253.896545 11.866346 -26.885417
5.756679 13.104903 42.849812 10.546444 94.242703 61.755306 -4.221018
6.541717 13.169913 42.925156 8.883949 172.302828 27.097102 55.444797
6.838677 13.300950 43.098472 16.522391 141.523400 37.182627 63.484398
6.788476 12.871028 42.868252 6.677873 149.038043 47.659349 -55.293533
6.299366 13.284495 42.899687 13.484404 258.712768 46.434246 73.700711
6.595402 13.303334 43.032049 4.374171 165.381944 20.273951 120.566997
6.428048 13.033182 43.051702 12.962316 330.901574 41.561889 -58.968804
6.445573 13.149457 42.734030 9.240472 139.995925 51.234037 -61.850656
6.571456 13.486563 42.843871 13.862676 152.383698 81.490242 117.948697
6.499342 13.095279 43.045843 11.024911 136.530328 56.449393 -86.742641
6.424807 13.195228 43.029251 5.293025 357.884035 59.893279 -63.308715
6.281251 13.010434 42.878174 14.071022 166.645669 27.211146 -113.980588
6.083833 13.238704 42.780291 11.948325 104.642790 13.394414 80.930926
6.462648 13.068194 42.784492 10.169636 352.342523 76.502089 -64.452115
6.611934 13.267278 43.061749 13.665106 164.801457 38.531647 125.046651
6.002088 13.148560 42.934417 21.641767 137.078169 39.077786 57.861115
6.542710 13.186667 42.760735 8.507293 56.756503 26.247175 -91.041175
6.218014 13.240866 42.824884 14.801053 156.231931 50.593610 -71.751277
6.485449 13.138470 42.785921 13.946398 175.481472 27.137880 53.405305
6.529371 13.042096 42.742162 3.621512 355.973490 48.949265 -111.413964
5.697003 13.189226 42.764750 11.441071 149.301137 31.421005 62.723968
6.395484 13.009085 42.911829 9.409255 162.894187 59.897546 -92.056936
6.547703 13.076739 42.880745 10.281149 163.899681 44.389373 -116.131767
7.094673 13.016051 42.367556 12.032109 154.352524 44.995899 50.036158
6.178657 12.950263 42.805201 6.550175 358.915067 38.067834 -45.652455
6.344881 13.136423 42.833974 3.290550 126.500028 23.482431 -37.120057
6.937530 13.042534 42.711912 24.630532 183.673307 46.449261 81.674362
6.863383 13.269707 42.887257 9.063930 253.565447 21.224268 107.263646
6.222629 13.123560 42.885114 5.396408 139.382882 56.105118 -99.364840
6.617667 12.975644 42.976646 17.598559 305.229641 11.803462 -109.794479
6.316171 13.101277 42.834491 10.710993 63.644176 26.815965 90.235334
6.307688 13.156878 42.776811 7.379858 101.248776 55.351652 -134.751607
6.336972 13.141465 42.881136 14.991909 141.807337 30.231915 107.631177
6.585912 13.128945 42.656896 6.716415 260.897708 53.601694 -92.342166
6.389560 13.050372 42.978290 15.144943 149.958738 42.436783 -60.191197
6.690517 13.135884 42.930780 5.285355 179.203701 31.726471 49.140068
7.097855 13.040733 43.077450 13.272448 168.307899 55.772570 -114.523628
6.324178 13.181148 42.736830 15.090124 165.938982 32.828138 46.392751
6.759175 13.163926 42.728956 5.420557 103.336872 74.767787 -146.664720
6.550543 13.106511 42.688680 15.875800 136.261039 43.207313 -113.282127
6.503284 12.977607 42.898275 8.317573 148.821464 29.817686 109.406666
6.495148 13.093544 42.826259 4.290156 92.967187 76.716068 -28.438295
6.447052 12.934322 42.798339 18.760476 47.779560 19.966426 108.558670
6.684337 13.208223 43.001832 15.191748 262.520729 72.338556 18.197739
6.892096 13.213013 42.887114 7.092867 152.545668 51.186283 -116.075720
6.753990 13.312889 42.743534 5.020329 72.977310 52.545247 -121.779930
6.348510 13.254206 43.013761 6.876571 135.220907 26.478347 106.744245
5.912459 13.037904 42.998624 8.355854 178.244966 43.481770 -62.327686
6.729165 12.867045 42.618752 5.091709 105.526075 67.591221 171.431564
6.430961 13.132598 42.778809 14.246889 146.547369 21.446219 93.815383
6.468732 13.271314 42.713688 5.358679 147.953662 37.823905 55.874266
6.887931 13.168434 42.569411 6.707211 168.925866 57.947337 -103.375038
6.421885 13.153794 42.865617 7.125854 288.388983 21.409372 -54.394978
6.718864 13.244315 42.576879 8.378734 153.868778 44.888865 -127.883854
6.676647 13.389227 42.581728 3.561336 169.746075 33.667266 62.260552
6.402751 13.276152 42.874055 8.344934 136.828574 28.282337 41.207124
6.488477 13.313925 42.785934 10.741486 250.939064 35.333634 -171.920362
6.801225 13.150525 42.588427 9.198526 177.215054 44.714186 -76.142549
6.203501 13.060293 42.757198 5.060190 296.695079 28.877662 -50.563958
6.634442 13.199747 42.838799 5.051963 327.334313 49.086172 -54.856057
6.967468 13.303549 43.067176 11.806947 81.134759 85.914443 -131.675336
6.546619 12.929409 42.906424 7.418141 156.861391 72.020206 -96.992445
6.352123 13.121611 42.990632 5.276591 68.021301 83.833365 -137.739055
6.964869 12.970551 42.933730 24.962927 324.050921 46.892589 50.578819
6.755363 13.170184 42.783384 6.164414 322.258284 78.775826 -58.450574
5.916167 13.012124 42.828228 5.363062 162.698545 44.224043 -102.788571
6.561163 13.071117 42.894247 16.206740 278.802749 35.249947 -130.720359
6.117894 13.177854 42.724251 12.066856 178.122107 43.925521 -134.744654
6.661453 12.887510 43.298157 16.197832 249.534362 20.350678 91.048582
6.355962 13.148213 42.773784 12.421428 241.720471 26.622171 -148.135576
6.362873 13.046932 42.808990 10.586401 160.897136 81.000672 -160.280664
6.734345 13.478926 42.578921 12.025223 336.243583 49.349778 -63.631961
6.276770 13.295666 42.919135 11.751159 235.735607 40.037255 57.698500
6.115147 13.058305 42.797712 10.547975 177.825284 54.533799 -130.205085
6.266052 13.072451 42.968692 14.301590 265.575413 66.645414 23.084886
6.037265 13.141696 42.755930 12.658445 141.374765 21.031102 -55.888354
6.249892 12.986577 42.914365 13.624602 140.545168 29.667996 47.957720
6.509465 13.101262 42.952767 12.174851 302.186101 48.751788 -77.330146
6.739827 13.105734 42.880083 22.501850 169.063527 50.696674 -130.794643
6.768685 13.095484 42.804168 9.721403 314.321856 18.901608 108.734574
6.690017 13.276101 42.677226 19.057661 156.777709 56.633562 -63.914709
6.912401 12.904634 42.722316 21.095414 288.138379 44.870500 169.630062
6.775792 13.155164 42.896638 10.853605 139.478922 53.499630 -55.572359
6.046584 13.180036 42.766299 13.270729 156.844458 36.013364 130.857443
6.638625 12.848653 42.901246 13.795362 142.793478 40.169109 -114.665242
6.811869 13.188876 42.608629 11.654442 179.173858 41.717944 -82.814787
6.922286 12.943789 42.661973 17.342400 148.125582 43.181838 -64.972108
6.414292 12.985006 42.741797 4.134626 329.814820 48.706146 -91.803916
6.651742 13.105538 42.589583 16.027487 289.007681 29.939842 160.796897
6.494928 13.000183 42.892912 15.884909 20.773077 40.163112 75.784573
6.800468 13.311931 42.485021 13.987619 157.887855 42.643001 -111.620420
6.509495 13.220837 42.707418 5.104705 176.220742 37.647194 55.021237
6.841489 13.303516 42.966177 18.354066 166.560523 30.211491 61.761121
6.288700 13.046915 42.842752 14.785494 292.888481 49.243020 -123.531201
6.858250 12.516494 42.885922 7.487379 320.005211 37.080195 -102.855276
6.526699 13.271463 42.568723 9.703689 156.494362 45.485522 -111.932770
6.049970 13.139954 42.801863 15.838406 44.323764 54.647177 -80.388427
6.032916 13.080118 42.723054 7.780605 328.711521 22.330026 -122.820299
6.455152 13.347501 42.810419 16.525597 348.928571 40.615425 -123.308593
6.132953 13.042992 42.792123 13.357118 315.029524 53.724721 -123.171376
6.033739 13.126226 42.851531 14.382358 263.728432 55.257941 82.591084
6.502621 13.194422 42.754896 16.311434 304.134231 40.029509 -74.797047
6.345901 13.381581 42.852188 14.775884 351.655009 28.975742 -114.351724
6.607073 13.195129 42.861253 12.199355 146.071602 79.573970 -79.410883
6.186241 13.210533 42.955562 7.903459 179.492234 37.120266 79.796802
6.059555 13.187987 42.826371 10.265684 170.939946 28.024316 -71.524216
6.654853 12.928729 42.811424 14.653693 333.687838 33.931461 -109.118431
6.229684 13.024569 42.870130 5.909175 94.571337 53.208188 -121.531448
6.123161 13.153823 42.823940 6.968578 69.850254 21.459382 -1.952137
5.600294 13.073916 42.815051 10.326035 230.695309 31.389333 47.598568
6.292545 13.156036 42.745857 16.595603 158.195497 31.506353 56.035900
6.613698 13.312717 42.761343 5.815522 152.651170 39.893590 131.039554
6.399368 13.214474 42.727557 5.604012 151.733250 42.413579 -50.989330
6.079851 12.947602 42.846553 10.134145 150.162070 46.928123 -56.323883
6.753205 12.761718 43.024230 5.121881 164.402838 30.238153 -151.874849
6.719089 13.279326 42.856113 18.186351 158.305725 34.926241 97.744339
6.797912 13.236301 42.855894 14.203380 283.012863 47.170738 -98.386858
6.606319 13.223175 42.647776 18.622653 178.837311 55.621029 -85.523190
6.690695 13.236545 43.084798 9.415929 305.926509 24.803146 74.847371
6.326623 12.904886 42.848266 6.937319 117.097932 57.361902 -80.679584
6.332327 13.067043 43.034176 5.748357 127.167087 76.633362 -59.340491
6.497604 13.219621 42.772972 11.521962 354.094819 25.702457 -75.554806
6.233190 13.175277 42.943737 8.452314 165.954226 21.174606 56.594182
5.750906 13.141835 42.810675 12.554845 179.943726 26.311416 110.921179
6.208225 13.135850 42.828088 10.375408 152.769200 38.021880 76.880737
6.628266 13.029147 42.727841 8.816886 93.892011 84.794685 154.618680
6.322787 12.917545 42.786076 9.394511 136.132389 48.831657 -133.945293
6.129757 13.210273 42.715613 8.494543 154.377750 36.856591 126.837566
6.056413 13.180341 42.906228 15.554206 154.177693 25.101196 110.274126
5.698947 13.123168 42.757527 13.055419 173.225437 23.704378 89.340197
6.521573 12.709903 42.745076 7.950739 191.116549 47.112671 18.071101
6.242092 13.293732 42.775735 8.903501 19.298789 38.585836 -125.932632
7.042058 12.807433 43.013548 23.076478 340.151630 47.162977 -93.603644
6.638312 13.191080 42.855242 4.732300 131.384637 41.456343 -65.362964
6.023027 12.941947 42.796575 11.835735 52.916338 34.770837 -75.346308
6.751918 13.100258 42.880262 7.054238 170.781103 52.577794 -102.403539
6.448808 13.053227 42.775015 13.649581 190.116208 54.038427 -83.703669
7.008225 13.265718 42.946149 28.029888 208.517953 43.725704 53.764832
6.086735 13.110741 42.744569 6.682033 73.419275 89.261728 -21.486192
6.484137 13.106352 42.832216 15.501235 337.749806 55.772985 28.018243
6.165180 13.126634 42.903720 17.409873 30.961700 85.288661 139.681796
6.721035 12.981685 42.899745 10.328603 141.722021 43.715431 -82.790743
6.479720 13.001345 42.793557 3.999754 318.490045 25.106533 -111.121054
6.652794 13.395375 42.979269 16.809507 135.420923 30.345192 69.095145
6.147442 13.184027 42.761289 14.045746 148.529445 26.468055 54.510907
6.524422 13.160002 42.578332 17.044891 345.820501 54.299911 100.301188
6.388555 13.179891 42.797625 11.352654 284.359713 70.573272 -43.966771
6.195313 13.147830 42.860939 15.950710 267.075721 27.017469 -70.619866
5.954464 13.113434 42.855955 9.372641 272.262631 68.849170 -94.489989
6.427220 13.132850 43.005147 8.188747 165.113829 33.449476 55.010196
6.777241 13.065562 42.909500 6.592106 148.070470 78.902321 -30.065961
6.337021 12.999715 42.711582 13.652369 115.614899 60.077799 -165.139256
6.416017 13.068101 42.899564 7.869766 64.372382 21.823973 79.605563
6.217721 13.174037 42.890449 18.135649 156.786294 21.019602 81.562283
6.304007 13.025760 42.718425 13.096957 171.546646 57.596270 -120.544492
6.656130 13.380120 42.960058 18.191050 176.075968 79.242610 -45.555474
6.933816 13.249625 42.783630 8.789633 298.099567 59.470811 -91.614095
6.628990 12.987448 42.730466 13.299473 162.380931 49.816045 -94.259306
7.392974 12.890970 42.338653 22.949219 112.233511 47.413383 -123.010485
6.799978 12.889093 42.939163 17.693710 138.155673 31.111170 134.672678
6.728386 12.938501 42.869736 8.453632 146.009344 51.780441 -95.583289
6.715343 13.137003 42.994585 14.001057 161.216186 47.374176 -88.290559
6.401459 13.192739 42.651843 13.819933 177.324615 55.873701 -79.221738
6.282551 13.140038 42.698647 15.050463 158.387179 50.088543 -55.184995
6.466343 13.013178 43.095392 17.360500 137.915485 47.548734 -103.974283
6.870655 13.397754 42.567982 11.368284 90.209504 75.065180 152.464671
6.186954 13.144700 42.756315 2.434961 144.220841 31.688984 51.694842
6.675752 13.191120 42.586670 5.276515 98.341752 53.289095 -54.959427
6.432170 12.975182 42.797775 6.186698 179.398714 35.885425 -140.313153
6.155960 13.064193 42.977854 11.119809 288.688370 54.331744 -46.615799
5.512197 13.144717 42.865018 9.978284 177.334409 39.965524 95.881388
6.833975 13.064273 42.604876 3.684165 356.275121 20.360950 -63.995641
6.410770 13.136447 42.841208 4.515769 155.477090 33.178895 83.712670
6.544265 13.197501 42.651775 13.755909 116.087699 89.206497 171.799987
6.358463 13.324007 42.988149 5.234149 163.810805 23.265988 101.850753
6.373679 12.930789 42.939079 3.903217 150.066597 87.600819 84.021655
6.381147 13.204243 42.835257 10.437499 146.251379 23.332993 66.143865
6.193632 12.920096 42.810180 4.886934 352.071354 20.470810 -69.103581
6.564741 13.022839 42.860757 8.875313 330.773821 36.213577 -77.857321
6.082584 13.151136 42.712237 5.143631 142.918546 25.030925 55.215254
6.598473 12.719738 42.682483 17.148393 315.851454 21.357779 -81.826081
7.069323 13.674409 42.646819 11.458690 112.611831 68.054993 -150.559964
6.909831 13.342460 42.733792 13.811098 160.597553 35.207659 66.994181
6.676919 12.929807 43.123527 5.200987 155.057143 39.784887 85.770039
6.784216 13.267150 42.871131 7.230936 144.873653 36.067993 85.156372
6.693382 13.079821 43.089816 11.241099 155.156448 45.175899 -126.382758
6.395875 13.192837 42.797148 13.481776 161.577098 41.343221 -68.809388
5.857341 13.254859 42.779707 10.575664 60.099465 41.159383 57.498046
6.512072 12.902451 42.769938 10.048208 275.171980 13.742805 -11.252228
6.471867 13.185199 42.688837 6.000412 173.576790 35.616840 86.540813
6.400034 13.094480 42.860383 17.073052 359.842142 54.297088 -111.858899
5.551119 13.095112 42.803592 10.787912 143.624716 47.419292 -106.946597
7.520667 12.557483 42.689079 26.335603 157.459082 87.597896 -167.847030
7.015535 13.141068 43.045953 19.650999 170.832802 20.569534 79.404585
6.595889 13.154871 42.901442 3.921019 22.326413 51.108799 128.229182
7.170999 13.445349 42.314354 7.255323 101.161763 59.278993 -87.783519
6.335798 13.246771 42.750269 11.215228 149.194525 28.582938 -104.599493
6.305543 13.102649 42.867192 3.626465 330.467544 24.784881 -132.110104
6.815977 13.297638 42.794257 8.610821 212.395365 55.922015 90.813861
5.878644 13.130855 42.741597 9.355169 278.524983 44.937156 -104.851519
5.976577 13.044213 42.822607 16.928690 141.520378 58.434090 -62.458637
6.632083 12.865815 42.806661 6.519401 285.053599 73.441326 -64.259103
6.771077 13.212154 42.888957 12.303424 124.367885 71.363059 -65.304502
6.254672 13.249732 42.729024 9.946866 172.958092 58.801542 -69.296146
6.114753 13.169425 42.820857 14.429782 281.964993 13.170043 7.998543
6.663002 13.176379 42.769623 11.409820 26.402941 25.742697 80.510236
6.045954 13.113740 42.863065 5.607913 175.443081 32.781593 92.145331
6.871413 13.319868 42.907584 15.194142 148.822064 38.008034 122.989573
6.744486 13.021730 43.115887 7.830314 157.631587 32.462361 99.013089
6.494270 13.187041 42.848915 9.288208 331.265291 45.127575 -46.736922
6.398058 13.031101 42.750079 10.333004 136.269891 42.370044 -111.570332
6.757516 13.414532 43.306990 12.588547 148.976637 55.009392 73.886484
5.863411 13.080950 42.798156 11.867209 157.710150 57.613832 -48.638886
6.638395 13.311964 42.789199 15.616634 107.070422 86.740791 145.404555
6.550096 12.912266 42.859090 24.109259 348.257887 27.043979 -123.482451
6.599157 13.162009 42.729663 7.484499 139.661927 20.716576 46.720308
6.474793 13.168014 42.635519 9.876036 143.484086 86.956955 -5.958046
6.411163 13.110613 43.095392 13.686540 137.361625 53.096271 -123.558899
6.498098 12.978031 42.776651 8.692119 332.461655 27.429606 -92.846003
6.379182 13.190861 42.822235 13.756716 103.070432 41.308495 -92.531178
5.649121 12.998424 42.802646 11.910564 194.176814 45.042738 48.914741
6.493982 12.899237 42.793896 11.530572 283.157559 39.114529 -82.210864
6.131649 13.111202 42.725792 13.082736 172.226719 41.945180 -108.514801
7.107595 12.759726 42.808342 15.967313 353.050428 25.184264 -98.240292
6.325107 13.111620 43.100824 16.490676 157.064230 41.927669 -47.196782
7.088371 13.839372 43.087857 11.322557 91.289496 87.252779 -22.904813
6.540936 12.962568 42.738976 19.038327 158.828977 52.558395 -111.343793
6.370383 13.255607 42.855573 12.592265 185.573526 73.148254 -79.723140
6.455455 13.231093 42.744210 7.609606 237.775996 23.614893 100.803457
6.372243 13.260607 42.737167 9.227300 347.861330 40.057288 -58.065777
6.369120 13.164452 42.904876 11.369587 172.869939 31.485567 76.546352
6.444447 13.253215 42.735460 22.889292 173.658124 46.015366 -59.836582
6.396062 13.245597 42.695307 4.264786 144.524103 87.399916 20.822532
6.227958 13.076258 42.670585 14.561321 328.515844 35.931513 -71.708162
6.423225 12.985200 42.840103 5.366326 240.548910 23.786691 -54.154629
6.589393 12.916362 42.750024 12.068856 236.597927 29.078655 45.482378
6.369187 13.135372 42.860285 15.334629 138.016809 25.623251 63.403247
7.001183 13.172091 42.364777 10.855716 108.303811 55.685317 -91.597975
6.111335 13.198527 42.877826 7.973395 10.645860 80.892044 162.466983
6.938172 13.198509 42.987171 3.745483 141.093736 26.348307 97.301773
6.375590 13.042221 42.991270 11.812453 47.200888 51.835063 104.041304
6.573734 13.214655 42.749517 14.553386 154.390388 27.679431 56.284810
6.570567 13.314430 43.147110 16.572377 170.738694 49.304613 83.531715
6.819847 13.174655 42.840285 18.758557 159.684711 30.595123 120.982910
7.117688 13.151341 42.815401 16.759594 177.794300 28.632077 92.225687
7.034388 13.056736 42.587045 11.717396 323.703048 28.976337 -112.460286
6.771433 12.835774 42.606432 18.877423 312.764116 30.167187 -113.970552
6.456476 12.945803 42.825705 9.793756 142.675610 43.060138 -66.768411
6.273434 12.932787 42.844653 8.754285 137.696656 45.678688 -88.509285
6.917956 13.144186 42.980327 17.088609 150.668056 44.751645 -82.380473
6.536084 12.786520 42.941193 2.467763 160.887984 24.770187 -89.831424
6.394934 13.039677 42.836567 12.574218 156.404298 51.269681 -89.143990
5.837383 13.122437 42.865751 18.846689 156.380918 80.656571 -96.814150
6.577611 13.383585 42.753164 10.244080 164.758851 48.710251 -68.363405
6.423960 13.161409 42.767867 10.041106 151.874446 25.902858 -122.332666
7.054739 13.286251 42.856484 12.926946 102.753384 56.122414 -112.523219
6.466356 13.195523 42.932924 12.980507 101.872490 24.284940 -47.838004
6.408640 13.174621 42.668038 11.541842 95.357589 82.911949 -105.281195
6.570515 13.271173 42.994863 6.341060 336.235278 34.865487 113.347313
6.035483 13.094464 42.771767 15.967038 159.615813 58.038614 -107.416035
6.721358 13.086840 42.969424 7.282361 316.123345 44.560957 -84.325188
6.071898 12.951557 42.673802 13.265932 335.153688 24.324740 -99.925414
6.811190 13.240761 42.704448 15.620571 335.412045 48.515479 -17.657967
7.057661 12.632078 42.909951 5.550216 318.365832 26.633862 -50.537968
6.351426 13.129164 42.967946 14.280411 144.475541 57.498164 -55.300633
6.053484 13.163169 42.838566 6.273482 143.865242 40.784948 -66.244731
6.597212 12.885156 42.865169 5.059297 142.187546 43.830358 -83.140897
6.590911 12.908152 42.791722 8.744667 161.870695 40.074191 -133.420398
6.998056 13.140634 42.332841 19.522709 120.031448 56.827136 -116.872538
6.374457 13.026755 42.921828 14.544361 234.242259 52.214392 127.773062
6.757078 13.052323 42.855776 22.699251 340.374704 58.372910 92.291140
6.492673 12.949296 42.890428 15.298547 219.467626 14.641651 85.865834
6.028667 13.004580 42.902993 12.168108 162.875687 36.440863 132.888971
6.148188 13.036512 42.963782 14.034355 294.519565 40.155132 -90.848157
6.498390 13.029253 42.882146 7.355056 129.087593 58.055335 -133.785651
6.650117 13.137900 43.016313 11.124429 170.695412 28.783663 92.868486
6.691482 13.327230 42.947903 12.540912 53.419104 72.638937 8.599955
6.673009 12.923346 43.075023 9.854268 278.273646 44.007357 92.820734
6.353311 13.156493 42.909895 4.199951 252.475513 47.225752 -96.919648
6.424046 13.242472 42.746238 5.132727 139.312319 34.516721 115.066752
6.864028 12.828864 42.504812 4.207830 321.826997 38.883234 -94.364375
6.556815 12.802304 42.719633 13.781186 26.642183 80.770382 32.543589
6.364624 13.158482 42.792631 12.009528 156.147147 23.264633 74.943854
6.019739 13.033112 42.676112 5.464611 325.735203 37.370649 -74.127737
6.098550 13.219398 42.820237 8.533785 161.491620 25.785996 86.496491
6.874379 13.354488 42.756104 11.714368 29.037210 34.531162 -64.551075
7.082446 12.773412 43.075372 4.446083 332.974392 31.629398 -103.844038
6.661436 13.318813 42.653825 11.467004 174.916444 41.529127 -86.384657
6.536034 13.227579 42.796328 20.066759 174.160731 38.101221 131.531757
6.742180 12.804737 43.042248 10.757097 327.693916 24.826205 -130.310399
6.928931 13.128813 42.452275 12.958332 178.509780 52.949835 -83.367102
6.922247 13.171670 42.935537 22.938858 162.171886 39.432719 72.588930
6.231290 13.033845 42.960079 10.403601 142.626488 40.962613 -101.847614
6.158528 13.168977 42.825811 6.880837 317.251100 42.088191 -103.973105
7.062965 12.837482 42.324164 23.527287 172.343829 37.959169 -118.769606
6.725660 13.481053 43.044289 10.592878 141.302968 80.904864 -136.187818
5.912481 13.131901 42.847597 11.036527 99.595544 84.536744 25.129961
6.001540 13.199952 42.804874 4.380577 84.749522 52.236162 123.174351
6.366907 13.146565 42.838477 5.986444 201.459466 71.627166 -159.405285
5.769390 13.075649 42.794348 8.292850 240.944505 56.189924 45.598776
6.648227 12.866433 42.767683 6.927571 34.314368 88.284556 154.391814
6.444399 13.107650 42.958555 7.984840 166.523907 48.837481 66.326842
6.841473 13.277504 42.870247 4.919986 322.517784 51.931716 -96.151041
6.431077 12.993976 42.916842 14.544932 49.497017 12.400323 89.470037
6.998984 13.362319 42.671128 5.735646 133.814187 52.499908 -88.667064
6.302958 13.201455 42.790242 9.580124 336.088576 46.802877 -81.856586
6.866012 13.155242 42.812083 8.308378 177.787986 25.653874 103.633273
6.418594 13.083380 42.748591 13.398039 135.940494 52.781961 -104.863889
6.224179 13.079676 42.852038 13.677844 336.363811 26.731757 -99.043453
6.906696 12.751788 43.027460 15.849322 98.739141 57.170610 -49.570881
5.971490 13.095650 42.810751 14.110367 354.269036 38.977461 -113.813383
6.190667 13.148448 42.719992 9.246444 287.348250 37.794073 -71.380574
6.499909 13.334315 43.114760 12.406520 212.222263 40.027582 -124.319443
6.745677 13.062939 42.807792 8.112977 345.786351 31.441952 -67.448167
6.114192 13.111520 42.834853 7.450209 172.029192 51.277146 -81.172001
6.391824 13.029915 42.782073 3.784909 142.824902 49.387499 -97.749192
6.961773 13.141380 42.771832 9.396399 166.140182 24.045608 -107.158645
6.664871 12.871158 42.906625 18.790898 99.947533 84.130339 -148.060837
6.944428 12.734784 43.034554 5.455151 351.934363 21.868297 -128.406675
6.086938 13.115640 42.805262 5.826356 154.376828 24.722654 -96.243935
6.812869 13.062438 42.821012 9.781814 344.235246 23.682108 -107.906430
6.694806 12.899104 42.916539 9.281156 137.926678 32.985257 47.843857
6.454524 13.241000 42.975620 16.217095 221.161862 72.406130 -57.656009
6.629230 13.041444 42.549786 10.347368 33.690130 22.450886 60.423702
6.918702 13.118396 42.695664 9.800115 176.739292 71.968000 -134.099309
6.440969 13.099990 42.893541 7.899082 179.298595 45.756666 -74.316680
6.907169 12.937826 43.109366 17.289782 178.611040 47.553422 -134.703584
6.869443 13.208768 42.999173 8.011408 321.186932 52.875047 -11.018946
6.033241 13.092590 42.907943 14.857585 85.414405 21.571520 126.052735
6.848422 13.309245 42.834924 12.608302 71.998834 37.213858 15.828912
6.173334 13.089050 42.733866 15.160242 316.913355 25.487987 -91.170256
7.108613 13.683338 42.256357 7.924259 30.025085 44.401891 116.006768
6.225560 13.090567 42.710978 7.440064 29.899707 28.495490 -139.172062
6.182042 13.063930 42.784799 7.968232 155.346555 84.428609 -27.375442
6.667248 13.084315 42.852108 19.792104 86.006151 29.004475 117.124609
6.237889 12.874664 42.797689 13.859809 317.699893 26.971823 -133.869631
6.328141 13.294627 43.005084 7.342377 148.365139 38.373651 98.354921
6.918288 12.747747 42.776131 10.624131 356.484960 26.053219 -68.306743
6.725679 13.373396 42.652266 8.046354 167.764163 35.274054 76.759771
6.570870 13.055594 42.872342 16.876172 171.718439 41.428321 -130.247386
6.611781 13.074411 42.763712 8.108958 346.050457 49.055247 -101.364027
6.719628 13.260517 42.741736 7.917656 169.795874 26.844966 103.759444
6.581961 13.067162 42.948197 8.899874 148.314595 25.414202 92.866079
6.107915 13.129197 42.875160 13.593921 165.248077 57.191715 -94.179749
6.493998 13.127286 42.713724 7.110541 117.529456 47.148952 131.523077
6.572628 13.257281 42.736191 9.493858 146.941583 35.048209 79.969510
6.595547 13.057971 42.555090 6.275623 352.626719 37.547126 -49.828968
6.841214 13.097647 42.713618 10.926866 146.558466 53.265144 -104.088951
6.755860 13.206420 42.802441 5.580251 156.583808 44.606953 -123.406602
6.804020 12.787737 42.582393 22.062625 320.546287 32.113869 -81.030910
6.092140 13.017624 42.763859 4.655764 276.050772 20.324238 87.889067
6.742291 13.035249 42.655807 5.847630 141.841486 56.677268 -46.262848
6.937163 12.765444 42.777803 6.425737 283.313288 44.885050 -84.005382
6.408989 13.021625 42.934704 14.276514 155.746700 43.975432 -88.805267
6.523707 12.786713 42.824059 23.522459 347.166584 36.139172 -105.256444
6.965082 12.833409 43.119524 5.658086 313.404982 28.138829 50.905676
7.030323 12.471231 43.404528 11.436396 216.986980 44.633412 55.939547
6.593543 13.155721 42.648281 17.068706 172.658957 56.155667 -86.300051
6.225740 12.810123 42.810792 11.785685 327.334453 28.643191 -130.997855
7.040387 12.784819 42.536304 10.026902 173.689461 38.179404 -59.832886
6.401858 13.084113 42.786645 17.459494 159.207734 40.088866 -109.412126
6.404513 13.145846 42.733040 6.878539 163.664324 34.682178 117.937107
6.811563 13.559301 42.686295 8.394906 147.882410 35.749394 56.817985
6.008015 13.112728 42.669246 15.238085 146.843869 48.222125 -97.682660
6.453680 13.376300 42.673421 4.698207 113.086919 44.463760 140.182964
6.303905 12.964686 42.922902 7.222529 250.535126 25.606666 -142.781592
6.537158 13.081509 42.706912 9.574461 327.724098 22.871822 -92.960389
6.356027 13.090595 42.845209 8.660607 330.022286 30.442785 -101.977514
6.568736 13.134319 42.579545 5.933470 111.452461 52.100457 -58.177983
6.151236 13.156146 42.873800 7.281387 141.447949 48.684217 -112.605796
6.398433 12.904869 42.881465 8.010297 359.826999 22.711990 -68.965402
6.567547 13.144698 42.795290 21.205555 127.308159 48.050799 -85.271386
6.717252 13.332217 43.034372 17.564486 154.159242 37.186329 108.086089
6.436134 13.004232 42.839389 8.926662 103.784543 50.717099 -113.676126
6.784789 13.264794 42.787938 8.156742 176.606088 45.500605 -81.931359
6.097181 12.896019 42.948878 9.439148 347.927085 50.501539 -51.328567
6.607423 13.386566 42.759970 11.167823 162.323632 27.956488 103.136229
6.302516 13.153749 43.042500 9.480281 172.847493 22.911293 55.759131
6.238090 12.912077 42.820550 4.751674 341.906787 22.228499 -69.598650
5.835871 13.116248 42.769758 9.535278 92.558425 35.923985 132.806249
6.426775 13.225165 42.665094 10.995528 166.314073 47.575544 -68.675589
6.197823 13.176263 42.985786 10.366707 125.134647 37.395911 -113.799384
6.830115 13.095279 42.882039 15.219949 168.038044 55.469895 -48.563463
6.172559 13.130895 42.887897 2.267960 149.154785 16.342136 -33.234787
6.628850 13.289850 42.831264 9.603123 326.670840 42.466886 -121.513553
6.317227 13.091321 42.804986 10.571791 242.322409 56.497913 -127.247254
6.744713 12.801293 42.700750 9.199138 172.775726 47.696258 -106.881922
6.571959 13.237042 43.013181 5.536647 155.406890 80.675597 160.115236
6.150496 12.945108 42.810656 15.982572 99.549276 33.876965 -97.596954
6.450336 13.341302 42.800476 3.813576 178.594469 61.203241 40.995428
6.635114 13.492767 42.726098 18.617792 170.307026 38.018256 102.198174
6.396897 13.101032 42.815489 14.087118 124.316642 59.807111 -114.067389
6.262674 13.244443 42.708970 13.805121 276.993698 27.899314 -91.421094
6.235491 12.890101 42.916069 9.550443 151.770084 56.741677 -45.399611
7.009528 13.389285 43.080352 11.536256 165.519486 27.343847 60.151357
6.485484 12.966774 42.934094 20.944350 91.227360 38.648659 -74.069102
6.244316 13.145427 42.837916 9.369968 159.708657 54.394836 -63.649848
6.817170 13.306516 43.164257 11.803957 170.449864 34.604502 73.030933
6.740183 13.298466 42.801278 9.450711 153.920407 62.815775 -46.169368
6.552386 13.208657 42.832320 6.896394 166.136388 59.560948 -76.437099
6.601455 13.124200 42.807793 9.619689 10.376984 34.074575 83.229462
6.190374 13.242490 42.887625 8.262451 175.690124 25.554890 76.515642
6.438458 13.217364 42.864580 3.422137 239.904627 45.782154 74.454452
6.791150 13.385740 42.810405 9.257430 153.810530 25.087075 67.458465
6.537574 13.041943 42.941846 4.562827 174.483158 37.613938 45.272475
6.473582 13.179452 42.682020 5.926976 253.693826 66.766843 -90.216627
6.343391 12.783263 42.733740 10.968543 328.465096 38.753364 -106.407820
6.080008 13.120133 42.889108 11.259230 273.948974 44.539533 -60.873107
6.716376 12.796539 42.832732 10.764293 342.921036 35.519418 -124.574041
6.923220 12.842143 42.424487 9.542306 114.559257 48.775703 -102.246687
6.470178 13.158876 42.748302 10.994080 170.836237 57.525061 -70.605180
6.138960 13.123139 43.010603 10.785077 156.229645 39.305689 116.208020
6.223304 12.926006 42.792670 10.676290 168.360334 53.062238 -95.014033
6.172324 13.027497 42.668359 14.443817 343.250251 27.767328 -82.998433
6.454456 13.278356 42.983847 8.002154 310.162650 79.034496 47.484182
6.526461 13.198518 42.638082 21.519256 299.827071 33.958424 -60.215464
7.009025 13.066723 43.129060 13.696415 166.581039 37.846556 50.000060
6.835523 12.993874 42.944528 11.199247 258.281211 49.124215 -117.835055
6.314782 13.215054 42.797929 11.512780 328.130475 71.002433 -129.746869
6.827297 12.974209 42.759970 17.749074 164.759996 79.814376 -134.510647
6.282613 13.077351 42.926418 4.136916 160.868211 20.155168 134.200946
6.459211 12.622765 42.797048 12.594480 355.132222 53.056536 -71.866199
5.933642 13.194218 42.818573 12.391350 162.567473 28.506181 106.837491
6.496867 13.083290 42.644180 14.185757 139.476091 44.369188 -63.147703
6.505100 12.944848 42.861464 9.859436 356.390107 53.008328 63.950996
6.457348 12.936268 42.749199 12.772963 146.731788 44.100866 -70.190727
6.478028 13.134052 42.674238 10.827136 175.457902 30.488625 86.577869
7.328166 12.871615 42.977625 11.052511 168.535101 25.737306 75.234426
6.227568 13.006028 42.992778 4.257261 331.242606 50.411083 -66.176041
6.223955 13.230230 42.875096 7.043459 135.100847 29.983981 51.752561
6.324475 13.024456 42.787056 6.668805 357.119888 47.194093 -82.099769
5.847307 13.138192 42.784431 11.320878 205.652871 58.276615 -119.572914
6.610305 13.361011 42.823792 21.240966 166.645790 26.102901 59.768202
6.580701 13.286274 42.701240 7.535965 33.537521 41.594307 -116.511258
6.172697 13.071662 42.737579 10.421129 177.385312 46.284573 -66.496083
6.569301 13.381479 42.767621 4.707432 206.076652 78.559465 147.587533
6.533293 13.012888 42.611214 13.091679 283.267878 54.835152 93.461674
6.742391 13.238344 42.882258 9.036445 143.807066 42.514443 -90.945143
6.435343 13.216992 42.782774 8.879618 154.971412 30.580081 102.423195
6.349001 13.004467 42.865865 4.822263 326.902641 24.760143 -80.068487
6.497368 12.990951 42.961596 4.029604 108.742964 64.720300 -115.670808
6.204475 12.941903 42.798808 6.826613 148.206178 42.402830 -108.827650
6.104534 13.047039 42.783992 10.296773 172.227677 54.844222 -63.555056
6.133313 13.040385 42.940463 11.199826 36.334666 50.828813 -91.941709
6.477173 12.880510 42.776839 13.174937 154.757060 47.908824 -79.905186
6.318081 13.397419 42.654938 16.338711 105.352178 59.480097 -72.632799
6.612283 13.015437 42.958392 11.238412 162.948561 52.045407 -109.753011
6.575829 13.007014 42.622804 7.310720 332.411035 21.595505 -72.873798
6.639689 13.151392 42.911696 11.644775 175.373720 34.831440 116.987316
6.335956 13.188753 42.927903 4.704697 40.478418 48.173051 -69.497403
6.184431 13.227878 42.941988 2.529726 150.293688 27.640433 70.551352
6.086351 13.128531 42.697509 9.709088 344.150155 48.069836 -125.842573
6.277002 13.076273 42.888989 7.934762 111.441289 46.040331 -95.280591
6.707201 12.897801 42.640523 19.699643 216.097217 48.697553 35.861907
6.104592 13.040881 42.829272 14.990691 326.833001 23.479091 -62.446520
6.788691 13.130184 42.939371 12.278443 322.094317 42.173696 -107.158103
6.601617 13.388321 42.760203 4.720039 172.106414 37.608956 116.263435
6.588477 12.904612 42.638844 12.028010 322.910579 38.998841 -132.306350
6.839116 12.930127 42.695366 11.850284 160.993059 40.440302 -89.294374
6.494671 12.981021 42.900215 14.375388 333.372918 66.020441 -77.415637
6.294802 13.095746 42.887659 19.134104 110.886928 41.584346 -53.555310
6.992233 13.088507 42.722527 11.933536 335.089816 28.914735 -91.539217
6.563024 13.149473 42.766935 8.646214 146.593916 36.112532 129.234109
6.155671 13.142530 42.822700 7.146304 55.551336 58.690519 34.770814
6.487865 12.906701 43.049143 18.681405 166.378826 67.717639 -62.158717
6.451136 13.168749 42.627064 9.502916 106.764003 51.961448 -112.162075
6.540851 13.472130 42.789117 9.473593 339.193156 53.550220 78.862874
6.747385 13.022220 42.809264 2.952768 325.998897 25.916185 -83.598831
6.791026 12.997959 42.919868 13.418261 228.568382 54.178945 117.578798
6.864964 13.037896 42.878938 8.734667 275.483366 51.193828 -110.456082
6.623378 13.438831 42.648007 10.320286 98.747310 70.161727 -144.716422
6.863646 13.788001 42.912505 9.394374 174.191650 49.442956 100.844342
6.168227 13.062443 42.821082 4.053646 133.002913 34.347791 56.456943
6.567661 12.854866 42.981444 4.971655 129.131686 59.237129 51.804737
6.996196 13.146868 42.900887 4.387213 166.435901 28.265131 102.419708
6.557047 13.168911 42.687666 19.794540 140.313473 53.406840 -112.997433
6.083371 13.074983 42.849170 9.798394 328.908339 36.197529 -128.397298
6.634032 13.170991 42.764567 15.920008 178.564459 20.846856 74.718355
6.767225 13.026540 42.945302 20.028280 146.982171 49.944134 -93.551080
6.951678 13.280380 42.807081 11.875507 315.341803 57.242237 -84.959296
6.495270 13.198705 42.662952 16.658104 171.564995 28.962609 156.638993
6.649756 13.112287 42.994108 11.136488 356.204607 61.297242 -57.569926
6.650693 13.238020 42.880514 14.719221 344.977532 26.337427 -108.738259
6.664152 13.688336 43.069323 8.003918 325.173077 41.521895 -55.704292
6.047637 13.099845 42.719295 5.726237 142.002662 58.209648 -46.687151
6.166484 13.074518 42.745179 14.283721 171.909809 47.408137 66.436365
6.531152 12.730540 42.844629 13.343810 330.932227 25.598837 -61.640139
6.306794 13.197637 42.832320 3.830936 145.399664 44.455096 -105.858729
6.366218 13.259300 43.031262 18.866858 170.578718 49.402810 -67.592356
6.713428 13.197153 42.971608 11.476859 168.012488 33.471813 78.983266
6.581699 13.212917 43.022050 14.460936 142.091888 39.121714 58.988463
6.391149 13.153349 42.813806 17.055289 138.391303 35.931528 110.336159
6.650101 13.163682 42.724586 12.338495 31.840720 85.824550 -133.443569
6.725556 12.550272 42.992141 17.291663 325.795639 23.541349 -80.567747
6.732315 12.998951 42.752673 23.814404 158.392045 49.594378 -85.221005
6.330471 13.180925 42.700785 7.891232 147.454543 27.129034 49.352256
6.055963 13.095903 42.821728 14.896433 25.489898 87.654613 -15.267230
6.893021 13.446845 43.046144 21.042778 155.230313 25.435149 74.482535
6.424359 13.073972 42.738289 11.999789 98.751436 41.064109 134.487705
6.295427 13.056137 42.940463 11.293840 174.020456 33.876158 133.915118
6.720735 13.280475 42.820985 6.588958 178.722285 40.535952 -75.764858
6.103651 13.117706 42.847997 9.823734 67.421898 72.516732 -116.814547
6.425361 12.966120 42.876447 14.214849 140.406361 55.642549 -115.095863
6.447070 13.168496 42.907507 8.953497 103.875250 89.199774 135.417237
6.337021 13.146833 42.930857 10.517479 161.890845 39.741284 94.709133
6.317489 12.794974 42.809134 8.748946 132.950987 41.099248 -9.491296
6.300798 12.985392 42.821237 5.533684 336.216362 23.519546 -71.036272
6.262789 13.081702 42.837674 7.881667 164.828515 59.264534 -121.177081
7.080601 13.243233 42.579183 6.528791 158.211270 57.475089 -115.406479
6.546994 13.150303 42.697901 13.149789 151.115912 51.228271 -94.242969
6.496114 13.031253 42.744941 9.314973 146.714156 47.108764 -119.596395
6.922719 13.351894 43.053790 15.241196 59.669158 54.713302 80.582881
6.501279 13.070433 42.757732 7.282411 100.325489 64.682187 67.489485
6.743061 12.821044 43.072304 15.364180 333.696666 22.806379 -98.185249
5.973641 13.093622 42.786256 11.342022 167.767320 58.872148 -122.496972
6.244210 12.965961 42.761799 11.455874 162.903198 56.899747 -133.683432
6.850944 12.827325 42.448036 5.895213 355.520371 31.986922 -63.593339
6.741640 12.897488 42.565181 4.702816 289.953768 56.536796 64.174816
6.433760 13.032282 42.966481 3.853672 161.483732 46.347355 -107.173903
6.383362 13.028926 42.895540 11.787161 354.257475 27.154227 102.333376
6.573259 13.182331 42.702635 6.969606 321.543725 43.636619 -45.628021
6.202130 13.104320 42.757485 15.474591 359.834784 27.015589 -86.812033
6.873568 12.733677 42.747858 25.881719 31.259860 83.228400 -18.320580
6.594504 13.058901 43.003411 11.417454 324.077454 41.836873 -64.111809
6.813314 13.219416 42.611235 22.689807 74.150355 49.507816 112.974893
6.500221 13.329314 42.786499 4.908200 94.297113 59.532071 -126.988043
6.088003 13.076355 42.824611 6.994864 163.447662 56.892621 -123.642320
6.734127 13.234617 42.487617 15.998299 181.438097 52.852071 -151.641545
7.093806 12.879657 42.674154 19.781872 356.233443 26.941984 -88.055541
6.743075 13.084828 42.958746 18.777075 176.244449 88.930380 -37.788468
7.092040 13.105069 42.495625 8.650807 164.519940 53.027602 -94.449555
6.480981 13.102003 42.778826 9.149231 331.502148 38.899097 -92.210646
6.270989 13.097569 42.705527 11.798800 178.760064 44.255487 -88.171597
6.655458 12.807114 42.622949 5.275091 353.370024 23.906093 -91.030611
6.439021 12.999076 42.811031 11.672348 273.434406 44.334627 78.993165
6.504439 13.092045 42.984808 11.482575 159.946229 28.754619 70.693939
7.091356 13.121131 42.807962 21.570959 169.946874 27.332070 98.802710
7.177489 12.770905 42.751233 6.852152 32.881866 34.883269 67.932895
6.304310 13.049291 42.824489 10.847778 327.308204 38.336078 -71.904268
6.980782 13.209696 42.687939 6.028813 295.062120 59.351053 60.654131
5.887238 13.031987 42.841841 9.817971 173.036537 44.958899 -59.122547
5.959196 13.068919 42.810673 7.540113 137.348763 50.832063 -53.074474
6.387620 13.039606 42.723403 11.268827 336.658730 38.259021 -85.391720
6.752431 12.805707 42.710973 6.737204 135.640931 57.362492 -117.408325
6.417931 13.263880 42.917190 14.729404 140.432983 30.626993 90.711551
6.237360 12.983135 42.597960 15.311244 174.715546 41.300312 -115.445064
6.448867 13.043314 42.914425 15.779813 212.627483 24.816825 3.564239
6.610437 13.344776 42.815896 7.971665 88.501832 76.458303 18.337805
6.812099 13.193897 43.144223 11.846931 290.278056 56.450134 -108.774577
6.903956 12.987950 43.079693 8.826332 161.871563 43.432576 -82.789695
6.947506 12.908694 43.276646 5.872001 286.936854 60.000613 59.633502
5.964110 13.065483 42.869183 3.251347 359.427536 40.719727 -100.046683
6.811468 13.096654 42.929447 12.121186 239.019830 49.058941 -113.425554
7.096258 13.217318 43.037327 12.951219 304.309646 11.999782 90.026221
6.691665 13.016233 43.005894 19.158324 162.437617 59.558338 -123.724410
6.475188 13.286616 42.965831 9.669056 155.183602 21.564622 130.274102
6.714356 13.184517 42.874178 8.192528 179.520030 52.152835 -53.457969
6.597736 13.072907 42.563044 9.228983 10.580030 84.565530 6.181538
6.471234 13.276913 42.703222 9.843029 76.719467 69.277377 -120.657917
6.325831 13.277978 42.850767 12.108689 179.706836 74.235810 -100.471115
6.387934 13.123931 42.776313 8.266714 334.308306 36.759761 -121.800598
6.605705 13.262559 42.852270 10.261809 66.556896 81.537844 160.692215
6.414490 13.195359 42.695808 16.303382 129.953971 59.869807 -101.694452
6.131795 13.084170 42.812196 9.101161 95.303041 73.372835 -77.455845
6.278465 13.191911 42.859422 12.475951 145.843780 55.130085 -85.082812
6.335819 13.099753 42.920750 14.973599 248.206995 58.250837 142.983528
6.702169 13.116892 42.681212 10.726095 156.937814 31.222019 117.039968
6.937254 12.925803 43.039132 11.941421 143.015717 36.845396 103.449463
5.997184 13.011635 42.817459 9.755201 178.778130 53.760418 -45.288287
6.629471 12.918314 42.701664 8.897185 31.610206 80.261569 39.103971
6.156363 13.107755 42.978634 2.864998 273.783774 40.408512 -73.754717
6.494603 13.354758 43.034861 9.066388 172.304073 21.161739 102.938971
6.235592 12.973406 42.953967 11.464261 174.548169 57.005203 -49.228203
6.178028 13.034085 42.844408 7.492681 160.536990 48.349523 -73.014234
6.621191 13.408253 42.757016 10.582592 18.181476 75.682878 -133.366461
6.598507 13.111850 42.759273 16.281900 45.175293 79.801683 161.957654
6.315187 13.122503 42.669904 6.621192 171.792396 57.439147 -85.794113
6.116314 13.117906 42.737866 7.908130 344.678858 59.114445 -128.791595
6.587603 13.209215 42.583972 19.612095 313.806387 43.796061 -102.833827
6.302745 13.241684 42.755929 7.529935 244.645570 61.330462 123.233435
6.433900 13.082454 43.037956 2.993729 169.410355 39.804487 111.438283
6.603604 13.144177 42.936890 14.886273 327.683702 23.954924 -88.307986
6.545919 13.137676 42.725640 13.490640 145.170555 58.965929 -105.222035
6.524966 13.273523 42.779699 10.777205 173.596886 21.668589 131.434587
6.643074 12.912300 42.673040 14.880997 90.656772 82.331952 -37.047793
6.162972 13.067891 42.804495 7.495058 211.956893 51.401331 -97.711961
6.227106 12.991680 42.852406 10.987679 176.507742 24.916401 -79.226942
6.810524 13.525340 42.704109 14.363088 145.922343 38.358732 113.997421
6.894191 13.256924 42.830983 16.162493 177.385260 25.004305 92.312556
6.261081 13.009012 42.729858 11.224663 140.590270 41.843431 -60.420962
6.474817 13.150949 42.803604 8.363367 152.109549 30.655936 66.660115
6.172356 12.970635 42.712702 11.843925 325.481248 39.095078 -124.354528
6.503367 12.954355 42.795436 17.087504 152.327199 55.222519 -131.666078
6.143759 12.957557 42.800525 16.160103 333.221423 36.567579 -94.899453
6.127381 13.342324 42.759874 2.903897 164.865152 37.503584 68.721568
6.119491 13.069664 42.851070 7.263648 91.480137 88.639392 154.397740
6.125052 13.139527 42.902964 12.803492 150.773493 23.752982 119.318419
6.064543 13.194180 42.901074 7.310604 99.854466 46.134140 -110.792346
7.231609 12.519919 42.562193 6.455405 287.261400 43.239923 125.185923
6.209151 12.963208 42.948552 12.277601 198.655370 71.892428 -172.175756
6.601293 12.937538 42.598879 14.701722 327.258668 55.856312 -111.339583
6.878387 13.027641 42.638386 12.746025 346.471492 21.053052 -118.249739
6.375148 13.149762 42.831045 15.775879 122.418672 37.477227 -120.609284
5.943867 13.129538 42.972198 12.066015 166.923302 21.933825 -79.150671
6.456844 13.175641 42.954748 6.198479 67.053058 88.377887 163.572952
7.030034 13.026936 42.866908 25.693256 177.781463 48.003710 -91.834701
6.606251 13.121371 42.763613 8.567511 64.663369 48.436026 61.116850
6.350132 13.409338 42.787345 10.838464 279.196465 53.342131 87.373464
6.382067 13.240624 42.778563 6.149116 156.279560 47.998717 -88.139752
6.139818 13.219360 42.914268 18.684585 23.066867 44.827729 101.502331
5.969385 13.079836 42.839628 5.512443 359.710448 51.790785 -108.828403
5.917353 13.057089 42.754900 6.022520 318.378532 23.067572 -95.216139
5.947362 13.135266 42.843975 12.083817 171.724363 29.420236 120.855140
6.568467 13.070291 42.641081 5.402484 335.991352 27.368075 -111.390478
6.446308 12.915083 42.704908 12.651223 319.971381 75.011441 -17.249213
6.286028 13.219709 42.998237 9.127629 89.804128 25.151658 5.339412
6.573146 13.014967 42.878458 3.306853 198.268337 17.922425 109.122908
6.460988 13.167386 42.698163 9.767441 151.987599 56.714064 -108.923014
6.483571 13.323720 42.709391 16.507533 142.659400 81.185679 -10.554015
6.216291 13.128654 42.830370 8.748096 164.894825 38.681827 90.686874
6.807606 12.963893 43.074430 10.270252 12.169913 40.288231 126.929967
6.406688 12.726688 42.733967 9.227525 357.605734 33.033044 -74.755063
6.391032 13.127688 42.941084 18.786400 103.908013 82.752829 44.487516
6.772865 12.947600 42.808977 19.210066 149.219008 56.164571 -47.552596
6.600524 12.825728 42.824823 15.335868 342.235118 42.739382 -55.246251
6.678321 12.918943 43.141974 5.313564 150.952078 32.612530 105.395222
6.643628 13.117534 42.951247 4.093723 342.816738 51.285572 -117.517070
5.815113 13.092399 42.835005 10.957707 149.027090 40.306319 -60.140065
6.512410 12.735731 42.710614 5.391810 343.053534 39.613905 -115.416296
6.500263 12.840603 42.826427 12.058969 313.149212 50.113121 -117.132918
6.783573 13.252735 42.753539 12.960529 137.099493 81.893166 134.738694
6.409384 13.020182 42.697546 19.730185 247.118702 60.725594 -109.724746
6.833613 12.725502 42.782547 5.315694 352.228072 39.257679 -46.808405
6.926563 12.892786 42.475972 13.938892 331.161871 32.433378 -87.366374
6.077586 13.227190 42.883494 10.267613 166.771229 29.754835 126.102057
6.245411 13.140998 42.920770 13.554404 178.508548 49.346441 -106.783750
6.563370 13.051879 42.856536 17.884714 346.298339 75.729361 -101.069822
6.540367 13.243794 43.050109 6.654985 295.961962 55.176107 123.414509
6.690186 13.010452 42.940632 5.935797 272.644516 40.383427 118.893184
6.233386 13.091185 42.837105 9.265618 247.559271 77.303650 165.052403
6.937380 12.836458 42.973423 10.539909 318.404782 26.216398 -120.730301
6.278415 13.241274 42.817223 17.719644 48.826561 36.465983 113.610827
6.351317 13.182419 42.800657 12.672017 148.947542 26.317050 56.898563
6.465939 13.016303 42.986862 15.196155 97.590158 30.308818 -91.238120
6.072780 13.214493 42.900618 5.112699 300.012839 67.069870 100.342634
6.408978 13.056161 42.724276 9.621020 160.271174 59.143878 -121.387937
6.572128 12.740864 43.012088 18.877988 162.343916 58.056986 -102.666227
6.095129 13.148337 42.830025 11.578668 321.120814 47.988213 -118.962807
6.432609 13.031736 42.779087 4.023235 300.148732 46.806148 -102.328133
6.791614 13.156602 43.123858 22.958248 152.948821 36.694468 90.003262
6.752890 13.180812 42.929861 5.234426 159.996707 27.849889 81.146059
6.961748 13.207944 42.878606 18.931456 161.196071 36.112857 130.477665
6.990038 12.922884 42.995069 20.039745 97.160811 43.186259 -77.034344
6.317889 13.129632 42.802148 7.343127 288.046171 70.983671 120.085530
6.208694 13.166411 42.904261 16.372190 163.966535 21.047403 105.043205
6.458508 13.079565 43.112156 10.716453 183.664426 44.398077 119.293101
6.557090 13.126864 42.736409 6.645592 321.908525 37.926655 -83.975548
7.190255 13.289983 43.071125 23.545714 3.533342 59.720515 -62.526618
6.641199 13.226293 43.077419 16.825760 148.201387 29.808280 111.443217
6.262406 13.145398 42.888930 18.265960 278.243391 40.986426 -98.878372
6.846261 13.142486 42.857387 3.931495 168.095484 30.639421 73.728526
6.716568 13.043501 42.630461 25.271951 343.879040 59.167411 -19.343133
6.548129 13.522708 42.787981 9.891797 315.954018 70.954085 -110.504787
5.818588 13.117857 42.776848 11.039056 163.590857 33.661363 94.286834
6.302859 13.167006 42.805685 10.330890 180.067274 77.643275 -28.655117
6.737428 12.978402 42.837366 9.480447 343.941799 33.932232 -87.008430
6.390627 12.974448 42.922847 7.619218 176.013247 42.423972 -53.269255
6.814814 13.236488 43.058641 7.568881 159.359324 29.711686 132.566291
6.293104 13.381445 42.833526 7.685074 159.789704 57.943615 -128.096590
6.651880 13.000722 42.789623 14.535873 140.118560 45.807914 -133.868668
6.345300 13.238035 42.857159 14.451830 80.536866 17.911823 69.920493
6.211016 13.084443 42.832688 4.023580 331.876611 24.910045 -85.406264
6.437066 13.110597 42.800651 16.168015 136.709352 28.789433 96.084856
6.512308 13.047880 42.781290 13.823293 98.022904 22.480812 -117.234181
6.700086 13.399557 42.891774 10.246330 336.494801 25.899154 62.971215
6.682558 13.186128 42.798768 6.042809 141.676178 44.945450 -128.444346
6.124167 13.066274 42.790118 4.089233 71.603059 78.194892 -22.467503
6.620972 12.607706 42.937649 11.470498 338.819103 25.096838 -64.900123
6.554117 13.189644 42.711396 11.715467 148.748054 56.457809 79.419451
6.545406 13.255567 42.880311 9.145023 159.700096 17.774786 -63.656338
6.837182 13.395892 42.953187 17.291934 162.392231 37.083546 52.644686
6.453524 13.073776 42.814924 15.505393 357.488703 33.176455 -102.891850
6.731228 13.321555 42.831293 18.689340 173.978038 24.322012 49.939156
6.736437 13.375755 42.849002 10.788763 146.421466 30.878799 79.186164
6.267242 13.163944 42.829980 9.204214 307.742071 79.591561 -101.021929
6.330402 13.035653 42.722033 14.894961 16.474196 33.533725 63.970569
6.458608 12.891037 42.893519 14.144523 26.205102 22.454850 -51.780853
6.269009 13.064832 42.882273 21.313887 154.477329 45.222940 -50.318425
6.377403 13.338343 42.913477 10.589430 172.128147 20.656641 63.673262
6.279072 13.118416 42.786902 9.136264 155.193714 54.753854 -88.979768
6.298072 12.905542 42.991229 9.499205 328.041505 51.652343 -94.824978
6.361434 13.147651 42.841119 9.040129 72.765476 39.401717 -73.860099
6.717079 12.720048 42.811202 17.708837 327.316672 35.404206 -64.948683
6.525553 12.997190 42.874278 6.982109 145.882811 44.349786 -60.170593
6.263368 13.190751 42.872801 11.785225 148.436052 27.419838 91.478677
6.601173 12.814302 42.825844 10.090464 358.500745 24.523329 -106.458927
6.840817 12.965406 42.914438 18.233343 96.572511 27.830616 146.173006
6.456469 13.468605 42.846354 15.993759 331.064802 46.563517 -47.607727
7.086688 12.588179 43.032619 5.156060 321.394171 31.372920 -89.542313
6.027678 13.219004 42.877218 12.209883 150.228051 20.071082 86.218129
5.835930 13.058649 42.890048 3.787607 137.185892 56.425354 25.827299
6.694862 13.102428 42.811560 7.536344 205.336882 55.745924 106.683190
6.003736 13.254279 42.846014 10.759687 322.900076 50.661242 -82.210812
6.585453 12.977645 42.718982 4.208052 150.545840 21.480637 -101.033670
6.415379 13.252452 43.031485 6.574524 142.878926 34.868395 126.582867
6.093932 13.346143 42.887356 13.564425 55.607075 70.189355 159.122883
6.997221 13.178141 42.724328 4.534609 353.305870 35.913034 -14.869831
5.659443 13.097082 42.911860 6.882817 95.496342 14.354029 -43.571688
6.346455 13.286238 42.866677 4.736197 144.935683 38.995038 -116.570079
6.492380 13.223755 42.835074 5.292849 150.505870 88.358921 -24.332728
6.047859 13.208688 42.739345 10.928975 104.393273 65.487783 -69.193621
6.297494 13.095149 42.917982 9.263108 117.924702 42.197891 -111.547847
6.376542 12.991726 42.827198 8.506906 357.466293 64.186234 -67.909230
6.844778 13.029084 42.581159 14.582688 333.313465 39.887402 -64.012264
6.777748 13.112781 42.803247 13.109991 333.877208 43.608099 -124.889214
6.590016 12.890734 43.036042 11.448860 320.259873 23.984522 87.964062
6.417695 13.290142 42.796371 12.438102 175.596059 24.105280 78.173888
6.180678 13.113514 42.816828 11.917626 190.914210 51.971923 -47.659606
6.678383 13.315156 42.858407 9.520063 133.762393 52.111101 127.983146
6.748003 13.118785 42.852032 9.804748 142.490168 38.537875 86.981374
6.498406 12.851287 42.834628 27.604107 161.373602 45.660668 -47.930559
6.825852 12.888242 42.709186 9.068629 144.575391 66.577215 -110.826001
6.878793 13.007991 43.106036 8.657019 190.743091 22.810927 -125.704856
6.267563 13.039597 42.879693 3.255237 98.533630 61.280174 -55.934904
6.291510 13.122739 42.948546 15.853001 94.860656 23.317216 -91.700818
6.652429 13.042013 43.017260 8.035110 116.280870 34.543347 117.968783
6.505752 13.063746 42.987036 10.360562 275.928242 58.563120 -123.276213
6.777641 13.336370 42.618197 13.646096 31.910027 68.509557 53.027288
6.642043 12.948342 42.697836 10.140599 315.663554 35.007366 -58.384987
6.180103 13.169199 42.848842 12.184632 168.769711 24.189246 103.593940
5.707153 13.237981 42.775410 7.273873 172.892789 23.116109 50.008823
6.200998 13.138930 42.860334 4.214904 141.618919 15.969085 -76.750889
6.576972 13.048947 42.957448 8.063634 218.566948 33.997373 50.403448
6.339275 13.281804 43.126528 18.969355 154.175573 30.476507 102.708791
6.329772 13.105867 42.671885 16.097677 64.355345 82.947122 -16.484545
7.307025 13.245175 42.966198 6.828921 176.945666 35.632759 83.248073
6.720053 13.012336 42.770487 13.850832 339.640931 38.110076 -69.515330
6.567913 13.043199 43.101175 11.842339 170.973129 32.561477 106.765576
5.913854 13.240706 42.817138 8.352224 351.269412 52.048655 -67.688420
6.545362 13.352325 42.568466 11.898163 259.782145 30.970783 58.855516
5.897021 13.224288 42.839425 4.688565 137.421230 22.909313 68.965288
6.864135 13.177302 42.477696 12.979041 134.400965 58.245561 -121.890127
6.435556 13.142712 42.877012 14.861476 135.650336 25.599706 63.205864
6.348594 13.161261 42.822081 14.433364 119.436929 17.924213 -102.544859
6.543393 13.282199 42.906509 3.165272 140.710257 28.780888 70.785449
6.268721 13.135722 42.962188 3.729373 178.689711 40.917023 -84.206780
6.497305 12.939364 42.860015 11.165568 82.992982 71.061727 20.752039
6.574357 13.011812 42.793765 14.112475 109.201099 89.558030 102.130297
6.186885 13.054025 42.743174 3.933833 339.177001 24.625699 -133.732696
6.672724 13.063877 42.870026 11.965746 325.791050 59.636456 -76.318915
6.507328 13.287301 42.771328 10.882786 126.796139 80.283629 162.296491
6.079351 12.904374 42.765293 13.220344 109.369680 53.723406 -89.109566
6.113829 13.064065 42.835242 7.136852 342.824759 32.136884 -76.848320
6.450700 13.185543 42.723461 14.345005 169.198376 20.063293 118.381134
6.370315 13.198981 43.003817 4.531576 157.157141 23.735007 84.233021
6.795709 12.960236 42.677365 9.474465 334.631990 26.432472 -93.109311
6.210913 12.980596 42.900905 6.351269 228.270499 63.968952 -56.157926
6.987580 13.289289 42.656705 11.361425 179.614787 32.862970 54.237572
5.823341 13.157389 42.845346 15.030023 146.821369 37.147847 123.865155
6.487169 13.150673 42.958917 15.656196 162.531022 24.474761 123.818532
7.308890 13.378739 42.912795 7.820745 348.236916 53.108229 123.459249
6.400454 13.042221 42.829476 6.254856 159.785010 50.797758 -70.569402
6.776260 13.256596 42.844612 7.671232 146.185442 37.556986 64.013346
6.566552 13.300089 42.767087 10.705428 337.285291 46.027957 -104.171672
6.303574 12.787612 42.749155 10.806847 355.500866 26.209854 -69.584234
6.120870 13.088444 42.800959 4.002412 35.716149 29.791522 -106.099370
6.973944 12.602992 42.837175 6.165797 316.557902 25.530021 -106.680479
6.512339 13.105047 42.760380 12.641424 146.426515 48.886133 -120.225363
6.329631 13.176285 42.679004 3.536796 144.487652 27.579322 102.695457
6.380428 13.313860 42.739384 12.695335 180.146104 55.501871 -70.561642
6.008509 13.061978 42.774582 13.550797 320.059501 35.412223 -114.143114
6.679523 12.882244 42.915560 11.857961 152.413352 44.837646 -100.000624
6.692557 12.791882 42.895533 15.092068 340.105847 52.935283 -81.602685
7.222234 13.229247 42.802654 11.198200 246.411498 41.833455 114.485401
6.688981 12.915161 43.110054 11.235412 252.049357 21.497739 134.583089
6.258661 13.026341 42.847725 15.943304 332.379855 77.408726 -127.348313
6.504430 13.013890 42.870003 9.471701 76.022100 87.034756 -13.240466
6.313971 13.216483 42.826373 13.516016 328.742755 58.556048 31.468634
6.576022 12.972428 42.875936 10.207980 303.013164 40.938634 -105.901402
6.278975 13.053082 42.830728 6.981733 324.478796 20.179459 -108.596370
6.954542 12.916387 42.581849 5.795852 139.772351 56.833877 -62.383770
6.257503 12.926162 42.818295 13.354697 321.476800 45.103852 -123.466494
6.942047 12.692845 42.898250 10.217698 342.981735 48.178400 65.427626
6.368162 13.084833 42.876965 6.970927 259.159483 55.063629 81.048432
6.636218 13.622889 42.727916 10.903876 101.334766 52.021455 59.403246
6.195096 13.212095 42.908974 4.065649 137.394840 34.806475 113.913140
6.259447 13.201258 42.831271 4.808656 353.733415 70.513159 -13.838099
6.351096 13.155078 42.836170 18.434384 332.038894 59.741664 -6.053888
6.341427 13.074264 42.826495 8.296379 343.671005 39.882910 -53.783886
6.403389 13.302354 42.777838 12.507717 144.681390 30.093922 68.472452
6.161295 13.153063 42.788442 10.791212 149.416819 24.607477 110.643121
6.426001 13.394984 42.985418 8.452380 148.271332 37.395801 117.632946
6.987182 12.686385 43.307271 14.413990 324.073559 53.001570 -123.670175
6.675924 12.920096 42.992658 12.963126 138.666320 37.088614 101.410445
6.306585 13.246062 42.923738 11.420064 313.548996 56.010071 104.741486
6.648140 12.991089 42.747571 13.499365 178.182201 52.102458 -128.985763
6.106988 13.183102 42.905835 10.475213 281.270941 67.716160 -44.660269
6.300055 13.320215 42.753828 5.333277 135.852490 24.634460 -58.918268
6.130971 13.042576 42.878427 5.358389 250.273604 32.204601 -94.258538
6.015647 13.098347 42.805896 8.767164 103.406437 50.609308 -109.494914
6.893598 13.694117 42.882045 5.388134 252.329793 52.289443 -70.240284
6.104456 13.005953 42.784442 7.152507 77.566441 88.482268 -139.874104
6.781184 12.826619 42.890482 17.757030 344.108901 28.811008 -109.370644
6.121716 13.104887 42.797141 17.952471 94.742538 62.741662 -51.862834
6.158827 12.985921 42.745925 15.117584 157.814574 44.415163 -99.141328
6.423053 13.182396 42.980366 2.842887 140.055434 34.031345 95.121213
6.601072 13.142710 42.938964 18.393799 169.885260 38.605873 127.130299
6.346390 13.089410 42.677015 6.669046 114.840724 67.304877 163.741336
6.800950 12.742979 43.264951 5.165593 175.157325 56.037365 -103.718683
6.730701 13.100933 42.741162 20.384261 142.474795 57.494966 -132.553031
6.438065 13.197820 42.829932 8.954483 353.666640 28.502549 -104.392504
6.802159 12.974016 42.454925 11.718525 317.623604 30.067388 -62.472128
6.837423 12.759475 42.715568 12.972987 223.025395 38.623614 -117.148264
6.740203 12.830620 42.629877 3.389678 343.258522 23.182222 -63.285093
6.709208 12.964423 42.993594 21.935751 317.163687 21.292786 -95.292230
5.753530 13.170291 42.805303 6.824875 178.474468 30.825928 56.358750
6.990640 12.597700 42.741970 14.295758 140.658428 50.448716 -88.553716
6.559358 13.213197 42.802002 3.583510 136.629733 32.396522 134.436687
6.884041 13.317770 42.671152 22.854724 161.076345 39.370508 -127.346072
6.351901 13.128245 42.735049 9.322803 163.070058 35.816924 90.391943
6.159977 13.156410 42.720177 8.959726 287.983294 39.024236 92.825181
7.130161 12.444157 43.138572 16.408363 179.986223 20.589560 50.327383
6.302880 12.986624 42.928038 21.056170 152.099924 56.493876 -54.233953
6.691453 13.422589 42.766429 15.708847 75.979611 46.641593 111.145357
6.776539 13.077632 42.626857 18.993308 102.253662 54.215385 -122.423907
6.525313 13.163634 42.679399 8.891388 142.975815 26.473079 66.875369
6.659265 12.971083 43.008240 11.666147 120.041378 26.731001 112.029380
7.112447 13.543674 43.113336 22.075896 175.213030 53.026662 71.560478
6.343212 13.215288 42.871727 24.211962 173.388672 25.690428 -74.480504
6.303280 13.125698 42.843425 7.889143 172.645506 53.227717 -63.492971
6.380694 13.125824 42.888010 7.041219 142.412362 57.677772 -120.155509
6.839438 13.094931 42.896515 4.621455 177.279970 46.804807 -52.608755
7.047105 13.294613 42.800385 12.172916 151.265218 38.352007 88.925512
6.408844 13.050465 42.726518 4.343998 174.715904 56.926764 -46.452701
6.544753 13.073270 43.000267 11.820109 80.126711 89.227179 11.846680
6.275353 13.027532 42.782574 12.731194 348.415523 35.125679 -53.902702
6.117441 12.951554 42.837147 6.728507 171.051956 29.508905 -108.608195
6.629827 13.114648 43.019877 13.855308 168.534699 51.082748 -102.193402
6.398819 13.083842 42.952189 12.956386 148.081293 58.430786 -159.628603
6.714425 12.928224 42.792578 5.911990 336.203829 39.966379 -70.104022
6.475431 13.104319 42.860259 15.397506 166.091772 50.527386 -86.519508
6.435840 13.073016 42.961502 14.188900 145.120100 51.874077 -130.468422
6.440380 13.012068 42.553317 8.373537 334.528075 27.374705 -88.128974
6.753290 12.795173 42.961132 7.722661 120.939013 88.222175 16.644251
6.713884 12.838304 42.734830 15.388098 137.759576 43.557975 -62.641898
6.656952 13.202635 42.570413 4.979136 128.718864 70.683908 -165.886321
6.746354 12.941062 43.025216 4.710789 163.084666 56.254329 -77.345878
6.277561 13.205138 42.987238 12.889079 241.245374 22.775711 61.747553
6.725069 13.163058 42.722506 8.990139 326.471312 59.137301 -129.627598
6.348005 13.019641 42.905470 12.060471 155.904663 40.853109 -100.851471
6.190734 13.146463 42.979444 13.185971 230.796018 76.634870 168.011233
5.565797 13.100700 42.789441 9.305672 163.457494 41.622005 -93.606607
7.040488 13.560834 42.784774 13.532871 342.919451 52.010496 47.688854
6.150623 13.031496 42.853128 13.079236 9.024922 64.174975 79.345637
6.152400 12.906465 42.848169 2.458977 348.210336 30.979660 -113.088408
6.636372 12.821075 42.813465 8.694660 348.559231 22.956318 -64.227230
6.429219 13.289578 42.807261 5.357242 307.779670 13.808905 -105.457003
6.694374 12.825642 42.712278 8.595565 173.328273 51.502101 -133.625023
6.770059 12.807591 42.820194 12.473409 338.058705 47.760923 -98.799864
6.885676 13.028053 42.816203 11.580961 33.164314 81.440018 12.973333
6.859626 13.112879 42.905890 5.875909 356.864828 20.363161 -4.501991
6.708273 12.859120 42.628358 9.356438 344.209213 28.073752 -107.268893
6.321507 12.894754 42.772654 11.480627 68.935868 18.508872 107.713413
6.354969 13.093384 42.920731 7.995890 173.665163 40.646122 -96.992906
6.665266 13.133137 42.913790 11.415290 163.093574 33.113018 127.013507
6.559831 13.114824 43.040949 8.792757 143.682640 59.722734 -47.483907
6.680269 13.051810 43.061917 9.329544 145.994670 49.070932 -52.186191
6.026909 13.060110 42.762052 9.404337 297.872231 40.694188 134.145116
6.557029 13.031267 42.923380 2.591123 237.538934 11.907511 133.937917
6.429353 13.216033 42.746839 17.485147 179.898032 24.577147 127.649526
6.338061 12.889883 42.952100 8.527727 156.094649 39.059427 76.443871
6.801892 13.312624 42.669757 21.176828 356.533001 42.578302 126.951849
6.560531 12.883978 42.920391 13.737837 20.811551 86.424576 -141.386319
6.298031 13.137987 42.877421 11.099793 146.745624 41.455133 -92.309206
6.177511 12.996287 42.963736 13.873795 125.202664 41.579703 -134.689732
6.701399 13.196396 42.717554 3.552174 180.365683 23.082075 -86.533662
6.638233 12.774871 42.814675 11.110817 343.404336 35.708091 -97.178829
6.643970 13.489653 42.761361 13.271034 135.272570 35.157974 56.851845
6.688534 13.412002 42.856338 13.189809 151.865487 50.660421 -81.714340
7.209633 13.251415 42.799005 15.144489 23.995654 40.086893 121.672578
6.953604 13.016182 42.876674 17.747884 264.755849 50.840181 50.157061
6.537133 13.073499 42.758306 15.728555 336.307046 33.846747 -51.782333
6.743804 13.152858 42.801419 23.783226 147.775417 54.360864 -120.281328
7.039344 12.777819 43.230340 19.732169 347.778913 49.734760 -81.816306
6.370701 13.001307 42.928529 13.059902 148.787825 57.925231 -92.722899
6.638499 12.893220 42.822758 16.326807 350.912875 65.120513 -57.575318
6.607501 13.429837 42.811835 9.860174 151.833292 30.369163 121.799143
6.987613 13.029350 42.823135 13.113513 260.174684 72.524965 140.942069
6.996725 13.347275 42.599462 6.126714 148.600787 59.440763 -124.707076
6.756637 13.067303 42.846913 5.463625 328.318216 30.684290 -84.671004
6.538889 13.154774 42.912636 10.337881 166.297385 29.738743 116.752364
6.139512 12.988436 42.913730 12.900857 17.503101 64.758201 58.034608
6.096689 13.254489 42.782082 14.021286 147.170475 83.792620 -36.483946
6.036993 12.982049 42.874373 5.103627 164.737623 45.910133 -77.896593
6.367704 13.021415 42.726717 14.539383 146.214923 57.057829 -84.313923
6.431417 13.164091 42.784402 5.748115 165.183047 41.949735 -47.086342
6.557781 13.172494 42.932841 10.068827 140.669596 43.860027 32.189411
6.936590 12.466438 43.034961 22.697331 345.399667 25.794642 -63.333311
6.064445 13.080893 42.920422 5.993330 162.855192 80.296231 -91.114555
6.634781 13.067564 43.021381 8.357922 194.307387 65.378425 114.152534
6.178344 13.043752 42.798286 8.612715 341.741889 35.980996 -85.982604
6.405687 13.155597 42.949296 6.414609 164.296988 37.503754 47.525536
7.013424 12.619252 42.477228 9.878768 177.360506 88.183292 -16.970717
5.989973 13.074709 42.878112 5.819752 158.632835 48.139943 -109.510333
6.804600 12.971854 42.738835 14.870269 328.239745 23.875468 -126.608271
6.993392 12.967274 42.688492 10.719601 179.661208 41.387409 -118.757899
6.513808 13.349645 42.862890 9.052773 145.224833 25.991147 88.405556
6.150273 13.186103 42.826383 8.710278 156.670219 20.613292 114.607034
6.246486 13.125789 42.844181 10.329741 291.972379 57.066390 -108.026803
6.889623 13.244466 42.933936 13.153450 162.423637 25.781038 68.480207
6.752623 12.900963 42.570156 11.400758 351.017243 43.112342 -82.130268
6.259986 13.154578 42.788842 5.243060 138.416274 23.839896 55.607486
6.616558 13.140569 42.838858 12.166225 331.693681 45.316643 -133.714126
6.824189 13.016061 43.007455 16.619833 294.434765 40.776784 -105.261077
6.251592 13.115675 42.850634 13.532246 127.360319 60.121337 -89.856038
6.670920 12.996725 42.946167 13.807632 156.099113 54.167556 -130.412134
6.735713 13.014667 42.957538 14.275677 138.680870 25.773088 94.795996
6.567071 13.175090 42.855050 4.707479 29.939245 64.401433 -108.963548
6.946740 13.088102 42.628806 10.556644 324.756949 38.321950 -89.102249
6.403421 13.126597 42.733511 17.046707 155.215387 53.099751 -49.612915
6.577028 13.141151 42.902053 6.567874 158.014485 22.694437 53.216574
6.033840 13.209873 42.842924 6.414225 173.141916 34.168573 62.905538
6.548402 13.187551 43.126691 3.723559 135.119480 50.041073 58.913068
6.588709 13.277997 42.859659 5.573102 69.624763 88.523904 84.383527
6.158332 13.200441 42.822656 4.846053 57.210351 34.071133 101.487413
7.076998 13.638570 42.764708 14.877752 114.475349 18.258574 94.816748
6.632056 13.163700 42.837118 5.576715 158.104048 43.970405 -85.241579
5.946454 13.155478 42.741288 9.036159 150.311581 58.044984 -97.774523
6.493930 13.162604 42.832487 11.482224 104.879876 23.543118 2.000514
6.578545 13.394781 42.884507 10.312497 306.766045 17.930782 -124.744911
7.321839 13.626330 43.196167 8.814269 177.667356 57.571981 115.942055
6.481292 13.162560 42.978452 4.870311 178.244598 47.435108 56.783696
6.641920 13.182028 42.888406 10.638992 121.390442 22.204584 -21.360051
6.542229 13.277915 42.959505 3.287590 97.878001 40.421058 100.997434
6.341513 13.017518 42.737715 11.845072 179.405794 41.519713 -114.924583
6.513105 12.966504 42.808080 13.033021 118.672359 51.928474 -64.172122
6.465825 13.245773 42.832082 13.339000 147.608982 27.869491 84.571888
6.856634 13.050149 42.526519 9.602179 325.296142 58.888475 -123.835783
6.496937 12.908050 42.994783 14.960631 142.231537 43.839448 -127.589434
6.528374 12.984068 42.804345 8.717866 127.292821 13.128525 -14.333115
7.015706 13.086361 42.583409 13.350738 109.494274 64.055770 -147.878176
6.716700 13.052934 42.827507 12.600137 14.739489 23.096551 -75.089308
6.891477 12.495725 43.140161 8.159204 107.900753 10.438813 -80.125894
6.723910 13.403601 42.670058 13.908568 332.049643 49.602925 -123.591871
6.288561 12.843775 42.934857 10.591543 141.226353 56.569930 -111.176198
6.330171 12.991701 42.882008 11.407341 174.130127 48.861442 -83.083331
6.159554 13.209919 42.787544 5.590232 348.471064 44.379809 -56.909212
6.585397 13.014796 42.686964 11.344222 154.856302 53.383962 -64.010380
6.628349 12.936075 42.750260 11.667905 128.533955 34.149020 -84.332933
6.443966 13.114265 42.825138 11.163054 152.089715 34.721552 87.108726
6.318904 13.122141 42.862155 4.168615 165.314370 40.254404 -50.766197
6.361526 13.154239 42.876943 4.917903 178.001177 55.333732 -118.158009
6.391534 13.110229 42.896120 10.091587 157.995887 40.814752 -123.828803
6.888141 12.949334 43.099628 8.205602 156.714429 49.709563 -74.976030
6.977020 13.311408 42.720457 23.763083 333.260214 42.170609 -120.860435
6.613343 13.107334 42.750564 9.828583 357.780703 38.950287 -78.380714
6.670735 13.038635 43.077489 11.478768 330.392701 37.611628 -87.207564
6.296052 12.904147 42.829478 13.911782 330.627428 23.296451 124.588996
6.015606 13.063012 42.945735 9.505189 136.698185 28.268277 85.734968
6.272806 13.095751 42.693551 6.667117 144.570552 41.592512 -93.258756
6.602590 12.697367 43.009451 13.042829 304.140634 37.717086 -76.721218
5.951700 13.242791 42.863829 14.165997 160.990285 27.840634 48.561242
6.493595 12.945508 42.823322 6.655455 22.550020 32.393121 -45.950264
6.612334 13.321070 42.902297 15.744845 168.581293 37.448635 69.237266
6.105500 13.084281 42.877703 6.278410 222.885841 48.552918 -12.329643
6.602991 12.934643 42.738217 9.930889 131.358432 73.416063 -129.563553
6.386708 13.230443 42.922505 16.053697 34.766615 87.297666 -24.481002
6.233893 13.098004 42.711534 2.914123 47.717533 50.692089 -69.180710
6.861676 12.763634 42.588423 5.975976 168.895464 31.639781 -69.814163
6.165898 13.137720 42.722765 13.865368 288.969106 68.777923 -35.795111
6.666177 12.983216 42.929518 11.138048 283.447902 62.938176 163.436262
6.843169 13.458983 43.015164 18.099362 147.797080 43.714081 54.770590
6.664226 13.391452 42.688893 8.003969 153.490602 51.113123 -118.627614
6.312588 13.090867 42.764180 11.717244 345.688848 52.872150 -100.558185
6.372097 13.333366 42.791568 9.247410 171.871026 34.575357 112.633236
6.316986 13.055121 42.834444 10.020283 149.948961 51.151408 -71.965810
5.860846 13.026796 42.923100 11.757324 173.375725 59.562779 -49.999660
6.506312 13.428555 42.707345 13.884280 145.618290 33.494171 76.648038
6.391950 13.089154 42.923166 9.333728 76.521033 87.145437 21.041091
6.359048 12.897342 42.844305 14.466864 352.193434 39.892639 -99.770392
7.145396 13.730053 42.858725 8.137104 118.232208 86.996181 -36.948964
6.573274 13.133159 42.773121 6.960448 137.186982 21.370844 130.836434
6.497017 12.817668 42.853212 12.669439 90.162808 71.253793 -45.459033
7.004467 13.263246 42.867158 18.069477 179.644063 45.601489 -121.317353
6.548911 13.066219 42.778038 17.226990 304.275898 32.858027 -45.572122
6.840200 13.608024 42.753825 7.688445 179.667799 38.602979 57.045922
6.307241 12.950937 42.778430 12.228476 254.360791 39.284531 -119.359212
6.254690 12.969092 42.870766 11.653008 147.018486 50.061721 -105.439609
6.640027 12.854403 42.820165 4.228555 135.213328 54.851452 -59.759968
6.109249 13.213450 42.869227 9.784479 323.724430 27.372563 63.276386
6.246646 12.954612 42.857868 14.652007 338.874572 74.084590 -112.165475
6.262906 13.227738 42.817428 10.985012 173.896784 48.483478 -49.163989
6.709559 12.704798 42.780236 11.898069 157.350718 51.215811 -134.727320
6.669848 13.040341 42.710591 9.776107 148.142725 54.464532 -77.811573
6.210257 12.937869 42.794530 11.166452 162.806443 59.402329 -98.662586
6.525932 12.976564 43.000193 9.852730 150.991544 47.378274 -83.986376
6.435316 13.390049 42.912629 23.436811 264.914385 32.895221 93.490321
6.226701 12.826933 42.870599 18.033358 163.288787 43.842392 -109.733859
6.690829 12.964661 42.905386 4.895292 173.289104 41.143065 -129.760653
6.511187 13.012893 42.685718 6.079205 155.891336 45.043570 -114.094855
6.717770 12.913238 42.816423 8.466864 144.656423 51.477536 -50.553890
5.759635 13.117245 42.871610 14.933531 153.195505 31.933243 78.321723
6.654077 12.900812 42.751533 15.850594 224.966794 75.043024 -157.388778
5.901499 13.097579 42.747134 10.545685 342.736120 38.560424 -124.816901
6.494087 13.260657 42.837052 16.714160 153.405709 73.526776 -61.892273
6.275006 13.154081 42.840805 10.478927 336.516229 51.077109 -161.716808
6.530790 13.299191 42.982729 16.175895 32.960863 80.504468 -13.624403
6.108327 13.122270 42.914905 9.157220 175.494300 52.865691 -107.760297
6.712709 13.046347 42.755900 7.394950 346.900116 38.891826 -70.247339
6.559277 13.532756 42.764240 5.466659 162.599947 36.275817 66.520232
5.895880 13.035945 42.769034 8.999775 348.815628 36.368120 -119.966467
6.429536 13.118399 42.799640 18.994618 177.251442 41.911189 -120.218207
6.231942 12.972091 42.775392 8.763194 43.870411 84.908887 23.707780
6.652416 12.839621 43.082319 13.688557 129.431001 88.613432 3.680627
6.223050 13.131769 42.747641 12.919164 148.367052 41.946833 -128.016501
5.720903 13.081774 42.869775 17.068105 171.948199 42.842253 -84.044004
6.088510 12.940605 42.898850 13.966091 321.603003 37.551815 -90.593213
6.083781 12.938827 42.823420 18.293774 315.696642 23.997613 -125.778598
6.291419 13.082688 42.788898 6.459266 92.323121 34.019122 -98.206607
6.644398 13.589309 42.734905 10.224791 62.257651 56.352159 72.899721
6.273491 13.132239 42.870025 17.395398 164.676889 49.188420 -74.195258
5.782819 13.058629 42.816255 9.748639 179.193582 58.726828 -111.165096
6.460776 13.040367 42.751195 14.907279 268.100296 72.707047 98.004155
5.978062 13.210288 42.970416 13.214020 159.890028 38.495704 48.115214
6.271850 13.206015 42.768996 6.607145 169.179348 51.395878 -70.369208
6.471689 13.079727 42.841632 14.048879 160.606127 58.182710 -94.611225
6.518784 13.115229 42.959372 8.368160 183.622008 21.706553 -83.378983
6.409684 13.293436 42.967403 12.787079 156.210624 38.277919 49.032751
6.371374 13.358225 42.928312 11.742770 136.551090 85.066468 29.938716
6.588655 13.374274 42.971533 12.465832 351.792279 42.687756 -160.298900
6.237417 13.189756 42.873040 9.249861 107.917459 85.188063 53.062127
6.602551 13.033899 43.062638 3.508391 160.826184 41.550702 -52.460812
5.900128 13.146735 42.786873 12.882375 165.213029 29.415535 84.366672
6.484998 13.018999 42.882629 13.211833 152.909466 64.991107 -91.360988
6.420940 13.080597 42.928269 9.389753 5.006476 82.511681 35.095667
6.482470 13.118541 43.010615 14.752183 8.302657 85.036360 39.876118
6.830485 12.882524 42.944494 4.057409 139.926912 38.451823 106.128621
7.103386 13.060816 43.097756 18.710735 136.292639 48.522209 -119.515039
6.611252 13.107526 42.740456 8.322300 168.854117 44.607709 -93.266339
6.313109 13.049688 42.832981 7.673983 352.508978 44.713582 -62.866273
6.505412 13.091287 42.661492 5.050274 151.353436 49.185351 -50.243883
6.420815 13.068606 42.849948 4.192325 159.057282 59.447364 -84.046795
6.976523 13.110851 42.713568 11.025645 165.558565 38.135380 51.030880
6.760165 13.173985 42.786992 7.457977 163.735122 28.365786 82.953960
6.673278 13.063534 42.887359 12.641045 290.926902 48.626669 -132.379513
6.500319 13.031982 42.912293 7.002125 112.714995 44.872632 58.093393
6.388493 13.134873 42.883420 5.571724 151.196384 23.591033 121.514225
6.710883 13.195738 42.891491 4.338241 172.826100 51.188424 -54.141012
6.535079 13.341331 42.910673 12.446848 155.487895 34.579237 99.415051
6.425052 12.787242 42.848241 8.399484 353.553190 31.051104 -52.390150
6.741123 13.023391 42.669754 13.160352 323.310874 25.950618 -107.476565
6.384855 13.266790 42.828181 12.273429 175.163611 41.140544 -132.557450
6.863574 13.434576 42.964622 10.055096 105.360452 81.954078 16.335523
6.499082 13.001757 42.828118 4.264933 146.411666 76.544573 113.841759
6.842827 12.610648 42.841452 14.149582 123.285043 63.372314 -161.864773
6.597826 12.770624 42.828434 16.353698 295.526093 67.812879 -122.448074
6.680693 13.184438 42.728268 4.408581 22.644832 55.464071 -52.715959
6.686407 12.846286 42.921740 6.269470 150.944219 53.730530 -129.310408
6.501827 13.255689 42.667507 7.843205 338.284060 58.678907 -122.452372
6.424862 13.031809 42.737372 4.445384 169.712709 52.548745 -127.901461
6.594252 13.148577 42.895567 5.205830 178.262809 30.135130 95.224889
6.444379 12.962298 42.834248 16.714068 178.657491 51.174798 -65.155349
6.431372 12.855910 42.754076 13.866647 129.170637 44.529784 -66.583822
6.636769 13.365056 42.641008 12.552508 112.211831 43.326568 -127.542267
6.495604 13.007429 42.789455 6.505456 137.106590 49.399274 -49.640941
6.391260 13.166545 42.857890 14.700637 149.849239 36.688240 79.433026
6.343184 13.379293 42.743233 5.339240 173.506792 36.428033 -92.780226
6.757514 12.751214 42.938443 8.204254 325.726939 29.895451 -47.537955
5.874338 13.126482 42.798686 4.216523 37.212609 36.983489 60.497055
6.321921 13.092851 42.837741 10.945021 55.677130 47.107103 103.217338
6.383278 13.120078 42.917814 4.677641 131.605111 84.288418 154.506158
6.523872 13.208863 42.769339 14.264965 271.962981 57.834028 -115.213615
6.885612 13.372463 42.917725 19.314331 270.098846 46.690026 79.817688
6.486339 13.069148 42.897192 8.388235 130.093182 26.273148 -127.028403
6.718625 13.266269 43.034910 11.766070 39.980862 61.151157 21.445333
6.511356 12.932224 43.014946 9.676588 105.928314 82.398281 -3.572638
6.255372 13.255720 42.925643 17.644944 158.845608 39.702386 52.029372
6.510576 13.170031 42.903955 4.021508 311.446954 62.648870 92.141968
6.919111 12.861374 42.851020 6.330545 307.622323 23.698977 177.777200
6.057417 13.096084 42.781392 9.357533 102.495203 88.800354 168.628221
6.525153 13.062943 42.829294 5.691498 296.040829 45.900150 -64.702063
6.237498 13.273380 42.840239 10.217875 147.685335 45.656742 -103.420380
6.818814 13.146200 42.805224 17.002208 320.611985 42.709282 -114.095693
6.313702 13.247923 42.900568 8.742359 305.995256 79.376813 90.537845
6.713925 12.885500 42.773062 11.864062 235.055813 73.063565 -58.068869
6.470805 13.256797 42.758405 19.159747 150.503426 56.578487 -64.075928
6.860109 13.061873 42.952831 9.762232 201.498819 59.974955 -75.263863
6.309873 13.210279 42.856290 8.664977 141.771634 35.172845 85.504102
7.102764 13.237463 42.622777 7.086514 90.431779 57.623468 -130.912987
6.575883 12.943615 42.849572 8.659275 281.994101 52.822058 58.037776
6.675849 13.381307 42.732886 10.970514 92.276060 25.067616 30.567405
5.993278 13.062615 42.770850 8.603468 218.894671 44.346009 -83.632319
6.650055 13.379301 42.815814 16.181422 168.969001 51.545849 -74.028025
6.174569 12.928250 42.766942 5.653718 181.070909 79.112014 128.135214
6.601805 13.135618 42.959362 15.021465 88.590649 71.444351 -124.388053
6.598967 13.270914 42.844460 8.663341 258.022185 58.600949 107.230048
6.785925 13.333026 42.722054 11.851010 157.324575 32.879971 67.708888
6.025057 12.861474 42.832888 6.090097 320.139910 55.236845 -102.445828
6.375554 13.184900 42.903480 17.699654 155.319116 30.753532 131.222893
6.869489 13.095264 42.775508 15.002847 149.280894 47.189352 -66.220551
6.594441 13.261074 42.731681 16.108869 212.993288 33.823138 115.292285
6.185458 13.208119 42.803472 16.301569 135.235958 32.693529 87.939260
6.796836 13.440798 42.778390 14.616407 250.105276 21.271426 54.114438
7.068937 13.321568 42.827931 5.783908 301.977344 30.240584 -108.556607
6.508418 12.845394 42.780804 10.597800 122.077163 80.075445 -151.646683
6.662986 13.105736 42.547008 10.274633 129.422643 48.584949 -61.836210
6.148718 12.953456 42.852374 9.732940 138.013355 41.814683 -49.989687
6.823920 13.179000 42.801578 23.536871 163.680445 29.253571 123.091818
6.969101 13.783923 42.821022 5.963042 160.410074 59.378524 94.540270
6.567871 13.277511 42.637689 14.567257 159.267463 44.079466 -75.124565
6.916897 12.991347 42.801065 19.522155 173.195314 53.118050 -46.994588
6.944260 13.646844 43.118869 14.943659 121.047131 67.573920 -43.149357
6.587348 13.411229 42.702386 14.546466 330.563312 50.558404 45.986947
6.462159 13.074675 42.814781 19.827814 332.651892 38.494206 -100.253717
6.492853 13.172347 42.783888 9.462640 123.646393 64.481355 -76.452524
6.755201 12.803722 42.904047 16.522733 295.520057 57.174451 -82.644332
6.718818 13.211488 42.904662 15.829308 177.192815 28.417189 126.858401
6.794627 13.460653 42.453694 4.896133 145.894099 49.831910 -45.534802
5.898809 13.041707 42.792427 8.517037 36.871010 57.897221 -101.214454
6.067210 13.110327 42.939983 3.158039 179.185169 22.705335 107.125966
7.150843 13.711933 42.531531 13.749406 213.287543 38.827848 132.056465
6.996891 12.832587 42.996522 15.745239 350.902670 22.028821 -52.358066
5.991915 13.050301 42.928676 11.913386 179.772184 31.604941 66.876080
7.141800 13.060725 42.824500 8.409076 345.750446 73.074366 -115.409863
6.572274 13.372794 42.791655 8.189309 164.011774 85.234903 11.906577
6.074591 13.196403 42.867910 8.887801 134.358313 23.814197 19.522309
6.337657 12.971531 42.910687 14.912860 176.576992 53.045552 -49.316282
6.607240 12.885613 42.609279 15.424302 282.468554 44.583497 91.515601
6.304287 13.108500 42.826116 11.989037 324.896291 11.747085 69.653739
7.279695 12.947901 42.224337 18.584382 92.194556 46.408724 -64.837013
6.827115 12.507111 42.824409 12.200255 348.650248 25.108945 -115.362055
6.232063 12.930808 42.687026 13.384120 174.281701 52.975480 -88.064775
6.265683 13.178357 42.831161 17.439002 150.691441 57.346158 -100.957677
6.430313 13.262983 42.774993 12.361332 104.453648 21.652149 71.834422
6.400672 13.048479 42.897162 7.132254 114.539682 46.336360 -117.804757
6.271967 13.164419 42.722620 11.922996 179.046929 32.408476 51.989666
6.367900 13.068635 43.004899 11.796833 105.319616 59.501177 -60.312765
6.539633 13.417601 42.933755 13.345719 144.858157 28.951520 67.190818
7.079400 12.572295 42.771731 7.622948 173.249707 88.973838 24.422996
7.093426 13.047136 42.888490 15.925707 324.600849 58.313231 -78.660287
6.729692 13.041268 42.849771 7.089734 72.070787 83.004307 165.259960
6.779779 13.346607 43.009253 8.837657 170.739379 23.832284 72.100752
6.785352 13.101663 43.075446 13.688969 156.397858 20.355955 127.535629
6.406113 13.052233 42.814880 17.782852 322.953961 20.956145 -86.504212
6.049772 12.923385 42.806605 8.675461 331.503978 46.141872 -100.381225
6.064570 12.958162 42.828329 8.766541 119.860143 89.728746 -149.872490
6.666086 13.356955 42.828087 14.544292 166.513615 54.080840 -94.655654
6.651872 12.947439 42.879806 9.087678 318.119695 47.248183 -83.776357
6.854867 12.960949 42.668447 11.871072 206.690799 58.370695 -89.279511
6.320501 13.071698 42.667717 9.564879 340.420839 34.112057 -86.179369
6.780778 13.237208 42.725198 14.835971 167.371253 28.626067 129.419527
6.738824 13.164062 42.964860 15.080960 70.834868 36.085275 -52.184653
6.284124 12.985641 42.827054 9.229734 71.467590 18.035870 89.420522
6.335431 13.106011 42.782809 14.912318 163.060593 40.334468 -131.401345
6.381899 13.136178 42.849240 6.677327 122.842948 34.234881 -96.797050
6.473359 13.203363 42.627975 6.027176 151.658296 58.751251 -54.340755
6.043669 12.996685 42.889361 11.359044 272.221623 78.222408 -71.221559
6.607814 13.247705 42.713117 9.351683 163.304667 54.472275 -77.907070
6.705252 13.161799 43.001472 8.647892 150.404261 32.513817 -79.026825
6.916315 12.712876 42.953809 10.256925 339.518376 22.905751 -108.204974
6.369192 13.135289 42.852996 9.278391 151.756382 33.634257 119.051388
6.880590 13.260496 42.629061 14.604114 154.473054 45.296017 -87.273054
6.377609 13.109230 42.694376 2.949634 142.161574 20.466521 59.678995
6.773212 12.789112 43.042471 9.694031 174.594655 27.407836 -103.604005
6.567762 13.340172 42.692395 2.968947 36.331840 14.791225 64.244626
6.552950 12.972426 43.025921 19.871702 186.270526 24.410192 92.976443
6.562004 13.000535 43.000878 11.494554 156.854299 32.668409 74.493683
6.519171 13.329721 42.800520 9.486745 79.956432 89.746146 -164.010163
6.545935 13.409852 42.602366 20.580763 129.991197 86.375959 142.042209
6.145947 13.062983 42.789348 11.369665 140.997934 89.457930 -138.161096
6.940147 13.632160 42.826342 10.402793 50.898426 49.056171 59.809349
6.392287 13.135018 42.872081 10.728578 278.291709 57.466369 98.096317
6.524686 13.149004 42.718708 2.828075 106.209447 23.973112 96.102330
7.266931 12.522813 42.255928 11.598470 157.454378 49.845137 -73.718060
6.590086 13.029223 42.939401 4.174821 179.802319 58.390316 -131.115860
6.343485 13.188966 43.073820 11.545306 175.548784 21.275112 110.659932
6.853367 12.936158 42.828706 11.350066 160.411515 58.383516 -52.118918
6.194873 13.202015 42.825952 8.385312 325.258681 48.488374 114.427416
6.564425 13.168309 42.664687 14.505672 126.416654 51.120112 -79.901917
6.376563 13.204233 42.886991 14.516289 29.836201 77.773972 -35.060874
6.690463 13.119184 42.717787 13.855374 343.083193 42.568126 -99.390438
6.429138 13.248349 42.743954 15.015714 170.319608 27.965401 56.318144
6.563153 13.086225 42.634858 15.463646 172.216302 48.608292 -49.584174
6.282050 13.250214 42.844143 10.866650 156.890163 47.556586 -78.703530
7.026470 13.306516 42.892089 7.223057 10.612214 86.860648 -28.295026
7.091025 12.692712 42.544520 13.341290 119.515467 57.314786 -61.559553
6.197686 13.103121 42.970808 13.984292 127.384575 56.986613 -67.840815
6.658723 13.396344 42.704799 13.364178 142.676775 20.747310 45.272194
6.074042 13.109937 42.837643 7.067121 344.461036 49.111911 -67.224338
6.808606 13.118207 42.803829 12.158941 144.620330 28.026218 104.800740
6.460702 12.891833 42.834823 6.417799 316.170291 31.484293 -105.017305
6.286897 12.982864 42.710627 4.979987 227.594768 58.795042 88.615212
6.362665 13.190662 42.535807 9.790516 139.417858 47.007030 -89.117798
6.930781 13.427956 42.855723 9.891459 122.598392 68.556444 132.641656
6.790454 13.120325 42.875715 16.903030 168.181965 38.698460 125.529893
6.055571 13.091899 42.837711 8.413971 138.718697 27.969272 -68.307621
6.305421 13.129084 42.842023 12.052335 147.445587 83.651711 -120.491995
6.315840 12.946284 42.745046 9.078615 128.479170 55.601236 -97.672184
6.545752 12.923441 42.688606 14.980741 139.313487 53.361179 -51.674659
6.873761 13.103207 42.603568 9.609012 283.517515 78.661366 -142.575647
6.443093 13.039908 42.801529 16.146191 335.069405 57.337168 -52.665076
7.010759 12.876920 42.838625 13.735725 146.104854 54.587463 -55.413940
6.524589 13.096005 42.975529 8.016999 325.977893 74.037138 -119.797501
5.529151 13.118697 42.914437 11.236802 165.626047 20.475592 114.023533
6.209717 12.955358 42.872721 21.594706 128.262958 74.114382 -31.715233
5.953036 13.155781 42.885174 6.397714 21.966211 52.876525 107.410529
6.778227 13.259957 42.845247 10.159978 173.162574 37.508751 110.325883
6.455782 13.251885 42.840442 8.712833 163.173462 56.991578 -77.020816
6.788193 13.234686 42.687320 11.348731 106.116505 26.106644 110.335931
6.009240 13.199357 42.829533 9.449532 328.705514 59.078721 -80.812845
5.978987 13.244603 42.855426 4.782799 359.841372 62.939647 -64.837275
6.722674 12.988684 43.087167 7.627792 121.848045 49.183868 -118.690970
6.537598 13.247977 42.737857 8.107763 173.659233 21.401308 130.919666
6.246358 13.003883 42.891292 8.198773 127.054879 66.632696 -30.441385
6.815076 12.896849 42.909571 10.679488 220.269547 58.554043 51.636076
6.877313 12.857255 42.715975 14.762045 298.895394 40.900087 101.318747
6.311479 13.167514 42.715120 6.622831 166.218883 35.795634 75.919057
6.671505 13.392638 43.021057 9.334495 280.238262 69.513624 -167.953291
6.511816 13.275822 42.725257 6.369804 54.416970 64.460226 -143.895664
7.043820 12.873241 42.676940 16.822719 152.195899 40.782066 -85.416851
6.563487 13.160578 42.986317 6.738898 164.206790 33.847098 81.541675
6.997948 13.085479 42.896829 5.098394 153.197336 43.425795 -97.763413
6.724878 13.322961 42.841344 10.386407 315.309979 53.445914 -46.452539
6.100391 12.973069 42.725220 12.512326 319.139080 36.902602 -55.202779
6.309567 13.100726 42.652010 11.323989 126.538734 42.804763 -78.721161
5.824032 13.164027 42.822837 5.353624 172.237772 58.424912 -48.683779
6.289949 12.925877 42.905651 3.503123 336.970618 71.551443 -133.565192
6.691618 13.208664 42.872679 13.692381 186.936231 58.437308 -102.376281
6.773678 12.893591 42.714304 15.406048 316.875778 32.838993 -87.459668
6.049486 13.135725 42.825579 6.555345 57.899667 47.851533 -75.667987
6.119290 13.017538 42.651270 4.582724 358.184023 21.185649 -120.597490
6.058234 13.227512 42.878249 15.025517 304.681738 18.862548 -86.091472
6.481619 12.873914 42.975158 12.269644 140.905861 50.882332 -82.797088
7.219029 13.114678 42.845005 30.434376 328.475461 66.332673 -174.339919
6.590446 12.827338 42.843070 13.110374 334.954877 23.278810 -74.427355
6.711200 12.552428 42.756933 13.677151 111.484848 24.683055 -73.479726
6.131948 13.089932 42.881746 17.182816 177.535443 51.313168 -62.665690
5.911467 13.038795 42.800967 8.147657 172.827722 55.424273 -115.347429
6.549805 12.922873 42.637184 11.908143 355.898358 36.278594 -108.834386
6.530971 13.047538 42.873038 23.007295 162.672600 55.348075 -131.290377
6.188319 13.166020 42.894772 16.613102 250.937160 50.875594 85.931667
6.238626 13.138239 43.016917 5.085868 154.395035 33.185221 111.602722
6.451383 13.118517 42.736564 7.072302 177.956147 29.968233 131.260768
6.786516 12.780169 42.848963 11.319940 345.423530 37.696095 -112.288533
7.135978 13.529088 43.014833 11.831514 259.740186 48.730793 58.648735
6.297384 13.152616 42.799574 12.437968 310.813850 54.813195 -100.783350
6.498990 12.968740 42.670996 15.584382 228.117019 36.770505 162.860544
6.831092 13.163656 42.887675 23.039404 165.268322 41.071499 18.861285
6.165385 13.045009 42.852282 15.402933 281.837969 22.754557 84.089051
5.991927 13.119088 42.839427 16.579487 142.977140 29.079809 120.667701
6.910144 13.007262 42.795690 11.337827 20.577589 87.970827 -152.342539
6.630334 13.022527 42.679915 16.109949 164.372681 40.597064 -71.572094
6.757664 13.408590 43.049629 6.037885 18.017951 61.362225 13.830274
6.419474 13.173641 42.790033 14.509958 135.638252 25.738334 52.598577
6.503678 13.120636 42.843246 13.332811 115.609489 51.839366 -89.732725
6.557343 13.051093 42.808402 15.626243 59.627526 83.188998 145.280481
6.931532 12.584252 42.562494 4.587436 190.324069 39.458831 73.982188
6.544486 13.024813 42.858624 3.878855 158.116247 50.166012 -78.900661
6.526677 13.224193 42.855443 2.803449 158.018071 31.359677 89.659663
6.965601 13.163683 42.678046 24.890631 140.955844 42.494388 -105.219667
6.299960 13.343080 42.832979 8.242130 56.669452 34.382950 10.497352
6.550102 13.109516 42.741381 15.895561 150.634668 54.613495 -124.181814
6.297903 13.091167 42.785044 15.668527 164.503311 40.959366 -100.970009
6.943605 13.464282 42.778825 8.159385 111.287043 49.947523 51.371944
6.740528 13.041106 43.174964 7.241306 172.116481 26.473494 93.028269
6.748957 13.467176 42.523709 10.440893 173.244134 23.546317 78.295483
6.615042 13.016095 42.715596 13.484055 296.132930 47.212969 112.492625
6.123030 13.132617 42.822658 4.406259 175.919146 37.181196 46.411209
6.280900 13.162437 42.817460 2.893384 140.300220 30.975957 46.578353
6.032983 13.003746 42.767864 9.293570 70.709266 50.355738 -19.637397
7.052779 13.337422 42.793284 5.311270 163.509759 26.789839 128.568247
6.560764 12.933986 42.851270 4.634727 1.806573 85.516033 -135.462228
6.335628 13.044595 42.814504 14.172566 136.583382 45.412627 -68.415527
6.143464 13.072397 42.835030 11.514836 170.603492 58.311232 -56.578950
6.713458 12.922062 42.719976 10.299818 339.315285 26.762428 -127.971558
5.987346 13.001135 42.915309 9.837710 338.408077 55.608202 -133.471557
6.851264 13.298290 42.743680 5.901707 118.811479 58.755314 94.452253
6.298922 13.071554 42.863018 4.907327 317.153712 69.571374 -71.005477
6.613622 13.200392 42.832757 8.388734 143.507687 37.389217 67.874486
6.589067 13.061549 42.933251 9.018989 146.623860 53.527499 -95.932620
6.134746 13.079140 42.826523 12.871644 325.330962 36.355396 -133.846073
6.443864 12.754558 42.617500 9.952208 242.654052 70.874272 -148.195602
6.349806 13.044753 42.973994 9.114498 57.297962 69.976317 123.462700
6.636180 13.001980 42.968222 11.591311 346.906979 43.492788 -100.044723
5.989364 12.959280 42.832512 8.094195 339.896240 27.207760 -107.037827
6.157225 12.980533 42.878329 4.375127 358.395752 28.412271 -69.870310
6.815479 13.360191 42.688205 4.934146 137.384096 54.500696 -64.401969
6.356357 13.153317 42.875308 4.914973 42.139219 83.933841 -162.583554
6.621603 12.842520 42.948182 11.395803 177.564343 29.483928 62.245922
5.729621 13.068019 42.764624 10.144524 166.272088 54.401087 -74.102459
6.269800 13.171026 42.763133 11.603104 152.606497 89.288778 -174.278695
6.852842 13.725728 42.912659 8.054000 289.434859 42.712396 94.300987
6.410793 13.118834 42.697271 5.990393 149.202187 23.272891 56.626798
6.887121 13.386041 42.917191 18.509589 32.315494 85.270491 -154.793764
6.376592 13.089891 42.794992 11.863351 143.281398 54.153188 -98.663007
6.837830 13.191155 42.647463 10.502775 165.797466 59.836480 -49.918859
6.327060 12.820043 42.803243 4.869447 325.729512 21.221292 -81.334817
6.899529 12.888476 42.762685 9.994814 344.921222 35.018763 -103.629349
6.554896 13.150330 42.629062 13.332865 106.145781 57.592795 -95.754973
6.383807 13.268433 42.884748 13.941038 135.189943 52.899619 -100.834149
6.168766 13.093524 42.749353 20.711807 157.708683 48.079680 -46.225356
6.336032 13.141550 42.826721 9.105910 7.204903 65.147280 149.677460
6.976492 12.955410 43.153097 14.006591 136.112800 22.105027 60.657119
6.321480 13.313806 42.772492 7.938169 173.984551 38.978436 81.625126
6.681399 13.050811 42.886475 7.831949 144.699896 45.951652 -128.791621
6.672508 12.886138 42.875459 16.919105 163.059327 48.381171 -76.624471
6.019242 13.149472 42.792693 6.993049 167.216244 25.905446 119.929223
6.389625 13.181028 42.881673 5.602220 121.245945 38.566103 -58.890834
6.305553 13.074927 42.878991 10.962624 149.723470 37.177001 -59.686691
6.721594 12.651814 42.958071 13.821231 56.262179 65.925228 34.554179
6.397114 13.014106 42.614713 8.951275 323.894588 67.384476 -30.827216
6.857529 13.019973 42.755689 7.220255 117.093869 44.804488 -138.773532
6.347656 12.956363 43.000730 3.597954 175.986506 59.650501 -72.267425
6.263770 13.286511 42.781149 11.654378 319.218768 42.466009 -50.896587
6.754089 13.198018 42.749612 18.474741 136.394258 38.180384 54.399995
6.607866 13.104361 42.908758 16.296654 37.918374 30.781662 -114.275222
6.153221 13.171802 42.746926 12.739260 30.515172 54.046245 -41.837203
6.391653 13.031904 42.726003 2.497028 334.869334 30.307508 -101.897618
5.988933 13.090554 42.942105 12.426278 150.681907 29.196278 102.206287
6.300540 13.121673 42.904455 11.087510 154.885132 36.400634 -87.243363
6.826954 13.481423 42.900454 5.238406 153.120198 59.948353 52.394984
6.589588 13.085174 42.782636 15.655605 345.829502 33.332903 -130.166462
6.859928 13.412800 42.693216 8.817503 116.057523 31.784327 -48.055444
6.343442 13.424782 42.934446 14.581848 298.110370 12.658573 102.762968
6.078822 13.126721 42.771040 5.441520 148.070963 32.204716 110.113985
6.362282 13.081626 42.787202 17.261445 123.460437 45.967816 -97.521999
6.831252 13.421945 42.789777 11.170444 145.188508 39.462043 89.382173
6.354949 12.905400 42.933714 13.001575 223.916921 59.482672 -91.818840
6.745149 12.972188 42.954127 4.915144 172.863437 39.466595 54.046969
6.798574 13.165645 42.807514 22.607832 160.209079 37.483092 118.108011
6.415842 12.927846 42.720868 12.694340 309.906511 78.243884 100.478134
6.245464 13.238829 42.909926 10.149931 170.119173 31.588642 102.159904
6.438078 13.104336 42.817095 9.272850 276.227552 74.441397 -76.932496
6.488562 13.400017 42.918274 7.563052 270.257870 46.637794 47.813528
6.043253 13.187600 42.873692 15.740727 322.258395 56.357327 -114.458235
6.577828 13.277746 42.504319 4.935155 144.359772 47.801874 -58.449077
6.555924 13.228927 42.868248 15.634580 279.685565 66.169309 -91.239503
6.948938 13.212572 42.608425 19.658934 98.535858 77.274230 -122.611652
6.380913 12.973808 42.984195 9.766098 132.546991 67.045243 27.227659
6.897916 12.947133 42.783311 12.010079 282.082592 29.923719 -76.722007
6.920226 12.932592 43.089769 9.439537 18.536015 57.815896 116.563338
6.445553 13.141843 42.930935 7.170647 142.581875 59.543518 -98.122840
6.433008 13.214921 42.793496 9.560057 137.731919 30.722275 47.088526
6.924632 13.310996 42.633890 5.296820 358.640132 51.643965 -116.622867
6.732031 12.514045 42.780246 5.943813 328.484328 49.988774 -50.686119
5.999408 13.110933 42.797470 14.843959 131.829882 35.928449 -101.118829
6.050255 12.933773 42.834502 12.389610 108.710765 50.465266 45.193693
6.519792 13.178699 42.896711 17.933770 39.701764 86.431395 158.070306
7.031880 12.726946 43.195269 3.190181 133.677203 13.351392 -101.777038
6.319257 13.012711 43.010308 16.055149 167.112493 28.149082 79.723770
6.139864 13.109264 42.720813 6.031682 121.784160 43.675703 -58.997645
6.834578 13.174452 42.824067 16.983706 140.657229 49.312972 -99.259920
6.991798 13.312034 43.018983 7.034643 70.178085 87.711316 149.307317
6.352775 12.933662 42.850063 13.316001 140.285978 52.110033 -120.372741
6.203757 13.033714 42.744502 9.109045 132.839383 55.718607 -49.424210
6.600271 13.071078 42.937129 8.498428 78.124922 56.361854 -139.200286
6.638357 13.067684 43.020903 10.900115 35.163467 51.356099 88.778742
6.178179 13.140826 42.882619 12.020059 49.476139 89.625736 174.921584
6.657941 13.115289 42.759629 16.580672 150.709555 33.724523 79.090427
5.744227 13.131561 42.847298 4.029584 312.065245 63.338730 -105.347968
6.210990 13.139363 42.782882 7.153538 162.506062 20.131777 70.655693
6.315877 13.238541 42.677235 3.611179 162.936182 60.563426 -136.851444
6.490454 13.093313 42.765988 9.720973 143.851995 51.309667 -94.031139
6.612834 13.139334 43.070560 11.596393 178.486506 87.772880 -144.132563
5.915293 13.117497 42.777381 11.313924 170.860566 21.156399 -85.407339
7.164387 13.426137 42.555798 8.572025 287.230297 50.637891 -84.911610
6.606783 13.215116 42.648769 23.386659 153.145537 44.894460 -134.755349
6.338870 13.030063 43.030757 7.141199 301.006875 34.609859 -78.335332
6.688553 12.969257 43.043852 12.141705 178.122064 59.932463 -75.690695
6.486018 13.249828 43.018070 14.923138 141.420348 30.892821 128.934269
6.269373 13.004846 42.895386 3.386679 344.474143 16.229902 79.411431
6.626411 13.185695 43.248830 8.499353 312.251687 70.960216 -32.513978
6.414318 13.149329 42.926590 21.945564 176.801997 27.595930 67.909559
6.622592 12.731312 42.869054 4.185934 244.486275 55.409221 -100.402082
6.607142 13.065349 42.823218 12.445090 158.024269 42.298788 -100.517175
6.399081 13.070033 42.805585 12.404209 57.699934 77.392392 -132.202989
6.045327 13.064232 42.812400 5.428400 146.400377 57.338888 -132.465540
6.320696 13.163484 42.861277 10.236604 312.784551 15.584394 -159.898987
6.239741 13.141307 42.790230 11.742816 260.127505 53.667369 164.598896
6.363595 13.151262 43.006904 8.894416 39.915031 82.165214 -24.780690
7.015630 13.138659 42.930932 5.727823 129.051430 38.606836 124.555396
6.339010 13.020904 42.707905 2.521456 196.888647 10.892056 65.979704
7.008871 13.229768 42.467082 8.927679 91.168177 41.328224 -52.348934
6.121841 13.055493 42.754079 12.061980 5.140528 83.142810 20.135519
6.515694 13.120072 42.749932 11.079565 140.875982 22.161911 128.251455
6.495356 12.807566 42.653443 6.369006 108.973330 45.074382 -109.848303
6.603937 12.954223 42.821499 3.036254 327.729320 32.518996 -59.771431
6.082391 13.257781 42.806588 9.820282 158.197891 27.445786 88.016338
6.255967 13.043328 42.764742 7.235240 174.568708 47.727547 -116.391513
6.381925 13.370251 42.872075 8.758222 136.323050 44.343199 53.983059
6.542486 12.844818 43.045082 9.387742 139.031402 42.920797 -126.766348
6.807461 13.483015 42.839265 9.120357 52.045579 68.754369 154.118589
6.360379 13.257204 42.693330 18.116206 328.363108 47.803101 -57.976719
6.056745 13.042077 42.815356 15.174254 152.060538 56.961262 -121.990512
6.875623 12.918414 42.883601 10.105100 4.184953 65.220269 -153.547855
7.164800 13.470114 42.578021 12.692916 292.268976 34.094641 -75.092008
6.708144 13.348329 42.862777 3.378176 164.643562 31.309294 45.986875
6.614473 13.175643 42.885860 7.472698 158.866405 31.857741 47.024646
6.518135 12.984231 42.753489 6.306895 136.018052 40.770093 -57.305500
6.567504 13.063298 42.706905 7.704527 160.545039 52.313374 -67.056103
6.256283 12.995865 42.935507 18.883300 149.310491 58.609032 -57.541627
6.484920 12.784474 42.874623 11.275510 326.337671 33.640786 -130.312199
6.778529 13.208135 43.013688 10.350204 163.171623 29.670982 65.295105
6.116678 13.155850 42.765378 15.046493 53.917086 82.615748 -38.812953
6.651440 12.973438 42.812931 10.698178 345.051429 21.290318 -92.596003
6.213494 13.305561 42.883317 8.195036 278.460284 48.805660 -75.508147
6.494773 12.865152 42.678806 3.780260 162.787052 41.421588 -124.934822
6.824475 12.754634 42.721162 13.716467 357.109268 32.338760 -97.067334
5.934227 12.874583 42.888925 3.912422 7.923636 38.534364 102.872053
6.391664 13.165157 42.919097 16.776828 155.803184 34.332140 82.865913
6.376184 13.010669 42.843897 5.431809 135.698685 41.368034 45.137756
5.666138 13.035080 42.816071 8.773652 179.809995 55.928169 -111.661969
6.820481 13.022081 42.772745 10.329096 7.254391 71.786746 -36.921260
6.799620 13.168219 42.905345 8.086338 162.420138 39.121796 49.023990
6.181944 13.150649 42.858631 7.023660 161.766267 37.458945 -45.292400
7.339538 12.924324 42.660356 18.104481 354.457715 52.096891 66.934858
6.838731 13.427870 42.850458 15.919209 146.522369 33.262353 53.865817
6.924239 13.170052 42.559961 11.235206 308.760445 79.768953 -10.421472
6.117610 13.064949 42.876859 9.224209 198.321415 65.593852 169.072698
6.401550 13.044817 42.891552 16.994334 129.777165 81.254895 -11.783832
6.283362 13.145322 42.868744 9.825278 204.508774 74.296787 104.319271
5.969356 13.042963 42.790129 2.472237 319.828146 37.600699 -104.757870
6.730659 13.103918 42.531661 4.345459 109.419179 49.757555 -105.706314
6.480752 12.877704 42.873477 5.170467 124.874264 60.887937 -61.996426
6.281820 12.920154 42.877727 7.100211 104.494140 53.909932 -104.455764
6.537141 13.154233 42.877811 7.753370 136.017812 28.475480 67.086522
6.795811 13.253715 42.692454 9.819375 167.361025 27.841671 -59.556597
6.495472 13.003895 42.903219 18.686846 255.971206 75.643444 -78.461053
6.432851 13.312103 42.765495 12.435003 214.735106 57.037735 -38.059433
6.531662 13.131677 42.765708 15.802831 325.158735 47.244490 -108.755534
6.027280 13.048363 42.835090 22.079928 234.066640 52.640657 47.075441
5.841826 13.103383 42.970140 10.754304 43.298221 59.134873 78.890437
6.423098 12.953522 42.704046 13.199138 285.846256 58.447851 52.768545
6.799857 13.338019 43.172990 12.820304 194.442784 79.774234 -170.328077
6.739742 12.959663 43.305970 5.909944 151.522784 25.972494 104.255659
6.832854 13.207188 42.799616 15.716060 152.791117 44.122711 -67.029523
5.884254 13.237039 42.891989 8.551244 277.056222 64.706416 110.071964
6.425066 13.201848 42.654373 14.671655 176.314334 87.141126 -3.566497
5.946521 13.028612 42.854211 11.490907 299.815649 67.441792 -149.566085
6.184456 13.100180 42.914380 18.370818 85.362324 30.609064 78.740086
6.863019 13.634075 43.002981 11.776654 151.184919 45.572440 108.181345
6.477228 12.953339 43.004407 5.058773 10.064425 20.430254 -58.870037
6.531921 13.173987 42.939346 15.786282 135.146269 87.343689 62.109637
6.307523 12.972101 42.775477 19.556987 155.622464 57.464050 -105.166144
6.661136 13.080050 43.052870 7.215943 99.560866 25.518494 -70.549497
6.639693 12.966469 42.720793 19.568522 326.749519 58.612172 -66.435857
6.915448 13.252809 42.856689 21.222383 334.193210 64.363873 172.815502
6.782669 12.810474 42.541207 19.650141 343.216565 20.560978 -99.573442
6.704617 13.210068 42.734819 19.117134 102.617664 71.672209 173.013436
6.533686 13.045202 42.872058 14.918572 91.116031 81.651266 163.779420
6.269240 13.330330 42.838985 14.728317 165.020413 45.302319 -66.190290
6.454189 12.952289 42.714400 14.377167 104.788880 49.885969 -47.803491
5.903305 13.163553 42.873435 8.511808 135.340183 35.437387 92.265463
6.378079 13.154087 42.736556 7.180041 304.774813 72.898589 -145.460540
6.908583 13.329457 42.993917 17.840565 96.319515 54.907180 113.862389
6.529878 13.061166 43.050357 3.776438 229.272198 50.747635 -177.834962
6.990108 13.404913 42.657873 14.776452 169.327207 31.215876 -53.102550
6.892147 12.550525 42.789371 17.480925 321.445184 35.689491 -56.530035
6.017520 13.151067 42.832932 14.614190 175.754891 23.826453 118.258759
6.137188 13.196229 42.869087 9.768920 43.420025 78.075658 35.901099
6.356203 13.043122 42.907970 4.847905 176.789252 43.952520 -86.570065
6.395794 12.966796 42.986581 8.814944 328.938896 74.460633 -13.104892
5.924223 13.040653 42.960285 20.939417 326.129808 34.215670 -70.626313
6.308527 13.239874 42.833331 10.302331 322.159675 56.924727 -72.451525
5.983742 12.899198 42.741399 20.075467 356.162313 61.632577 -102.528620
6.403878 13.002044 42.862910 17.367448 155.205776 47.563049 -54.917834
6.930399 13.411616 43.004398 9.557827 165.856810 22.288913 51.650995
6.991807 12.956768 43.019605 23.365295 91.210985 33.379972 -75.736305
6.563051 13.049524 42.931490 8.787154 155.568494 54.521479 -116.709056
5.401402 13.165023 42.904172 11.406509 172.081810 28.506135 65.397688
6.952831 12.686144 42.905805 7.544797 110.741373 68.700628 -69.901217
6.378137 13.198219 42.942688 2.517909 178.087329 27.319624 93.318159
6.755402 13.013932 42.873509 18.762033 170.550582 44.600764 -116.300180
6.417428 12.994504 42.929046 7.314830 164.890499 27.176330 72.917550
6.702264 12.886680 42.419193 11.038009 123.394678 54.395984 -85.979291
6.139262 13.090247 42.797423 5.045539 357.479375 24.789945 -52.225305
6.125442 13.094172 42.781189 9.774060 178.267889 44.812360 -112.958367
6.499920 13.060164 42.761439 4.179405 154.817685 71.113325 -75.997328
6.605722 13.030097 42.919792 18.946082 144.535341 44.184858 -66.116715
6.760919 13.388921 42.834945 4.032532 161.204331 32.594471 100.706565
6.643702 13.096207 42.576726 8.240623 161.543780 41.203617 -110.423166
6.351384 13.136603 42.838718 11.912815 177.095517 38.553370 58.561535
5.967390 13.141824 42.987459 11.530603 139.351938 74.240138 -153.143456
6.157715 13.143818 42.959914 12.626189 100.383185 46.223648 -97.177211
5.930821 13.114464 42.889524 1.999753 121.129763 27.113038 -98.861041
5.978308 13.133051 42.778784 7.263098 160.971507 56.741162 -82.998259
6.321009 13.265154 42.888795 3.799046 156.536496 39.514146 130.431179
6.301707 12.987742 42.779505 17.487568 151.048107 53.872015 -52.616785
6.073480 13.153468 42.830703 16.114292 173.573531 32.487790 123.492694
6.124683 13.083580 42.976236 11.142667 165.642255 30.394249 70.942517
6.385976 12.904785 42.820592 8.443158 254.019519 58.694493 -72.211111
6.762612 13.494649 42.912566 12.185727 161.201305 58.494527 69.373437
6.615956 13.057761 42.747388 6.308967 319.639102 36.611202 -75.518895
6.748895 13.377453 42.937455 3.643050 179.788467 36.194125 108.420251
6.434820 13.043726 42.985879 14.799072 345.157893 77.423637 -73.792965
6.635376 13.222730 42.872751 12.313678 145.343965 28.066705 72.662744
6.489941 13.123935 42.823986 10.082084 125.733976 54.461893 -124.675193
6.471292 13.457857 42.755381 6.400498 156.540761 33.154495 61.064013
6.464258 12.713859 42.822041 6.049781 342.851938 50.761686 -85.016731
6.099508 12.995585 42.769735 3.107994 350.274054 39.543937 -73.906415
6.563660 12.950647 42.740944 6.834453 313.195600 75.311937 -144.402711
6.976975 12.979363 42.748870 16.643249 96.420504 71.975530 30.114977
6.199386 13.140918 42.896356 10.366373 223.421517 48.804863 -16.151256
6.397521 12.929171 42.633242 12.625142 356.644475 39.884268 -114.489085
6.873140 13.220599 42.677138 8.946470 22.334033 40.361200 -9.035464
6.843351 13.552133 43.075113 11.225786 345.723437 22.226302 -96.714524
6.132921 13.069988 42.715021 9.520763 63.135795 53.365359 -59.528825
6.515428 13.169862 42.896389 19.811711 51.990472 45.143872 -55.608693
6.141453 13.217937 42.797398 10.442365 46.985536 80.911070 -170.879016
6.372397 13.083635 42.703742 17.832883 103.011021 44.584430 -80.255026
6.496728 13.127322 42.980550 5.071256 146.484487 58.056762 -72.759353
6.089508 12.971193 42.870270 12.266347 309.092922 28.081292 164.831923
6.461478 13.048097 42.745483 12.593718 353.947750 64.217811 -83.192309
6.449840 13.395320 42.984845 10.280270 165.225222 26.144189 90.616353
6.532738 13.314783 42.768682 24.630895 7.899425 80.003824 -17.375561
6.442722 13.007922 42.702635 7.599101 139.804554 59.700765 -95.940407
6.296473 13.075877 42.774220 12.076957 352.432081 76.759848 -93.611765
6.460864 13.254561 42.865531 9.772310 170.597565 26.134694 133.217670
5.826684 13.034772 42.885636 15.707424 166.515503 40.422630 -124.272993
6.097789 13.134008 42.960013 8.208816 266.832430 54.688537 59.230445
6.188552 13.217895 42.867627 13.824815 281.700983 38.491295 -98.564434
6.730678 12.890439 42.845647 9.410962 160.886456 45.869634 -46.402854
6.364437 13.123290 42.720427 10.718518 148.603081 36.737330 64.452715
6.836883 13.044846 42.771670 11.495847 296.585121 74.001224 -121.293679
6.172447 13.106973 42.759177 4.218852 331.162422 38.304831 -76.281179
6.621287 13.095377 42.766589 18.364546 323.021531 42.076454 -121.622229
7.041090 12.987409 42.652085 5.078498 333.839450 25.383955 -65.656583
6.895437 13.139873 42.991545 5.340814 157.047162 55.012642 -111.500544
6.701492 12.877485 42.560951 11.952571 337.840787 36.164703 -77.537762
6.421925 13.252812 42.981614 8.403926 267.100003 20.331926 -92.403929
6.799497 13.531864 42.952025 5.798653 56.297609 89.128543 136.685176
7.095398 13.340908 42.933941 19.555208 172.645713 30.718672 131.319272
6.260459 13.095230 42.891644 4.494287 306.249935 30.871268 65.340201
6.799491 12.754135 42.779552 17.001120 27.006657 42.952672 -8.578825
6.086047 13.132159 42.869039 9.088358 166.653051 25.218976 110.662609
6.623868 12.862585 42.801978 4.063425 68.942095 52.223799 -69.284167
6.097665 13.109647 42.731732 10.424238 169.797529 21.473576 111.923361
6.814826 13.151317 42.844587 17.815097 174.609728 20.895975 115.043363
6.382211 13.208351 42.771017 2.588662 141.414744 23.379433 -74.702904
6.064497 13.087339 42.815181 14.559865 358.154057 35.040782 -31.943159
6.133383 13.092955 42.843258 12.710517 93.690770 46.927582 -86.701628
6.638326 13.152517 42.667577 12.737194 131.376122 50.435538 -122.610716
7.075672 13.580693 43.092861 9.519093 147.874231 56.825309 81.847181
6.168467 13.091902 42.791328 4.162584 119.318520 41.195717 -129.497701
6.748509 12.989728 43.059839 25.286309 169.280858 29.461092 134.219439
6.858568 12.727745 42.674765 26.906538 318.854531 22.089410 -121.953430
6.030073 13.139640 42.809885 7.203009 165.388618 89.741267 166.417391
6.524988 13.018337 42.728204 9.242736 13.819899 87.771340 177.767921
7.052858 13.157088 42.696390 25.319592 250.528298 19.948353 32.006857
6.623241 13.148535 42.793313 5.926091 148.823725 25.752547 130.195125
6.213563 13.260397 42.905318 15.007561 177.658438 30.003428 100.505562
6.711156 13.558785 42.821251 14.591973 313.751324 48.880765 96.921023
6.722841 13.000778 42.725966 4.896840 339.045911 29.296019 -100.420157
6.636515 13.284847 43.034190 12.291916 162.459084 25.366712 54.741792
6.764753 13.218666 43.131069 18.820418 146.923232 43.478632 88.827497
6.041001 12.849326 42.877459 7.450154 138.792905 50.125027 -133.379801
6.819756 13.145555 42.969552 9.766482 145.502068 23.889047 88.166210
6.376899 12.932436 42.798277 11.741746 107.176575 85.371829 156.045418
6.119842 13.121912 42.712304 6.369962 143.852806 33.890880 61.420723
7.052048 12.764066 43.311695 11.179371 332.715695 53.628120 -98.314698
6.811904 13.251731 42.663047 13.506372 175.616527 35.911212 70.359153
5.885396 13.081422 42.818637 13.904837 137.534788 40.667219 -100.292527
6.839106 13.082798 42.666176 20.521173 156.199605 47.220321 -131.568695
6.219820 13.112421 42.921979 13.945741 159.655580 24.112535 79.578736
6.308184 13.347137 42.920164 14.347294 110.456873 15.160009 -117.497895
6.236765 13.048565 42.860738 18.086845 102.459837 55.812772 133.147139
6.424069 13.037961 42.718275 9.854425 177.912692 52.130237 -122.739642
6.124764 13.118667 42.874802 11.928891 27.431937 47.342436 -40.866620
6.794787 13.086484 42.585570 5.483613 177.248197 54.453517 -80.785772
6.390523 12.907614 42.899351 6.239922 254.235563 39.375921 178.055870
6.619747 13.191864 42.977823 9.149599 298.484649 59.209945 -134.948500
6.168012 13.000848 42.826301 15.008753 322.207318 24.903741 -100.596326
6.751651 13.173355 42.927828 6.872959 137.564531 36.119498 75.389196
6.661065 12.919323 42.858642 5.665208 355.087295 38.373808 -107.528608
6.625955 13.187433 42.797497 4.987133 144.217088 35.018584 68.565510
6.037134 13.038029 42.912885 18.049602 155.564862 56.540175 -73.459454
6.250005 13.033175 42.831692 15.446988 223.495610 46.347965 62.539990
6.384717 13.073042 42.907655 16.361672 107.869589 37.108429 124.728439
6.635134 12.886068 42.829955 15.385621 321.498571 35.705301 -50.802502
6.534468 12.960084 42.938222 15.680174 251.400260 75.922779 81.930404
6.682444 13.289544 43.114312 8.492031 149.274224 39.367041 71.514286
6.347362 13.224904 42.863426 11.574510 146.905204 55.665265 -76.637267
6.243194 13.075525 42.900933 5.898661 137.934578 40.502500 -67.589424
6.427089 12.940456 42.883972 17.819000 146.339971 43.557865 -134.220235
6.037794 13.060223 42.977354 10.208864 45.727785 51.444557 -143.657971
6.299728 13.207675 42.927997 11.540222 141.766634 36.504885 112.177187
6.670518 13.126219 42.908249 12.026756 155.068446 54.374778 -94.308894
6.404385 13.180147 42.668694 7.641248 341.949107 58.266061 -57.825174
6.504909 13.022166 43.143912 12.900628 172.662181 38.925176 109.888949
6.230519 13.029607 42.769561 8.663194 335.066112 22.989224 -107.918223
6.684460 13.369534 42.660931 12.563791 136.955196 25.817063 47.463305
6.408322 13.263411 42.842498 17.876065 108.943405 52.877378 -48.193671
6.539822 12.737458 42.757964 8.195165 302.396160 36.163886 -46.826201
6.801134 13.322179 42.843842 18.074858 94.932784 36.191096 163.704344
6.325041 13.234444 42.843347 16.890489 93.844833 56.489139 66.559627
6.669523 13.063044 42.775563 13.032117 59.918394 72.301059 78.224074
6.264887 13.125780 42.894731 6.769008 177.570750 20.343249 96.106267
6.281932 13.348230 42.711452 12.241186 134.182078 70.812623 -71.249083
6.276421 13.187312 42.726962 8.373974 248.612501 56.456415 62.366769
5.708670 13.009831 42.823430 12.801473 324.032505 52.815481 -38.161555
6.509438 12.869828 42.805728 15.504502 112.192989 56.239877 -60.628347
6.974410 13.307811 42.619725 11.660612 61.724420 28.829400 83.733868
6.023268 13.052684 42.720238 19.371188 336.421201 32.445250 95.696080
6.624481 12.933622 42.891031 12.163109 140.417054 28.293277 75.053643
6.530576 13.256380 43.009084 2.839484 163.012160 31.899428 87.269271
6.455604 13.244395 42.787111 8.434518 160.724488 23.422992 127.451646
6.839419 13.463749 43.091398 15.054274 139.994733 58.418853 88.553984
6.511538 13.263124 42.772351 10.848282 173.886912 28.383618 53.243637
6.135449 13.129659 42.861434 9.487805 175.503186 50.247863 -128.802336
6.806565 13.223530 42.971189 5.017677 55.493491 57.138526 -45.646257
6.341600 13.077690 42.879269 14.687102 95.290886 57.985430 -110.995099
6.203925 13.223608 42.904369 12.414027 178.450531 22.900919 70.448192
6.604202 13.103900 42.764900 9.620143 314.598932 76.169445 -154.369611
5.827732 13.056780 42.831915 8.823652 343.200441 25.808972 -70.071429
6.310495 13.149036 42.972215 16.415190 178.949972 24.031452 75.877368
6.677166 13.061506 42.946577 12.314804 264.411504 71.303286 -74.348758
6.413722 13.143540 42.909980 6.600552 21.093048 45.385981 81.874938
6.602853 13.292118 42.741622 6.985280 175.527211 22.666945 103.723363
6.417759 13.286740 42.821054 3.748698 130.739100 49.877373 -89.937296
6.501623 13.018873 42.973231 10.005131 154.784467 48.242681 -50.474257
6.578824 13.358814 42.939746 6.433971 165.571317 27.816657 70.227341
6.355517 12.980490 42.821209 2.905773 175.115376 42.045241 -46.414409
6.434032 13.004569 42.719150 18.023032 320.193523 69.047355 -123.579361
7.052503 13.590460 42.596459 8.830409 141.916564 32.859724 50.455935
6.539325 13.132044 42.748946 15.633944 331.636934 74.775565 -100.731649
6.578647 12.948336 42.736131 19.889209 281.186186 46.108755 -57.744250
6.592606 13.317912 42.703949 11.901048 232.493449 27.472965 176.538461
6.907557 13.164777 43.117488 10.886859 11.305406 81.077941 -164.723347
6.707599 12.920614 42.706218 26.142288 159.281843 41.137982 -61.905478
6.409787 13.330573 42.949332 9.260982 176.967699 30.001494 65.707591
6.405540 13.103415 42.794868 6.976268 65.332088 73.495422 155.527584
6.450951 13.053904 42.880198 6.884515 139.949616 44.640525 -113.337531
6.764095 13.437180 42.647128 10.178271 162.922343 23.932870 126.765119
6.730651 13.083960 42.844350 15.074047 275.596672 27.427768 -102.048304
6.357874 13.085048 42.743083 10.755709 178.095383 56.539039 -79.486431
6.219811 13.189467 42.730641 15.844019 150.815287 33.211782 114.777052
6.227603 12.975606 42.958642 9.498265 5.102169 50.043180 82.772161
6.735283 13.458917 42.596536 12.533479 161.395735 39.837348 66.746366
6.396876 13.394006 42.672561 15.725787 339.589414 56.146444 -94.937467
6.551843 13.209325 42.748164 7.882534 30.093369 47.446316 -154.051088
6.640311 13.036106 42.734501 9.556595 155.966557 66.516609 -116.141908
7.193514 13.096179 42.687893 6.468570 147.141457 47.080533 -83.924037
6.605816 13.107456 42.771216 13.815508 343.407471 46.723619 -77.748309
6.875993 13.000278 42.948688 11.544354 150.829408 38.400325 48.239736
6.881327 13.118358 42.927515 4.418092 13.022725 40.972061 -116.410439
6.272654 13.353427 42.775705 3.950960 110.508141 48.194168 -109.611885
6.887221 13.145478 42.743172 11.493992 137.669925 37.190577 48.091112
6.101777 13.152523 42.749271 10.729039 150.902437 30.403285 89.826956
6.463294 13.329290 42.895222 10.588406 175.275257 31.799151 72.078224
6.588204 13.049530 43.097067 21.083508 160.884939 53.279131 -98.210546
6.649761 13.038665 42.710605 12.930970 159.139652 29.048735 -115.965914
6.101310 12.988712 42.828783 7.426745 55.257051 62.333596 -164.570202
5.971225 13.147985 42.816475 3.596324 45.242891 66.573721 81.077010
6.404887 13.068086 42.730747 16.774870 208.568709 55.882768 -147.774808
6.429390 13.044442 42.682929 11.964787 324.592779 22.028635 -174.493904
6.836768 12.866849 42.755592 15.070752 136.371725 41.723258 -132.029698
6.621367 13.258507 42.891893 8.449256 151.826823 39.035028 49.378251
6.051398 13.100797 42.774172 14.367432 151.667859 57.733535 -62.311206
6.982484 13.060450 42.980059 5.984542 159.194501 58.327572 -62.529518
6.872590 12.758705 42.854590 4.175910 339.536235 37.980427 -131.600666
6.436648 13.292124 42.944763 12.693973 184.966060 21.304727 73.506730
6.139512 12.959006 42.732077 14.301511 174.351076 49.346246 -88.763143
6.568821 13.303592 43.006047 12.168880 160.970612 29.696000 86.667069
6.392468 12.973746 42.798891 10.256916 288.868635 77.380169 -112.420971
6.256087 13.081158 42.936003 10.116023 176.561753 84.061282 114.326939
6.667438 12.936953 42.875173 3.410084 335.864316 36.257475 -64.933891
6.585955 13.200563 42.872908 13.506974 13.937479 85.797721 155.739085
6.292977 13.099307 42.811478 10.351444 143.527794 50.437647 -113.038834
5.850229 13.205950 42.872645 17.746543 223.232826 72.564754 -135.307697
6.695630 13.150630 43.000086 5.754412 320.879364 67.336618 -162.929758
6.912197 12.833114 42.870852 16.628830 138.059531 43.274725 -86.458689
6.331544 13.254454 42.825546 5.600312 235.508801 62.414827 175.146833
6.664200 13.057214 43.027229 16.098634 152.269310 26.021931 101.046874
6.919177 13.317876 42.859533 13.529488 302.315867 39.956015 -133.179413
6.732585 13.411735 42.701246 13.680965 130.854776 36.141085 -122.781092
6.076626 13.155644 42.909206 11.608596 186.171445 63.770622 136.886536
6.194041 13.114664 42.810367 11.913305 157.470655 38.137743 84.190942
6.818143 13.007772 42.894751 5.484103 174.970067 50.781095 -89.764444
7.009518 12.919799 42.680481 8.486176 351.470976 38.695940 -85.191246
6.582131 13.368389 42.578869 13.505506 133.503742 43.434654 118.536081
6.581211 13.202042 42.890309 11.528544 178.135080 22.055135 77.071673
7.135768 13.096964 42.744764 18.290752 135.414687 47.340865 -57.027232
6.643769 13.107531 42.778350 7.913136 337.485480 34.355664 -125.071416
6.349112 12.788588 43.011152 7.889547 345.723957 33.154567 -108.536324
6.198128 13.114851 42.883267 11.487246 172.458001 52.565567 -97.629333
6.650599 13.150589 42.960784 6.490133 291.229304 38.431845 -64.126286
6.532014 13.047736 42.672171 11.046783 84.080849 71.400767 -135.933388
5.867921 13.072220 42.859024 11.346497 322.244385 31.492429 -93.248584
6.475136 13.129340 42.928088 9.658377 177.176481 41.696841 -111.670341
6.232131 13.019226 42.859915 6.622523 344.460417 62.540892 120.988883
6.635122 13.140757 42.948226 16.081606 176.741787 43.690044 -81.758556
6.638142 12.862963 42.838979 9.392394 327.522655 67.801686 -116.475003
6.613992 13.444008 42.768421 13.280257 146.807421 81.067372 42.918322
6.603561 13.054413 43.001644 4.157307 205.646421 35.963354 -10.721329
6.352305 13.044771 42.794880 13.664634 172.009528 59.588260 -63.591049
7.217499 12.389828 42.752722 12.444091 312.808765 48.247926 -76.873903
6.627548 13.419965 42.961630 6.778429 154.762152 36.643221 50.602084
6.519995 13.122600 42.891063 8.254953 12.136937 70.110166 138.311962
6.233992 12.946978 42.856889 11.678650 70.434755 83.477348 135.242668
5.997533 13.136650 42.837213 8.670716 111.701571 62.565522 -45.052521
5.943676 13.282627 42.843198 9.093691 175.861942 89.101832 -150.000910
7.008159 13.240813 42.763294 18.727602 167.248445 23.683993 81.819526
6.707885 13.124846 42.832867 12.039141 132.229443 60.498924 -58.044078
6.162697 13.129550 42.994019 14.330915 17.318057 48.666099 85.930240
6.624922 12.962098 42.907913 5.306057 138.299773 59.026162 -98.823538
6.910063 13.374587 42.967760 15.946838 173.254019 78.602230 30.385698
6.589753 13.054002 42.813165 7.243067 167.308930 40.633698 -98.755537
6.753410 13.342128 42.751083 21.439319 139.322724 59.433047 -108.810037
6.566599 12.981226 42.695923 4.471140 31.032791 71.031250 7.069677
6.548074 13.299541 42.723840 4.145988 53.239745 35.547623 147.762349
6.761808 13.072259 42.634650 9.240039 169.102319 50.084685 62.412015
6.077215 13.167772 42.943997 13.638082 36.661564 89.313220 34.210046
6.566054 13.282834 42.841189 8.765779 144.618660 47.390139 -47.573556
6.558830 12.716831 42.836518 14.733920 356.140308 36.256521 -92.409744
6.587437 12.967286 43.015033 4.052182 328.117968 55.209313 -49.982130
6.839994 12.999840 42.554580 14.381378 331.709042 36.311322 -112.463111
6.604518 12.791373 42.830652 11.373194 85.682598 86.704692 157.465440
6.474970 12.867969 42.822840 21.831333 342.728049 20.420397 -121.612930
6.432739 12.855893 42.782115 3.351037 206.132032 49.104796 60.628378
6.558013 12.878247 42.872706 7.430850 322.842730 21.646916 -73.105293
6.418744 13.212859 42.839769 10.149586 218.279649 77.994812 123.333424
6.476735 12.699595 42.861394 10.104048 146.067666 19.283000 3.444665
6.432124 13.221187 42.818066 13.352483 119.585521 65.173227 87.687095
6.910729 13.112017 42.718589 12.513054 16.477786 83.575770 -142.338114
6.689883 13.096951 42.841313 7.943629 156.350415 57.999360 -128.208789
7.216117 13.206050 43.098487 17.282813 150.852903 34.116497 59.018474
6.009274 13.037578 42.935704 17.787655 145.713193 39.809015 50.912208
6.367719 12.941555 42.837633 6.785475 128.858542 25.753839 -69.330783
6.491440 13.218894 42.823098 8.614135 178.793224 49.093186 -64.331625
6.255317 13.004083 42.854954 13.810563 343.488557 59.111953 42.420253
7.056612 12.983137 42.509414 29.161980 334.152576 37.594264 -55.565325
6.628856 12.928062 42.820339 5.740578 161.078866 53.074672 -100.254939
6.899237 12.976578 43.173710 5.183022 176.166578 21.132698 68.805252
6.604161 13.322445 42.837078 9.594315 330.773273 40.602548 -99.989067
6.313691 13.257287 42.738839 10.261704 1.436060 44.074860 -33.531927
6.189192 13.167831 42.998817 9.359354 176.131940 36.164099 61.954599
6.820024 12.740053 42.850147 14.787315 352.221794 22.387961 -129.889833
6.409600 13.319585 42.906091 3.686138 343.996183 39.083453 -90.071231
6.695522 12.915008 42.783726 12.416781 174.778688 54.823551 -70.111259
6.322160 13.048389 42.910839 15.876883 167.795431 45.013332 -106.081744
6.199556 13.152793 42.756056 7.042339 142.046220 20.387785 77.638385
6.568319 12.859539 42.995729 8.940105 116.961960 82.643180 172.022038
6.763686 13.054874 42.948980 6.410808 282.067574 22.308959 -89.281760
6.766833 13.325988 42.848569 7.470447 145.929853 22.566481 -74.513151
6.951859 12.671570 42.765430 10.118438 332.244133 25.983673 -76.960482
6.488844 13.181212 42.743653 10.572914 129.765394 81.348249 16.144344
6.564260 13.167076 42.693911 10.777453 331.377813 43.524054 -72.624978
6.665924 13.166125 42.755943 7.750604 135.716472 84.564786 7.444365
6.575532 13.201000 42.967370 7.423355 141.220364 34.143227 115.067821
6.904245 13.001729 42.641807 14.873388 322.453539 39.463706 -58.514083
6.388056 13.169659 42.713529 7.824068 177.095955 24.103375 70.197914
6.455850 12.970088 42.799752 7.178594 0.448579 42.730422 32.500721
7.128437 13.466363 42.896933 5.695710 69.605693 42.667108 64.691720
6.622782 13.171114 42.991082 5.338472 290.934218 59.008349 -131.179984
6.492562 13.273695 42.792314 4.574865 158.677650 34.344815 83.117364
6.583424 13.223637 42.878553 14.193364 146.679146 47.615549 -60.842420
6.605994 13.082940 42.829832 7.837319 343.166886 30.749776 -52.367291
6.519044 12.980710 42.699402 13.689781 251.673183 20.510459 159.511862
6.094935 13.165725 42.652651 17.545839 121.749140 53.277263 -68.667947
6.446719 13.111439 42.964009 7.882232 303.575379 23.159992 28.536390
6.478145 12.940632 42.943517 11.220053 164.871786 25.298748 89.123042
6.844303 13.287457 42.777526 5.041505 350.800186 37.686107 -55.598013
6.139611 13.255033 42.728503 9.654527 175.833487 27.736964 45.141398
6.009591 13.064684 42.898513 13.205508 59.834229 85.512292 -144.958099
6.342931 13.010851 42.823455 10.443983 160.845227 40.606079 -113.286271
6.305595 13.187297 42.855208 5.717879 136.961942 30.125855 96.840110
6.443524 13.257539 42.827693 17.199964 156.584475 20.887227 -165.917092
6.827204 13.605573 43.120783 11.255160 162.416299 52.570691 60.037338
5.784615 13.027278 42.747651 10.887458 278.233506 67.791372 -54.447338
6.497678 13.112183 42.892778 7.192555 149.803017 30.823661 95.719495
6.527200 13.399571 42.648125 5.416426 109.969428 56.053904 -55.003094
6.212344 13.159369 42.795795 15.019088 2.165103 85.907590 -173.352524
6.478975 13.056008 42.821771 10.743599 142.648238 63.786606 -134.508587
6.319025 13.005722 42.778809 12.344824 37.967725 49.282324 -119.932901
6.904875 12.738932 42.880195 7.756040 140.272006 33.026820 87.339411
6.667496 13.426691 42.948339 8.275374 175.654566 33.342083 51.822017
7.050508 12.441191 42.724528 5.145743 120.746902 40.883745 -53.949974
6.860295 13.115944 42.715055 8.468082 343.465542 50.001192 27.649226
6.413703 13.073134 42.877568 8.908838 160.398705 31.952926 74.226261
6.009108 13.161211 42.893779 9.557274 144.074376 80.623902 -8.685171
6.570969 12.987330 42.816966 4.597329 158.817530 58.335525 -90.770473
5.952304 13.127040 42.920627 12.923533 302.082339 32.880245 -151.985929
6.397046 13.076838 42.772004 13.354157 352.834419 32.537253 -54.723902
7.124670 13.373308 42.747214 16.032264 321.904215 44.072413 -119.314995
7.118465 13.067943 42.377548 10.643344 98.134949 30.686078 176.811038
6.516387 13.042068 42.778634 3.735886 350.468652 52.161076 -147.178259
6.492347 13.065682 42.556446 14.600182 318.789115 76.806386 -91.092205
6.559509 13.302933 42.742116 13.185789 137.072174 39.751995 106.235643
6.084417 13.233359 42.806231 5.257732 131.010703 20.800061 -155.625516
6.270146 13.034152 42.796987 12.769638 303.442563 17.725524 -77.995745
7.180323 13.082236 42.995746 10.586042 99.429102 25.805408 -115.935259
6.716994 12.866693 42.907062 11.120450 324.908285 31.616344 -88.413701
6.832097 12.629183 42.724896 8.450090 104.994152 80.763778 -163.263830
7.020762 12.939282 43.243272 5.536963 258.870077 44.002723 98.626372
6.688579 13.443080 42.763695 5.773926 55.792590 39.332398 -10.281951
6.736852 13.009143 42.613603 8.819806 332.606043 21.591244 -53.217061
6.522140 13.332347 42.754026 5.126632 151.497871 35.838831 75.296126
6.242733 13.210714 42.864443 10.991518 272.034807 49.423280 159.330925
6.752157 12.537029 42.833494 8.241703 258.356873 53.138603 133.526598
6.769038 13.426462 43.020983 8.371278 148.602461 30.125490 68.982555
6.595742 12.722290 42.720490 22.428822 6.645373 82.162028 -179.664158
6.580312 13.191344 42.745799 18.788986 345.198129 31.481400 -90.967718
7.068207 12.759572 43.357843 5.785297 108.671445 33.689760 107.021121
6.031977 13.161912 42.798392 8.879220 322.430987 72.040768 -84.384810
6.507336 13.432982 42.884478 3.373739 234.590586 38.538486 98.579345
6.439307 13.313007 42.887428 7.276008 102.824379 68.908594 -5.723292
6.834207 12.672295 42.438330 5.793044 271.646065 73.656677 41.498650
6.935753 13.111663 42.627923 10.087115 119.434332 27.258926 -50.400863
6.406159 13.183217 42.722345 17.639064 154.649807 20.224289 68.010146
6.943257 13.250312 42.637875 6.360884 138.901499 73.256922 -85.916558
5.885183 13.056366 42.733568 4.155368 173.748710 49.788329 -121.713820
6.682421 13.282442 42.820971 13.774414 209.478448 36.363619 -38.843264
6.712629 13.028977 42.854606 9.571118 173.480850 15.208549 -66.335162
6.650133 12.990803 42.891731 10.981685 138.353601 49.815645 -67.559514
6.759156 12.780809 42.912295 12.930233 169.231849 53.329734 -112.213388
6.299176 13.162043 42.751102 6.630830 200.853881 49.270064 -62.329142
6.509300 13.105484 42.782813 7.847739 106.355610 77.422787 104.958412
5.947240 13.039945 42.937490 16.733282 259.364418 32.028245 85.582638
6.950197 13.006059 42.716381 9.210831 302.466670 51.855045 118.495589
6.288121 13.021251 42.748357 11.133319 183.006553 24.015330 -131.495399
5.974708 13.148653 42.722059 11.091565 164.158416 46.427083 -121.532963
6.353246 13.059029 42.973775 9.575426 179.071970 45.186858 -101.941695
5.895640 13.249081 42.740746 11.989444 179.107368 20.598263 -80.181682
6.349071 13.227597 42.770202 12.233477 140.008913 61.915989 -167.243568
6.977915 12.759960 43.160926 6.153160 146.159877 53.218794 -62.226388
6.638181 12.925584 42.873988 3.545850 317.705600 40.250616 -103.157917
6.310455 13.250064 42.683397 3.204805 334.641797 54.692240 -67.966074
6.465925 13.232800 42.706700 17.811092 158.318263 59.164005 -80.070677
6.256575 12.989945 42.890440 10.083114 141.002489 45.129785 -59.173568
5.896575 13.319851 42.830752 12.841503 178.214801 52.813342 47.215210
6.038762 13.152517 42.748843 6.208515 152.666550 86.764270 -20.441845
7.157573 13.282964 43.118390 6.311699 160.809456 35.091028 47.369084
6.933576 12.613593 42.535800 6.904647 324.660598 64.654752 -67.210529
6.985096 12.842096 42.611591 13.666470 251.673313 38.967927 -14.851527
6.239698 13.101895 42.871549 10.406106 137.137980 43.881731 -49.787838
6.091732 13.165741 42.743334 9.789140 179.587422 44.284793 -82.547973
6.186771 13.119484 42.806047 9.299912 141.335575 26.471372 73.226949
6.116179 13.147030 42.954654 10.422586 230.685745 44.803458 97.182686
6.678034 12.905172 42.641670 12.665492 341.634386 30.722683 -60.123813
6.831302 13.067042 42.715843 13.979999 348.954618 47.175295 -118.545273
6.209137 13.134804 43.036665 10.199669 146.407822 49.450189 -82.300234
6.886402 13.226363 42.913593 18.823031 105.409516 17.277457 -12.035321
6.300853 12.930834 42.918345 8.283757 172.756224 48.280198 -60.542512
6.297019 13.186172 42.782790 8.701643 147.562750 42.821642 -97.735625
6.589434 13.092971 42.930858 2.855894 135.247487 20.970561 -109.315174
6.319674 13.187801 42.936045 6.361860 176.235316 33.443449 119.359230
6.575996 13.159022 42.850274 10.475117 168.760355 28.447271 128.361314
6.754158 13.269645 42.889810 11.648414 275.963823 54.656462 -95.487135
6.593451 13.008285 42.974670 13.030892 351.502150 54.016438 -83.855515
6.251304 13.097989 42.792858 15.185741 115.291931 44.616995 -102.279293
6.216560 13.145507 42.784737 9.766908 173.448353 38.689496 80.759012
6.398666 12.986019 42.951406 10.287240 311.105066 55.825634 -102.965236
6.186757 13.180838 42.847234 9.125332 179.945435 21.170397 108.431176
6.700474 13.212391 42.691616 5.951269 167.792451 29.885772 91.025991
5.899316 13.052240 42.829150 11.773094 124.433398 27.611569 102.232190
6.241549 13.107254 42.908094 9.845499 178.034415 58.979960 -86.757595
6.940361 13.182640 42.994062 8.872689 288.573746 45.128176 -115.528995
6.385013 13.121210 42.918838 8.957249 169.385476 30.520189 92.195929
6.533086 13.251242 42.904040 11.613791 174.850495 37.426223 116.542588
6.558725 12.730801 42.899133 3.180871 319.155054 21.317281 -85.319175
6.280776 13.338266 42.894601 10.169698 287.593060 75.557396 85.352956
6.369128 12.897526 42.818466 13.006880 353.693449 30.636374 -123.284335
6.870711 13.180634 42.642759 8.653668 302.628489 75.317795 9.124143
6.414079 13.385231 42.831704 17.020145 163.866105 34.364497 63.968901
6.819565 13.177287 42.516989 21.674046 177.899321 40.423112 -134.647391
6.701296 13.224078 42.836786 8.572469 147.309164 28.710191 120.610743
6.750635 12.978294 42.586763 13.741724 350.182336 35.648255 -57.427925
6.435828 12.842242 42.701944 16.170291 151.181723 50.385119 -76.356414
6.634091 12.999406 42.920485 16.575437 270.823702 52.240816 -103.486283
6.522425 13.134773 42.900815 7.500250 145.871216 49.703487 -88.776585
6.619332 13.125194 42.782117 5.789454 2.797311 24.544459 122.647787
6.550443 13.185248 42.779749 23.435697 158.632027 31.182405 60.999817
6.543717 12.915872 42.867225 7.104550 283.413866 32.617282 -63.586860
6.643978 13.384843 43.116123 10.160019 334.674590 53.672224 -125.435571
6.501719 13.151617 42.753484 11.792957 315.658955 30.838138 -107.190435
7.374448 12.681286 42.840915 20.934947 345.662353 20.542798 -134.148688
6.985214 13.347171 42.696082 12.269343 144.578391 35.568685 105.836325
6.947038 12.956806 42.760103 17.159135 122.640260 55.399459 -117.741662
6.040383 13.065350 42.704618 15.361420 136.870551 55.219835 -99.917917
6.487234 13.071086 42.738396 17.444743 172.527176 45.394810 -130.506358
6.353346 12.888817 42.846847 8.190959 321.759154 30.187875 -130.987154
7.221350 12.909933 43.049222 7.472150 169.499713 57.073464 -85.022746
6.594955 13.235699 42.808347 16.263081 149.135565 50.802110 -121.044807
6.197591 13.070728 42.929632 8.066403 263.076277 66.066288 101.481424
6.102009 13.286212 42.700892 17.643724 174.316696 27.167447 122.954513
6.554474 13.126157 42.686556 11.518280 163.389405 32.027770 133.072345
6.529861 12.648056 42.802398 13.461818 319.804305 21.631703 -71.781017
6.233293 13.288810 42.841477 13.880892 337.494070 50.029629 -162.676987
6.480412 12.827381 43.037821 2.807580 335.375888 33.376400 -68.840123
6.690467 13.306778 42.705076 14.560664 185.908223 34.850979 -120.477289
6.093426 13.197206 42.754102 15.745359 146.826780 24.787039 75.995080
6.597798 12.689597 42.782004 12.504846 349.165216 39.166581 -90.407263
6.057633 13.181690 42.903810 11.936543 140.965954 28.441534 95.834095
6.364071 13.139595 42.784672 12.799011 225.524387 48.872919 123.108606
6.819718 13.455564 42.759311 22.319847 159.907961 31.554665 75.863542
6.855585 13.553395 42.837110 22.844736 150.279363 22.724300 60.742546
6.124919 13.192389 42.786726 11.601210 209.991258 27.447260 99.967384
6.029565 13.035601 42.735126 11.140202 342.398645 23.960333 -48.055808
6.763687 12.940817 42.795607 11.576454 226.059935 55.724378 120.952280
6.096150 13.055790 42.844611 12.227416 337.468270 32.608871 -56.720418
6.775537 13.035703 42.987127 18.504374 357.514886 78.361173 -134.878237
7.004448 13.668888 42.969908 14.528831 117.956461 23.047510 99.470086
6.575477 13.288102 42.725944 11.224205 165.521376 22.801086 89.276077
6.307637 13.076857 43.028798 18.391053 355.100054 41.359101 -98.674328
6.700657 13.078955 42.481390 19.559278 166.637595 58.481077 -89.167657
6.374119 13.230777 42.803029 16.088053 129.364845 42.764653 -55.677702
5.857230 13.054681 42.843688 11.672077 297.149811 50.536764 99.760024
6.975423 13.109154 43.083189 3.377483 355.546292 24.157513 104.859266
6.794034 12.705835 42.909454 12.518792 352.418259 27.223450 -53.237192
6.862995 12.869388 42.611244 10.369741 31.791459 40.754825 36.555989
6.199277 13.032662 42.861314 7.901722 338.133717 33.127823 -99.309384
6.023439 13.150963 42.897490 8.935776 176.341848 38.049780 96.914266
6.958129 12.804689 43.137601 16.250517 160.131753 55.053502 -101.429296
7.243367 13.272352 42.828870 6.963146 147.864419 48.938036 -122.938587
6.556201 13.181520 42.877298 17.670737 314.596491 40.273479 -69.151563
5.660618 13.143543 42.786051 15.886177 53.424978 87.430883 176.180977
6.404079 13.199969 42.894434 16.634156 133.574893 57.015460 126.586798
6.352503 13.143690 42.841225 16.602040 92.259400 56.946268 -120.501784
6.733573 13.296365 42.964552 14.862902 338.026994 45.241724 -115.399977
6.234097 13.297633 42.789462 4.566306 138.385953 38.113663 63.008327
6.875007 12.827499 42.802548 7.767065 353.457908 39.916144 -123.196731
6.575471 12.958913 42.700555 12.431474 148.767504 46.819553 -47.227295
6.398649 13.004614 42.766253 12.497770 68.737835 79.535644 124.694290
6.724605 12.810275 42.861010 11.821665 166.584116 46.279927 -65.027584
6.439730 13.001714 42.874284 5.757003 177.119720 53.499237 107.573408
6.354701 13.242934 42.947782 9.268253 143.542616 35.638554 58.277221
6.267323 13.111297 42.872103 9.827699 101.276126 28.842914 -46.687106
6.946666 13.294721 42.798761 5.195962 241.440311 17.309035 -3.128380
6.288112 13.007001 42.812237 6.114498 337.237733 53.110876 -51.385107
6.544464 12.827958 42.758370 6.025375 325.519159 48.163013 20.781420
5.691432 13.103255 42.761506 8.348397 156.166989 47.663572 -114.272400
6.677088 12.919140 42.979210 7.799183 170.381424 47.860250 -132.006369
6.503406 13.066815 42.927758 17.862095 162.574376 46.557921 -63.058675
6.662433 12.759823 42.963219 10.013966 145.799060 56.845788 -128.398475
6.414277 13.169052 42.748681 6.964147 275.100820 56.652852 -80.162056
7.109019 12.517612 42.816103 7.252280 328.341788 45.454529 -124.590165
6.634497 13.034595 42.747326 10.387718 118.521877 52.626765 -122.897246
6.581713 13.065102 42.634073 16.514573 351.076582 25.751100 -64.933241
6.578487 13.425006 42.696322 18.241137 165.454759 20.852866 81.857092
6.890174 13.542088 43.036638 5.994561 178.526381 71.512960 -99.513148
6.332702 12.964546 42.903672 2.293837 328.297782 20.351009 -82.240741
6.246601 12.997285 42.872548 16.723813 127.824991 47.259948 -57.803263
5.770357 13.117167 42.868350 3.739809 176.375391 36.064637 121.430203
6.571858 12.843543 42.765168 16.755822 38.112912 49.548361 106.882784
7.074151 12.891267 42.730406 13.646615 352.455237 34.966731 -123.459374
6.373657 13.059336 42.779279 16.151655 301.374685 75.965706 -85.760139
6.445223 13.112058 42.887811 5.333941 285.221846 48.372264 -38.161579
6.035360 13.223848 42.841829 3.639545 148.427485 34.288932 90.605672
6.530762 13.135482 42.722997 6.849289 357.018262 46.032420 -66.574272
6.372568 13.220479 42.847152 12.985989 177.584139 37.330099 73.174170
6.783876 13.067290 42.990397 9.066992 169.120887 48.143954 -95.914155
6.599711 13.227996 43.034872 17.486572 151.859427 34.844743 92.857540
6.074907 13.142649 42.849274 8.688791 125.609610 51.184027 -96.016315
6.322860 13.173973 42.875258 12.608951 161.760331 43.937114 -95.333503
6.338142 12.928143 42.903037 13.151077 152.645257 41.799634 -101.638386
6.559550 12.992325 42.891721 7.261135 178.128710 56.201210 -52.278110
6.506808 13.066402 42.942451 9.640200 331.793306 74.725973 -126.571792
6.944629 12.495601 42.421068 12.625571 302.373147 76.708670 -89.661292
6.877025 12.874043 42.959113 10.910435 179.492834 45.653870 -88.256233
6.478971 13.169978 42.994497 9.442440 299.846036 49.645497 89.794612
6.896057 13.133483 42.604632 16.005175 131.616222 53.296254 -118.107190
6.526716 13.178030 42.687720 14.006842 160.787288 39.045267 93.795329
6.154374 13.194292 42.723042 19.833121 122.518548 50.228031 -120.901201
7.143816 13.300880 42.925578 8.115303 26.356490 85.858306 136.680387
6.206362 13.171891 42.840275 8.662910 150.574816 48.814742 -122.581775
6.439700 13.093049 42.755163 10.546695 351.583896 32.515779 -53.922053
6.570046 13.004382 42.921769 3.748478 170.276099 31.997274 80.021351
6.872127 13.138564 42.902789 5.758081 168.182340 46.101242 -75.137218
6.343063 13.001766 42.911884 7.541586 60.597499 74.873287 130.315599
6.464609 12.893580 42.755019 8.425921 209.337123 27.479271 41.306659
6.007241 13.052184 42.777810 11.686854 325.365025 26.708854 -64.330780
6.320817 13.140695 42.800566 22.356327 5.470508 43.636625 -74.514172
6.239250 12.871638 42.738375 6.606050 149.598541 54.966620 -110.437991
6.777848 13.386415 42.914253 7.955981 231.419959 19.195597 69.548844
6.509611 13.291055 42.871686 14.322017 171.358328 34.614854 98.347346
6.907340 13.219810 42.779593 17.339169 161.386135 58.701306 -47.016862
6.367266 13.047632 42.751343 7.231844 97.751137 62.088573 -57.135981
6.245285 13.002205 42.945131 13.750233 301.225810 19.679505 143.591550
6.406559 12.920502 42.821084 12.009614 356.207344 66.820971 -125.256904
6.186002 13.293005 42.861276 10.622966 152.095252 40.080738 -66.903558
6.749707 13.248237 42.615388 11.315152 106.116865 42.553868 -130.592926
6.393262 13.133428 42.744716 6.302356 137.763689 23.227511 80.672114
6.469692 13.163886 42.999644 8.798137 69.055347 82.052530 -5.113453
6.874701 13.385039 43.049821 15.933445 176.330141 32.049047 92.213678
6.779110 13.360770 42.697527 8.212008 92.605484 58.566899 55.822469
6.198463 13.079104 42.767574 6.124783 320.177247 38.700685 -97.559721
6.484953 13.364261 43.075357 9.631146 157.424376 23.475344 106.854595
6.578142 13.104568 42.923263 13.146299 164.271903 48.422576 -98.785058
6.271921 13.060769 42.892839 19.434062 147.635577 54.178278 -120.228065
6.434133 13.007278 42.850421 19.443868 270.726835 47.608083 58.662424
6.116138 13.017682 42.768394 11.859799 143.915119 51.607365 -118.595229
6.809948 13.258294 42.856942 10.095997 128.525522 45.936225 -92.121018
6.417917 13.120651 42.756064 6.242676 197.175854 63.142342 14.020339
6.650525 13.218709 42.961959 4.687094 151.448521 23.380004 73.228684
6.796800 13.020704 42.727147 9.279272 141.492723 46.191657 -72.942763
6.637896 12.972389 42.849739 4.636247 331.848596 67.394916 -99.349528
6.548573 13.233023 42.969854 14.953917 121.549646 48.613541 88.346716
6.390080 13.098309 42.818127 21.485991 139.423600 41.799949 -68.706619
6.803242 12.723081 42.960890 9.622323 354.016167 24.611770 -117.614778
6.346578 13.236493 42.831904 7.892066 356.906291 53.814491 -66.251772
6.411636 13.107183 42.883926 8.723078 320.184809 44.915087 -67.598351
6.179359 13.181507 42.907507 15.559928 327.430033 32.463443 133.651109
6.484199 12.876425 42.740572 5.035661 35.060243 82.655742 -25.563290
6.687744 13.299959 42.579718 7.094106 124.481577 88.757402 -146.824754
6.443603 13.116177 42.803918 14.959907 223.278394 52.383782 127.061740
6.056681 13.247336 42.875501 5.020941 159.182437 48.261561 76.044682
6.182056 13.205621 42.829421 12.351353 153.630911 42.606331 -60.168529
6.778797 13.298437 42.867889 8.106380 171.911689 54.862998 -63.635783
6.311172 13.161878 42.810449 9.019013 148.402331 30.580295 122.276546
6.611639 13.248665 42.841797 6.835947 145.403172 26.401148 70.012565
6.707352 13.138058 42.911724 11.995126 161.282198 49.527534 -90.299082
6.324472 12.855460 42.791073 3.810620 180.458813 67.392467 0.330767
6.231622 13.052601 42.802728 4.403565 333.129215 36.016327 -102.384402
6.626702 13.068151 42.989422 9.851901 47.754018 85.719046 -167.923527
6.618253 13.221100 42.921292 15.459206 154.883124 22.581980 97.102093
6.483974 13.256001 42.889084 5.311683 348.470134 31.752778 18.714305
6.590646 13.284459 42.817717 10.974051 334.707590 10.171629 62.305002
6.246914 13.312290 42.856920 3.233426 174.871118 32.333378 105.564929
6.073483 13.108085 42.825873 6.659194 164.898377 20.297356 90.669051
6.266606 13.118967 42.874843 7.870161 317.297601 71.892005 -153.730615
6.168544 13.250072 42.847067 4.192958 315.253746 21.595818 -62.733760
6.678228 13.382571 42.897860 10.342046 175.186427 25.917655 88.415924
6.364419 13.207101 42.770599 10.568561 321.527859 58.026071 -111.972669
7.069546 14.176662 42.707300 9.914846 341.327118 20.163178 23.779838
5.831801 13.105224 42.813667 7.274507 19.414877 57.027337 118.214993
6.616781 13.368979 42.897036 4.915590 173.197065 27.160529 101.327564
6.502235 12.860499 42.733497 16.585827 320.147376 36.289781 -105.790071
6.786653 13.065960 42.569942 6.493671 129.419009 76.917435 91.118833
6.516950 13.080167 42.852152 9.918066 325.847182 35.026914 -83.831858
6.353110 12.881054 42.749624 8.761336 90.409709 29.192940 96.775958
6.317725 13.128081 42.885215 9.184199 152.690581 47.194023 -51.184805
6.374394 13.052676 42.725519 9.860191 171.538982 41.341048 -65.238067
6.415225 13.218197 42.938352 16.189081 174.685497 30.947638 83.647848
6.535999 12.910587 42.867826 16.803571 283.440504 73.582001 143.894428
6.604508 13.232885 42.857105 14.282568 285.669328 50.201015 -115.024707
6.773804 13.087161 42.867959 11.812560 160.872862 34.265726 108.621609
6.601693 13.359719 42.833284 13.770019 164.855783 36.818749 111.721411
6.423800 13.253235 42.780460 10.328025 29.087573 48.424447 52.125933
6.529600 13.190267 43.038071 22.036724 155.489444 29.495683 129.819596
6.351034 13.109201 42.926804 13.411127 144.884709 58.264853 -65.667227
6.613850 13.170323 43.005546 7.982305 50.528669 56.861482 76.161702
6.585121 13.073199 42.877122 15.955458 151.523044 36.370522 89.891995
6.214674 13.104046 42.846822 9.860514 114.826804 50.583021 -110.610995
6.380792 12.914021 42.621310 15.020550 329.639470 27.507453 -68.495644
6.282295 13.185034 42.891423 2.891907 138.729545 43.009778 -89.045629
5.970990 13.119039 42.932005 9.781375 301.612747 43.770119 -118.830731
6.070675 13.122997 42.919289 11.473692 188.330837 32.588068 18.546068
7.018273 13.380501 42.653505 14.296226 178.381404 47.922400 -56.254828
6.360273 12.993052 42.893648 11.638162 55.385898 40.526132 59.799446
6.692267 13.110592 42.742803 9.940718 147.114733 36.267013 91.248891
6.320003 13.077549 42.815862 9.841840 154.994167 47.510186 -124.505236
6.249809 13.265488 42.911623 13.503895 161.475007 21.716062 79.018683
6.608894 13.104661 42.865125 13.704855 310.429913 54.192761 -96.298134
7.061276 13.891029 42.899472 6.489614 162.993551 53.882783 69.575471
6.487206 13.056490 42.849330 9.970761 354.874028 31.928498 -45.696349
6.779125 13.136474 43.155124 9.932697 160.911525 34.665133 83.635584
7.190338 12.465629 42.497131 5.371257 131.640762 33.407337 145.489750
6.419636 13.064415 42.816186 11.491674 63.935675 62.572819 -146.976737
6.739319 13.346138 42.730042 5.791944 133.200418 35.316873 -115.874423
6.331810 13.214370 42.905249 3.763991 0.707797 80.665424 173.312894
7.026675 12.652802 43.187349 15.964266 154.118701 48.934768 -110.494408
6.754233 13.550727 42.659792 6.998921 141.516757 23.289360 117.240619
6.657962 13.196043 43.035153 7.168965 164.884910 26.457034 54.245645
6.362032 13.307651 42.899538 15.363828 154.713018 20.011920 106.953648
5.966734 13.126823 42.867871 9.426586 310.205873 45.435771 -85.047280
6.700608 13.516609 42.893039 14.797554 259.008647 17.973940 145.497299
6.620712 12.899780 42.502482 13.793425 130.243674 83.205849 -1.353816
6.187002 13.116864 42.874502 4.574335 296.523265 45.485545 -124.585635
6.379204 13.127683 42.839237 7.766117 160.099550 50.899549 -110.170902
6.690000 13.016346 42.804977 6.401062 14.543328 53.228788 126.234697
6.252533 13.295024 42.758563 13.291770 147.488136 39.856305 50.750184
6.749952 13.056564 42.927108 7.621612 353.085421 48.089469 -60.456260
6.489943 12.926952 42.889857 9.904522 340.530096 33.976639 -82.809441
6.551244 13.169962 42.781319 4.756214 248.469872 30.282020 76.049663
6.411238 13.306339 42.842561 10.235834 141.676734 21.863933 134.530051
6.539443 13.197075 42.948264 7.967417 164.601387 27.536180 46.811836
6.564864 13.177950 42.847000 13.335622 302.509471 48.964438 -17.008905
5.977703 13.125283 42.853332 8.630911 169.510305 33.427905 96.343841
6.274959 12.993449 42.821352 17.105749 245.847651 15.089226 57.241966
6.227412 13.226669 42.824330 4.432797 179.874143 87.986143 -44.876250
6.937762 12.976778 42.685158 13.940106 353.506543 22.014956 -84.567830
6.010596 13.158290 42.752068 13.241308 316.924532 53.294926 -91.516808
6.521157 13.424952 42.810217 4.473704 57.842661 85.730879 41.310349
6.817700 13.306712 42.904941 3.941741 270.821090 37.387497 127.960672
6.560596 13.164581 42.895804 13.854579 135.984598 25.812583 49.536880
6.780702 13.180499 42.612743 5.501027 159.659240 73.412417 -19.019990
6.803611 13.214299 42.815833 5.037695 140.564604 38.788569 106.055335
6.817816 13.007983 42.956087 5.861184 177.630637 24.239796 83.770705
6.809299 12.884788 42.746170 15.953330 7.312367 88.271325 -4.493460
6.388047 13.137740 42.871580 6.476665 290.484501 25.947880 -134.002966
6.998343 12.994443 42.999639 10.769140 142.029483 23.623940 93.186010
6.481987 13.127157 42.784974 3.528773 174.995987 50.195824 -116.930381
6.463037 13.008415 42.648669 10.071586 327.209216 25.056356 -49.140629
6.647787 13.035251 42.837093 9.175307 136.952689 49.611096 -127.723401
6.441131 13.134984 42.889322 15.280979 162.602233 31.669357 48.300122
7.011584 12.814435 42.874309 17.301708 141.035013 44.488410 -131.906393
6.284539 13.156601 42.779026 14.961047 166.494853 67.926748 162.854908
6.238869 13.228599 42.906858 10.363783 80.805733 71.110488 -114.268783
6.622458 13.005866 42.789085 21.747378 200.888195 39.518756 132.884381
6.061995 12.972426 42.839182 5.812570 294.364265 55.808554 71.664938
6.634638 12.868288 42.987233 12.497799 172.870551 27.857219 115.159544
6.246227 13.136348 42.933515 8.167540 174.837465 15.337033 -107.943760
6.728039 12.949988 43.034188 17.966149 176.760255 53.569209 -106.780332
6.681489 12.844738 43.037694 18.407565 228.525607 28.355707 95.291610
6.186609 13.057125 42.710188 18.406305 53.210052 84.781906 -151.686776
5.959807 13.123569 42.879491 10.858123 151.388229 82.518089 -172.202729
6.404523 13.350181 42.870825 10.260514 139.946020 25.711323 134.717917
6.147133 13.216348 42.942401 15.597466 167.952278 26.338046 128.195970
6.679357 13.075368 43.042412 16.630279 169.173845 45.522942 -121.389315
6.923296 13.449151 42.741594 11.862275 312.294481 79.145283 -53.658532
6.474888 12.978092 42.572675 7.171913 354.958852 24.817571 -132.095408
6.493506 13.173360 43.136143 8.197631 178.888789 22.692556 66.495128
7.074943 12.436634 42.715273 18.517878 155.781312 41.107343 -130.331412
6.355965 13.222821 42.888394 9.352052 175.782180 58.312881 -60.428974
6.650809 13.152165 42.538519 9.934046 146.871110 47.753399 -65.686174
6.261181 12.936001 42.767552 4.543617 137.190491 45.293654 -70.157290
6.238781 13.140067 42.790264 3.468042 147.111590 30.286986 84.685864
6.625600 12.876068 42.580135 18.618758 207.702137 48.396286 -50.803345
6.643354 13.027512 42.711922 13.941224 140.681427 55.301733 -131.810608
6.304201 13.298094 42.848603 16.717213 144.370629 56.993025 -106.370587
6.356036 13.275389 42.747927 10.530611 161.463512 26.728346 47.836051
6.220302 13.064259 42.849023 7.603135 163.181447 48.227511 -72.086138
6.722296 13.487605 42.832962 10.905635 169.442077 27.882155 108.778013
6.299591 13.047904 42.906942 10.212546 170.963782 56.308102 -52.710096
6.463244 13.084227 42.995376 10.262910 164.962293 47.961690 -61.298833
6.519651 13.255489 42.594324 7.013686 342.482670 47.722279 -55.537779
6.549594 13.135235 42.809285 10.033184 158.676242 35.851534 79.913066
6.525072 13.633765 42.731231 11.011437 178.818742 27.987273 114.042410
6.325785 13.281188 42.775684 8.253366 163.867617 35.873007 93.834849
6.378168 13.279651 42.846125 13.039640 156.059548 38.685813 98.170850
6.486853 13.338809 42.698387 10.160125 148.521220 53.191077 -126.969433
6.671293 13.223022 42.948135 14.458190 146.410680 20.561754 93.983072
7.031405 13.021990 42.876196 13.384343 355.933199 22.328048 -56.257015
6.604704 13.379312 42.728170 8.348927 23.135194 45.700709 -98.473764
6.545633 12.886944 42.819993 17.436914 178.484780 21.166925 -95.913191
6.662501 13.184936 42.759120 14.457108 258.522137 55.853065 -23.038165
6.538623 13.112504 42.749775 6.425292 250.246216 72.152866 14.159775
6.734820 13.316127 42.788913 16.684212 351.988827 65.482058 -126.660863
6.508107 13.216620 42.818262 9.674077 137.368693 33.683318 56.229922
6.779738 13.100382 42.850771 4.235672 175.886379 44.243510 -86.323008
7.083720 13.218358 43.426104 11.150347 176.304400 24.288498 96.940053
6.636664 13.141233 42.733391 8.461431 140.447151 37.814363 107.868027
6.197444 13.056242 42.804475 17.979552 104.458277 56.352563 -86.658108
6.271388 13.097103 42.819572 8.074285 167.538660 52.934217 -95.267820
6.406585 12.953846 42.873916 9.604292 319.862838 32.879615 -133.980553
6.674076 13.045932 42.792372 9.267486 275.995181 65.251572 -149.047172
6.140165 13.146422 42.855702 6.670822 86.819793 85.628931 10.987824
6.542682 12.861044 43.121857 17.599385 45.424450 83.140465 -4.960064
6.558794 13.432276 42.836219 15.319844 156.308789 22.489053 47.998117
6.177296 13.098915 42.856077 10.193460 334.560554 36.409789 -55.336766
6.782210 13.094708 42.910107 12.999178 149.416654 39.065218 114.925816
6.545749 12.936246 42.739528 16.849934 142.867132 40.407700 -100.968315
6.043514 13.188845 42.788648 8.369401 162.005473 39.980730 130.743337
6.776329 13.221569 42.617758 10.283151 295.034396 70.895373 -148.442435
6.635058 12.922517 42.772709 11.254177 150.545971 73.422959 -58.991852
5.960385 13.312383 42.814282 8.423303 171.587212 24.519852 124.973492
6.596428 13.010048 42.789129 18.456814 174.570787 55.178917 18.040519
6.656363 13.335135 42.670135 10.474853 144.939452 58.629243 -106.138471
6.514994 13.281653 42.788343 7.450768 171.383527 26.082264 86.837554
6.431010 13.121934 42.917681 6.174991 7.340471 86.885937 150.212589
6.388013 13.097455 42.929022 10.050449 170.043568 58.622081 -96.527765
6.013028 13.074653 42.765484 10.868403 138.037400 48.494013 -82.992634
6.919880 13.535944 43.164706 10.404157 175.813615 36.274028 86.808885
6.660466 13.019354 42.796278 8.983300 149.809483 56.367974 -72.287589
6.421585 12.863215 42.919143 14.602497 171.433012 49.085555 -108.412273
7.019667 12.975377 43.157037 8.100508 161.555747 38.350386 133.825342
6.445157 13.220996 42.850127 9.093872 212.272724 30.504936 -28.665223
6.109462 13.094988 42.799584 7.936237 327.897681 39.658555 -53.386118
6.546307 12.825386 42.870098 9.576364 227.914927 56.387886 -66.886152
6.171985 13.206823 42.773905 20.372716 193.113979 50.934191 -28.929188
6.041410 13.146814 42.929449 15.342564 145.293476 38.089933 131.604147
6.992494 13.496318 42.280667 7.320136 134.585922 47.665875 -112.641291
6.626208 12.954046 42.752364 14.823159 135.161102 41.362757 -57.048122
6.434352 13.149242 42.882524 7.604991 150.897194 39.226706 107.920494
6.176964 13.124321 42.948708 15.348933 330.843092 45.492636 -50.990153
6.856143 13.395007 43.087781 8.423368 145.480688 24.213760 117.404837
6.719029 13.165807 42.738484 11.376464 139.819154 43.760349 -72.350516
6.432954 13.258835 42.752031 10.324373 130.240484 30.523368 121.195775
5.992226 13.177011 42.773257 4.955631 165.227167 28.447885 104.984627
6.597853 13.049363 42.931780 8.972178 197.379078 77.183294 -165.831000
6.435710 13.114868 43.062631 3.683178 173.593576 47.786117 -121.242665
6.581319 12.951935 42.800750 7.818771 141.677765 50.241464 -90.357086
6.085491 13.068037 42.819301 10.816133 340.472316 27.603395 -106.399435
6.568337 13.289733 43.079051 15.641292 64.456994 43.779177 45.140501
6.270970 13.087265 42.858871 5.330486 175.862625 45.490160 -106.769545
6.305732 13.154829 42.872966 9.208702 252.910030 15.459598 21.925466
6.288234 13.073856 43.071706 12.151763 156.897521 58.828754 -74.625204
6.592480 12.990922 42.807017 6.272263 140.718349 47.410631 -97.831894
6.444875 13.278737 42.991056 10.480044 297.227895 76.537776 129.951836
6.548366 13.149306 42.733269 14.597121 136.141481 38.575594 63.245895
6.507336 12.921115 42.561111 13.915047 187.369995 76.193069 48.547355
6.367745 13.267651 42.949759 9.275047 318.676940 73.782327 -89.848734
6.469313 13.273318 42.777675 15.305692 316.821754 53.382459 -70.408315
6.218096 13.077127 42.980713 12.486048 313.174068 35.191758 -131.471333
6.499636 13.060931 43.052498 7.477988 112.772767 41.202082 -56.615438
6.413053 12.893895 42.935660 17.327667 138.204924 58.043494 -93.957908
6.267269 13.058872 42.872733 16.717289 165.553779 57.008322 -45.145846
6.702098 12.837333 42.575276 10.734185 327.691634 38.636143 -134.201701
6.430857 13.074339 42.722621 11.677027 165.504358 59.261913 -85.327920
6.794287 13.153767 42.880863 6.157830 149.066201 28.175591 107.448389
6.617592 13.095598 42.682076 13.600739 316.628803 32.997491 -98.424854
5.855758 13.164344 42.828885 3.776649 68.549173 66.938697 73.168181
6.820674 12.913358 42.966913 14.522492 145.850666 43.506598 -101.238619
6.543217 12.916833 42.878442 17.648931 165.419643 30.947568 -82.230230
5.950332 12.899958 42.772974 8.750084 186.256746 16.722930 115.701259
6.432126 12.986343 42.719285 7.911780 166.221305 56.170063 -67.226851
6.199839 13.205351 42.849604 5.501601 324.256222 52.490140 -97.326861
6.349828 13.062328 42.797579 12.306853 352.954656 56.638612 -78.792260
6.249060 13.001456 42.867099 14.823737 149.447103 58.577877 -114.690815
6.089246 13.023729 42.767982 6.377003 164.875001 55.462252 1.153497
6.099171 13.111051 42.940523 10.068255 123.527774 23.807851 -151.575450
6.838264 12.784912 42.875588 16.419531 324.224213 37.805353 -45.149569
6.179953 13.196248 42.874193 4.996716 59.631419 77.696012 150.208709
6.077092 13.130565 43.010309 14.073885 310.670402 57.690735 68.979748
6.278381 13.183015 42.748055 13.434460 144.313049 33.708659 132.185618
6.411051 13.168295 42.851504 3.314991 147.695939 20.459193 67.547039
6.494510 13.079774 42.797121 20.404313 140.951237 41.097361 -93.914446
6.330241 13.209969 42.800040 4.654962 6.486234 85.295190 -4.987302
6.173339 13.045555 42.812014 14.792284 332.615804 22.671619 -83.100438
7.140963 13.191914 42.894726 24.515664 153.864993 29.821295 61.914519
6.240361 13.078047 42.764573 15.258419 112.605472 40.207022 78.403487
6.407806 12.989088 42.883382 12.023513 237.282661 50.429329 93.431191
6.700300 12.937203 42.716048 15.756700 335.407124 38.243509 -72.741246
6.645613 13.298200 43.065529 6.873152 144.391237 23.139687 46.465363
6.443587 13.361586 42.583488 9.213158 219.335735 43.982486 -98.434985
6.729055 13.100854 43.071875 8.438580 152.994573 25.076091 127.888269
6.547772 13.368753 42.752057 9.580887 137.221124 38.267117 98.341266
6.101072 13.047947 42.929520 7.470823 168.150725 58.597228 -50.644902
5.971853 13.196117 42.883927 15.778364 163.612881 84.573576 -119.711421
6.367247 13.198887 42.894164 10.430144 158.901919 24.392972 93.508450
6.153480 13.241992 42.828756 11.745560 305.986793 46.539662 122.013367
6.001379 13.157162 42.862043 12.990822 108.226621 38.276391 -103.752174
6.582447 13.111022 42.749233 3.046606 158.180275 33.631321 129.503153
6.766312 13.619421 42.902404 16.743682 147.361864 44.657590 56.204129
6.476722 13.172274 42.667895 8.231848 136.258409 42.737423 -76.544613
6.657413 13.121117 42.631313 16.209184 179.124710 41.119623 -52.051794
6.416466 12.836247 42.770180 11.939477 164.808094 43.156492 -124.784346
6.123037 13.174154 42.875652 17.148546 153.528003 26.534550 123.733290
6.798541 13.295438 42.779545 9.744065 356.706221 42.839573 -81.106371
6.466003 13.387157 42.853534 6.593235 110.518685 41.748581 -86.031106
6.652936 12.961693 42.724733 8.298336 150.426512 42.510082 -64.746717
6.599551 13.028704 42.639409 2.856689 327.495702 29.515224 -70.410663
6.268659 13.030511 42.862883 7.233710 1.016467 40.800428 72.046012
6.683835 12.932189 42.823711 9.682744 13.760376 80.113689 177.163862
6.605615 12.968056 42.963964 4.576975 164.383619 41.390366 -99.872224
7.147800 12.792090 42.865404 12.008069 328.616903 53.293746 -55.745114
6.688704 13.307756 42.780500 20.616438 279.831466 52.890931 -93.705291
6.744993 13.686147 42.730094 15.136134 348.916115 74.326660 92.868101
6.118291 13.130112 42.881126 12.046850 165.143924 32.366986 111.589778
6.177226 13.050354 42.852789 11.915606 351.775931 75.999360 56.452085
6.523478 13.178510 42.666805 17.899764 173.602548 33.845891 129.681997
6.289647 12.996000 42.900709 12.369491 162.155234 50.552629 -78.113168
7.328020 12.660354 42.895207 19.011812 359.039824 35.381426 -57.380345
6.874290 13.264145 42.881998 19.063941 138.270094 84.612499 -10.503932
6.203493 13.213779 42.918595 4.700628 220.994494 26.470890 11.949748
6.818510 13.104670 43.126056 16.234889 149.807281 33.708827 84.806584
6.412138 12.884286 42.811878 21.773512 327.060982 30.206888 -98.623937
6.486434 13.130786 42.782199 6.045032 139.793522 32.083751 -121.741099
6.331802 13.015995 42.743308 15.883225 146.272711 52.583249 -64.437664
6.465930 13.101333 42.715317 11.785024 350.905329 24.907879 -74.295076
6.801025 12.890055 42.598347 7.377915 230.944342 42.089479 81.119667
6.019587 13.107613 42.927274 11.655018 332.916799 68.291349 -21.859379
6.186770 13.024635 42.780284 5.445575 335.404297 72.349518 -90.290240
6.318042 13.194595 42.876494 9.293368 161.495790 28.859761 100.541516
6.360228 12.976902 42.796409 11.581280 55.532550 79.525458 92.729191
6.322494 13.060138 42.563132 5.784908 323.948168 39.637071 -57.332976
6.264954 13.085200 42.966063 13.596782 262.419661 52.773346 47.828193
6.401843 13.193594 42.756505 14.204977 199.891779 79.603779 -88.305484
6.442601 13.041941 43.072024 12.812070 179.222595 42.204646 -111.408410
6.481605 13.163005 42.720620 12.921786 178.370548 28.256655 52.587035
6.030063 13.164053 42.881104 13.711273 353.571370 68.229161 -34.147982
6.997202 13.807355 42.720257 11.121010 135.677871 41.884638 85.668942
7.030992 13.152253 43.137488 14.291435 295.427665 24.301196 126.494328
6.780149 13.200234 42.690032 15.283704 151.036193 22.797493 134.163440
6.613412 13.049261 42.729107 11.957279 142.521145 52.749733 -104.297613
6.648905 13.166687 42.755766 11.332189 70.582030 66.555851 -35.051453
6.060630 13.076022 42.828908 4.425590 137.735360 47.705975 -20.673622
6.536076 13.428277 42.923493 10.872946 22.398223 66.906684 16.757117
6.261799 13.118692 42.953991 9.178946 157.876761 52.164731 -75.435049
6.769230 13.492939 42.851000 6.694032 342.176616 55.572690 -67.165889
6.740846 12.870128 42.704849 16.481487 179.077684 52.361219 -84.765541
6.274355 13.107079 42.943599 13.714177 73.084877 60.166991 -123.867847
6.270047 13.036504 42.868751 9.563578 105.215839 80.477074 20.860157
6.286025 13.280951 42.813137 6.198861 256.393387 73.761485 -158.433837
6.802789 13.059901 42.699698 9.967925 103.037641 71.917093 -103.312736
6.354907 13.216993 42.799180 8.798990 348.819244 59.007176 -40.246588
6.712350 13.132044 42.978143 3.863246 334.940885 41.852120 -126.090109
6.200951 13.152457 42.775369 8.286707 168.150047 47.621392 -128.920293
6.098185 13.133093 42.824147 4.353974 167.859331 36.239192 69.936529
6.787728 12.638316 43.009435 15.314574 293.384670 76.517974 -52.324703
6.529631 13.098788 42.679242 13.957879 115.462016 84.452358 -162.188257
6.295825 13.156032 42.917297 11.746026 144.211848 80.757275 6.071786
6.628236 13.260831 42.711123 12.245152 143.449509 47.017419 -133.551124
6.793301 12.871974 43.073803 8.256765 167.892817 50.274112 -50.611538
6.093208 13.179750 42.750199 15.055358 159.890072 30.460131 128.909262
6.654512 13.045729 42.912915 23.271929 131.428268 77.718112 -50.997991
7.005601 13.445029 43.006129 7.840955 164.925236 58.013588 84.855494
5.967731 13.138366 42.872312 2.238087 136.186665 28.823827 99.788518
6.389899 13.005500 42.889836 19.315197 177.755419 50.983992 -111.380222
6.524647 13.162572 42.834245 7.829306 233.256404 45.070539 151.661916
6.208871 13.003094 42.834573 3.879795 342.586673 31.269716 -107.482185
6.922228 13.211024 43.003524 4.812790 145.640799 26.201006 60.529443
6.394367 13.209819 42.742657 15.998053 161.721481 37.518115 55.919653
6.485780 13.183172 42.661959 3.901556 118.147957 50.580444 -70.889671
6.367265 13.296496 42.674204 13.126554 208.673420 54.772046 -22.150097
7.027499 13.725366 43.208001 9.754168 156.334945 55.933369 83.061699
6.382294 13.069507 42.709211 7.754514 132.239583 54.622269 154.463930
6.788456 13.174278 42.909573 12.697063 138.105645 27.974582 120.729907
6.219476 13.108131 42.941736 8.767487 130.735097 87.881094 -3.725923
6.299771 13.188612 42.991684 15.084268 135.909200 25.647977 131.197013
5.988332 13.233941 42.870408 9.002288 159.400226 34.377525 58.304009
6.791115 12.948452 42.975377 19.583395 162.897589 22.473943 68.310793
6.311440 13.148926 42.868804 7.499052 131.117594 13.105025 48.296048
6.345966 13.103456 42.900059 7.275798 134.313014 83.718791 -13.801748
6.240731 13.115787 42.871567 12.499887 138.144871 38.694521 50.833254
6.354159 13.215763 42.882817 10.764809 349.995154 37.328721 -98.033385
6.038626 12.994149 42.865321 7.710102 106.244242 52.879636 -122.841182
6.343190 13.179283 42.931989 7.411552 5.665476 80.546386 32.750406
6.406837 12.968544 42.693248 15.132512 317.080381 31.993952 -114.759663
6.812521 13.276066 43.109068 14.437028 17.773866 53.737438 -120.854972
7.069287 12.750923 43.327658 16.767123 120.424372 33.228009 83.293952
6.837029 13.089569 42.773588 5.467270 226.380358 63.058536 178.392798
5.989175 13.091551 42.814967 15.849675 356.052484 36.017837 -48.771896
5.921540 13.327218 42.762207 16.100462 168.929979 42.321684 -89.630492
6.657810 13.332072 42.903275 9.398687 39.028724 81.024713 11.339793
6.205284 13.028749 42.836091 11.319644 321.132876 30.406082 -67.109447
6.410202 13.127547 42.703962 3.510349 340.043737 55.929318 78.735575
6.544884 13.073902 42.720315 4.564588 45.295587 84.710046 11.458065
6.815013 13.165639 43.019077 13.583025 214.565102 43.138179 -144.655889
6.927022 13.363719 42.793245 11.003378 179.120124 41.599895 -129.801711
6.967689 13.117374 42.792677 14.533842 172.027782 55.283864 -96.859539
6.517574 13.028536 42.742872 9.474187 342.757915 63.031253 -121.021692
6.444821 13.031112 42.877828 14.079727 173.304707 52.429512 -61.435464
6.411491 12.899009 43.004222 5.822918 171.179501 26.602201 57.315735
6.918372 13.484490 42.739150 12.082601 140.169233 57.461697 100.959327
6.678276 13.236954 42.779537 4.956312 90.522657 66.249524 -108.097500
6.288417 12.935192 42.853341 13.480444 275.674143 32.719091 -122.385160
6.408473 13.075809 42.894713 18.729417 141.019199 54.387618 -80.699457
6.419251 13.246221 42.898313 6.523137 132.447967 77.517984 36.240484
6.330451 13.232509 42.848614 4.783740 357.190554 59.894778 -46.887003
6.004896 13.124940 42.841447 16.242542 338.361644 51.627798 37.271698
6.598323 13.238739 42.823205 15.089777 158.435834 32.955045 115.762659
7.354703 13.579341 42.841983 6.284698 176.525785 36.002771 128.801441
6.450420 13.269144 42.973991 11.286251 176.355695 39.856125 120.796331
6.746622 13.503366 42.828066 15.013760 291.620049 75.072386 101.161506
6.578855 13.031977 42.902836 9.586577 72.687723 88.146522 168.561045
5.749125 13.073767 42.850829 13.570331 332.138877 36.155070 -102.032642
6.575190 13.076103 42.692179 9.274236 51.874729 60.934753 -173.968771
5.895616 13.032987 42.808155 13.106997 154.057755 10.495235 112.508934
6.479643 13.156697 42.893629 12.054298 23.864087 61.614583 54.742196
6.136809 13.190766 42.697577 8.580780 177.245601 38.250178 77.247630
6.746613 13.102051 42.966712 13.121400 12.354750 50.862242 -65.691533
6.258905 13.150388 42.982948 8.875907 153.268318 25.284446 77.137222
6.419195 13.210846 42.718931 4.032733 164.451399 82.059528 105.039966
6.849117 12.569503 43.015635 14.482592 208.893681 77.993573 40.118455
6.473462 13.130286 42.942717 10.454607 172.463612 57.999473 -82.980483
6.618976 13.470851 42.988362 21.395458 151.371087 50.370361 65.934033
6.410186 13.049084 42.933736 3.872345 146.970990 49.738904 -51.882380
5.919555 13.241695 42.793483 13.208840 161.794377 23.198525 46.551897
6.272436 13.180394 42.894097 5.797150 142.931353 56.088578 -60.228556
6.520141 13.025345 42.819479 13.681619 177.494380 47.585476 60.136851
6.272941 13.167538 42.863880 15.274267 234.302453 14.641715 122.695085
6.412718 13.124173 42.921592 13.054423 194.624958 44.620936 77.103708
6.867847 13.305518 42.912274 8.758403 155.721455 27.619843 101.759951
6.200624 12.964549 42.987644 9.352166 354.689964 72.632321 0.500983
6.213827 12.897595 42.720967 9.374638 135.239241 40.045045 -105.674767
6.727031 13.127915 42.709361 11.117886 169.569955 39.828879 60.204750
6.273280 12.936383 42.972863 10.197593 295.857169 24.130181 -63.601764
6.020704 13.085267 42.930678 4.221119 139.401712 45.502915 -125.322233
6.496683 13.029261 42.718969 10.365683 239.295581 22.807361 -71.351301
6.185029 13.058455 42.772825 8.692328 149.777760 40.329641 -123.758564
6.138837 13.154024 42.691252 10.906898 138.071910 24.635190 65.671384
6.473305 13.065601 42.827296 21.718245 355.149689 34.775340 -59.215564
6.746159 12.749271 43.116156 13.878515 94.260123 48.416687 76.398354
6.712612 13.638318 43.003801 14.311512 146.661490 50.567615 129.971442
6.200902 13.079172 42.766400 12.784769 359.846454 23.046756 -57.565153
6.588841 13.428239 42.791317 15.682787 175.157715 34.116249 -52.415244
6.437960 13.054849 42.639359 7.860884 165.962890 55.794879 -52.304217
6.782443 12.870667 42.893907 11.146598 159.192141 59.639398 -108.766546
6.355614 13.243837 42.838501 12.421754 171.555661 29.233055 -75.047841
6.780471 13.069795 42.894816 4.633423 309.876155 51.519106 -49.665017
6.994323 13.101827 43.060107 10.566806 349.177906 57.389258 -30.123217
6.869460 13.198540 42.507487 18.955239 121.668579 43.167206 -53.523270
6.286653 13.012969 42.818000 7.425829 179.292296 56.337877 -84.509414
6.300659 13.111428 42.903295 6.914303 290.163347 47.950174 -104.020720
6.444346 13.170514 43.044195 5.671725 117.234612 13.698244 79.524042
6.272599 12.932648 42.850570 13.484000 162.159376 86.792065 1.509707
6.013677 13.208738 42.870727 9.583739 236.095309 72.461136 -45.123957
6.035188 13.216176 42.930942 15.718343 154.499122 34.312282 130.893740
6.210522 13.071062 42.921278 9.496566 51.463690 62.088157 -83.081415
6.334490 13.192035 42.785502 14.050645 135.049806 46.188764 -50.605451
6.491393 13.141432 42.961882 16.632526 163.847623 30.425901 46.824029
6.460528 13.355000 43.037803 5.246429 178.396869 30.998503 69.574384
6.666381 13.006113 42.858869 8.876962 351.723325 25.802945 -117.020993
6.454770 13.024507 42.992723 10.133247 149.221792 43.707603 -108.005480
6.629060 12.814803 42.995675 14.980200 346.168903 37.966385 -78.681856
6.232362 12.895144 42.790642 12.277033 316.396237 26.944926 -47.282209
5.964892 13.143015 42.855019 9.241323 80.401254 14.651742 -5.166799
6.586457 13.098218 42.705595 14.077894 334.121300 35.542711 -83.437137
6.735562 12.692443 42.684907 24.741368 131.778146 56.220258 -138.462998
6.446385 13.030107 42.811551 13.430273 175.483739 44.726731 -80.691224
6.538861 13.242080 42.890233 17.055666 152.099192 27.487803 90.863382
6.936218 13.208398 42.640890 16.204746 97.886158 52.798022 -109.706861
5.901355 12.989018 42.819514 16.056127 114.332508 64.380364 149.791178
7.313025 13.117872 42.771370 10.281661 154.831354 32.162209 45.446874
6.074850 13.090569 42.804759 8.152783 141.676575 43.158049 -107.399458
6.475808 13.448527 42.597632 10.787404 159.376771 43.966189 -71.412630
6.826080 13.181427 43.054922 6.636388 161.008448 73.207354 42.753490
6.445685 12.936398 42.789140 7.804248 27.842703 11.776469 -125.216858
6.154788 13.105112 42.757077 13.539623 319.732054 28.999963 -87.260528
6.218926 13.316330 42.765470 13.883881 72.088915 88.881728 18.923027
6.437653 13.121031 42.730707 11.796954 153.255731 21.964353 80.337714
5.972079 13.134087 42.764031 10.960440 353.724787 40.691329 -98.693664
6.321116 13.164033 42.827645 15.125274 176.318378 33.379637 52.864290
6.278971 13.199993 42.758440 16.179639 90.198267 43.972486 -98.206729
6.456901 13.076009 42.661075 9.977632 104.567765 55.894789 -48.732683
7.018042 12.643538 42.780311 9.992149 34.122601 57.251983 92.815592
6.251896 13.400673 42.749714 12.424800 156.379752 33.062471 53.537434
6.058850 13.148655 42.827928 6.436766 148.170005 22.804924 69.204217
6.564341 13.054511 42.758438 8.708397 142.865429 45.207474 101.084861
6.664713 13.110944 42.976124 12.289712 161.947969 41.132469 -109.378237
6.923092 13.300692 42.938986 9.156544 105.590002 88.484884 24.351083
6.058843 13.127653 42.847460 14.544864 145.770110 39.357003 121.047059
6.964081 12.709328 42.935672 11.470147 144.249924 72.473548 -53.905809
6.857590 13.367318 42.595825 5.107815 124.238959 54.079484 -61.411465
6.618547 13.168342 43.043835 12.412098 172.904967 27.379223 134.104268
6.729473 13.033076 42.673254 9.113711 313.132725 43.091220 96.568602
6.259982 12.858111 42.896533 14.324857 88.629442 87.562821 -144.769495
6.249834 13.160872 42.728314 9.039639 164.175836 50.203328 -49.413924
6.769088 13.200123 42.669769 11.648456 125.475552 52.657029 -110.694552
6.652677 13.243323 42.523245 21.758385 175.417970 56.847908 -66.903970
6.756406 13.119221 43.016883 7.045358 141.852675 54.747450 -72.459972
6.638492 13.069897 42.784618 3.957415 159.029689 48.617897 -127.972457
5.896516 13.125817 42.790402 13.654708 312.166304 57.874929 -93.591557
6.409330 13.223568 42.793363 8.227664 276.710722 18.481048 116.994646
5.771988 13.094774 42.803414 6.200306 270.832309 56.788079 69.993508
5.864324 13.084505 42.877489 11.252247 15.485279 85.288831 -7.846424
6.930742 13.065035 43.079701 12.941288 199.858754 47.766818 -67.171015
6.206892 12.877969 42.916994 7.998783 275.382714 44.378506 78.902216
6.580115 13.304841 42.734237 16.581760 277.243122 67.778565 -94.386365
6.594511 12.881477 42.552174 4.610420 355.518399 29.563525 -117.595319
6.300311 13.115218 42.800059 4.075309 168.543425 50.970214 -115.754599
6.580984 13.237645 42.748748 10.673253 143.079646 37.153063 49.358398
6.241743 13.167132 42.969019 10.746972 136.362005 23.889606 94.164469
6.649113 13.053812 42.865055 10.673424 215.867824 61.687927 158.008392
6.209985 13.179402 42.866494 19.739608 152.113297 37.272114 51.294738
6.363589 13.122934 42.807773 20.713359 308.144191 33.537702 -50.600685
6.908659 12.800717 42.887967 16.496135 317.154719 21.627488 -100.177296
6.583548 13.128064 42.768368 8.961996 165.765716 33.242927 63.261771
7.172918 12.656942 43.042068 12.523625 325.860455 38.733103 -51.658662
6.290667 12.940246 42.863327 8.499242 143.751633 54.140346 -104.598951
6.444313 13.193835 42.891552 4.305255 119.581849 83.656040 -34.658515
6.062670 13.132190 42.850238 11.901535 302.877690 35.103560 116.900636
7.120745 13.143674 43.168821 10.504719 149.024577 36.285417 87.291668
6.161945 12.826162 42.810452 14.027713 327.795253 32.903679 -112.107182
7.216429 12.966216 43.002935 15.087657 133.644516 18.630368 88.695368
6.707561 13.050902 42.836164 14.810035 278.591277 59.654833 -84.668125
5.912863 13.205573 42.906963 14.594560 176.707312 21.979870 81.391420
6.867609 13.248721 42.849285 6.524804 174.621013 35.936025 101.554599
6.742163 12.673750 42.555326 9.345541 349.791650 50.260142 -89.599749
6.377839 13.171306 42.936313 15.962932 163.192350 35.850745 76.180844
6.464383 13.048418 42.887728 19.837722 148.448227 56.000042 -126.138896
6.737588 13.115253 42.961395 7.204735 143.130804 43.347130 -97.606605
7.010148 13.124957 42.867488 13.712957 285.108583 50.009511 -115.378909
6.379294 12.922438 42.792664 9.302765 170.353250 43.388871 -101.362737
6.054784 13.018278 42.848178 7.270973 114.615504 82.832453 141.731024
6.436765 12.963306 42.796194 5.892844 3.102298 89.392837 -172.082777
5.854203 13.004677 42.770985 9.001970 338.381951 29.161159 -60.953963
6.655574 13.006839 42.955177 13.489215 178.380409 47.873798 -132.633636
6.823910 13.178731 43.128087 6.735307 182.845585 46.163416 -133.307360
6.570390 13.249058 43.016348 11.170726 139.914821 23.118280 101.653108
6.111839 13.030857 42.882073 2.844013 174.750394 59.078678 -131.342411
6.508946 13.262203 42.988895 17.303457 107.394315 83.825380 -140.854208
6.798800 12.751140 42.999801 4.935393 334.651985 56.116220 -127.861968
6.474862 12.936832 42.678177 12.085678 141.380150 28.708223 -63.416825
6.205482 13.023965 42.788853 11.343984 330.043717 62.594458 97.228981
6.523205 13.074165 42.645493 8.174775 150.689455 59.074602 -51.998777
6.559551 13.279608 42.775966 14.723121 155.401299 36.244459 128.929565
6.229988 13.106646 42.713504 12.716198 277.468593 78.957933 -119.430761
6.773483 13.300104 42.840650 16.816545 124.886850 21.500666 52.073437
7.002513 13.334141 42.812907 17.126786 140.542879 56.780826 -124.726566
6.378210 13.212358 42.870580 16.598501 172.088130 36.685778 125.919525
6.875735 13.424102 42.789682 10.743627 278.901728 58.357655 73.122100
6.423481 12.936338 42.977272 3.455874 121.402563 46.448925 -63.691413
6.828686 13.016513 43.152391 21.693498 138.829793 21.278910 88.320349
6.499597 12.765769 42.966044 18.336825 176.145454 22.409487 -75.961578
7.047737 12.389018 42.553706 12.904384 83.147589 89.539053 -22.532564
6.524996 13.126282 42.982750 5.884266 177.290456 50.007704 -46.688437
6.287968 13.197558 42.848577 10.542489 141.389387 39.937448 85.873123
7.110334 13.436821 42.911201 13.359038 167.472804 28.351561 108.597689
7.070526 13.270029 42.944861 10.499114 161.698631 21.747857 70.464910
6.560772 13.186677 42.857081 7.294479 151.069097 38.419805 92.717771
6.539426 13.023168 42.846724 18.757008 327.661724 53.959898 -132.193634
6.324139 13.386195 42.793469 5.677630 141.838756 20.872341 63.947219
6.529356 13.032373 42.908502 3.627778 154.384610 49.107954 -64.076695
6.484914 13.305492 42.781691 5.015492 299.996292 12.996518 98.663737
6.851227 13.476991 43.163234 14.230457 157.829899 27.634140 110.171786
6.525991 12.774420 42.946153 3.981027 151.871880 59.417085 -84.905939
7.005353 12.997188 43.066056 12.450420 89.120962 51.596069 72.296940
6.420769 13.211892 42.995451 10.993929 173.292994 23.809637 46.708546
6.567862 13.086533 42.802962 7.955160 332.782260 57.206460 -117.728002
6.345405 12.986334 42.575688 18.783161 350.988389 35.802772 -122.146030
6.315807 13.212776 42.925528 17.078309 7.547668 47.721681 -91.765273
6.378017 13.380846 42.891254 4.534306 140.160242 30.055904 126.671151
6.349477 13.160720 42.741121 11.000736 323.761584 40.465970 -45.009018
6.528797 13.045213 42.719048 18.740916 336.324229 29.463392 -55.452733
6.030873 13.138391 42.842117 11.039502 138.231044 47.986449 -52.388087
6.858613 13.386276 42.997351 6.612844 113.392519 89.959726 145.570171
5.916973 13.115317 42.747579 4.675873 144.508486 34.162662 72.905925
5.871350 13.124321 42.786752 13.891150 173.522057 43.506554 -58.481674
6.351542 13.110752 42.953973 3.017368 9.735664 45.413030 127.708798
6.582992 13.093995 43.088685 15.200285 171.499488 56.849068 -98.239175
6.532965 13.132188 42.959463 5.248743 128.149434 63.947631 -115.287491
6.616038 13.504199 43.015028 9.608421 151.367130 55.358714 78.492660
6.644819 13.180365 42.683657 11.987245 136.433053 45.912984 -109.529797
6.684252 13.353282 42.787686 8.633327 152.392956 32.269606 65.891157
6.321288 13.096218 42.881724 17.923519 249.308405 39.731767 -41.183820
6.310951 13.139109 42.865001 2.367485 169.170157 30.388119 88.148411
6.456574 13.034023 42.581040 3.595917 254.597183 54.296758 64.637147
6.665205 13.293471 42.803558 19.612710 69.577254 84.731373 179.280958
6.054195 13.204667 42.806827 22.852317 343.188354 65.803495 -55.462011
6.394884 12.865640 42.757471 13.830679 169.661390 54.095878 -130.507797
6.235250 13.029207 42.721601 12.078191 177.138309 52.798504 -97.445210
6.750178 13.016680 42.743045 9.400620 357.644824 44.396382 -69.693525
7.065753 13.297289 42.799112 11.993426 170.377761 39.409844 105.024518
6.264005 12.956004 42.796075 17.029223 299.838457 65.194136 -56.276114
6.516696 12.952322 42.797564 5.673283 358.769465 34.682026 -110.707300
6.719445 13.061893 42.694680 9.922797 358.922485 23.754307 -52.300158
6.371241 13.234032 42.782632 12.530020 307.044962 54.292669 -10.282463
5.921918 13.050890 42.774177 9.529836 75.298519 50.077888 -64.068812
6.465628 13.215660 42.713946 3.805734 328.008911 53.460694 -59.382499
6.462299 12.916602 42.799471 8.146992 304.006068 53.701177 -105.041561
6.735832 12.693424 43.118379 5.216841 311.060674 73.023180 111.777002
6.181083 13.299668 42.832916 15.523331 168.811825 37.955441 -104.297645
6.937567 13.087516 42.821376 17.966358 149.701431 59.420465 -55.397506
6.407351 13.107429 42.790014 10.363404 120.085920 88.990606 -11.215299
6.711250 12.992122 42.713162 20.214690 32.299757 49.294157 126.034726
6.235316 12.961178 42.851018 3.940526 338.533710 63.837094 -137.364991
6.953073 13.789277 43.045434 10.813170 89.799573 85.724531 -41.824919
6.833457 13.318318 42.515647 20.528452 175.707816 25.411784 -55.082151
6.616505 13.064729 42.893267 11.761957 165.978969 53.009632 -81.060188
6.379016 13.216175 42.746009 3.797822 337.447906 73.127688 128.073391
6.536195 13.525662 42.918145 6.379042 175.200633 45.347013 104.209597
6.430030 13.095831 43.036711 15.424055 143.737802 43.888989 -111.927094
6.522091 13.247069 42.961490 14.984347 162.702818 36.943212 99.834676
6.259047 12.924920 42.909718 10.962530 151.948066 39.143127 -51.448030
6.448667 13.113897 42.875189 10.462004 20.001437 80.046742 -25.054897
6.459043 12.999707 42.792097 15.810537 335.726415 48.389926 -71.869462
6.574073 12.984108 42.771520 12.960087 330.743217 24.566784 -123.767607
6.342905 13.209424 42.751867 6.552782 174.582084 73.525563 36.436992
6.367842 13.222567 42.846408 12.568381 168.504665 33.689201 118.169067
6.450421 13.053425 42.819660 9.493381 126.496558 63.112119 137.148045
6.300821 13.105452 42.729033 17.518910 103.817416 89.631574 160.765193
6.359312 13.166902 42.973874 7.175733 176.810472 32.472772 110.469886
6.874443 12.858522 42.917043 7.427098 27.759818 58.455177 -128.267316
6.105629 13.183091 42.980902 10.091709 270.757225 46.727073 -85.219787
6.661546 13.254018 42.896629 10.086360 148.836998 32.990864 113.644934
6.680283 13.084744 42.906269 4.706669 179.945341 33.657183 116.914034
6.139445 13.107374 42.830623 12.365426 32.284213 42.255493 132.880330
7.186581 12.534021 43.588121 21.983839 272.096395 69.109791 117.319621
6.305634 12.969704 42.925004 8.480533 139.950582 23.035528 -118.540241
6.608448 13.402674 42.591769 11.138728 167.405717 22.718213 128.776665
6.449090 13.141723 42.840840 15.972912 146.093457 51.708020 -66.986731
6.775565 13.126423 42.911942 21.563683 154.789916 21.241584 68.693935
6.520874 13.183526 42.707663 23.428869 157.076555 43.229230 -92.561220
6.635827 13.213722 42.811209 13.005634 94.339527 28.856571 -126.439588
6.481271 13.029055 42.762717 11.342894 3.940942 48.309301 22.179243
6.661076 13.272605 42.811248 5.515168 173.069083 32.084719 117.734467
6.442484 13.110377 43.000665 12.569341 140.529536 49.855372 -47.856655
6.805890 12.855891 42.981936 12.183160 243.559991 19.273429 78.096794
6.688640 12.986776 43.012828 18.597316 156.816268 42.022379 -110.392017
6.614644 12.929053 42.791762 9.606555 116.326314 49.529426 -129.791943
5.996051 13.025636 42.847192 5.525169 151.567250 44.864475 -121.091307
6.002568 13.069467 42.825957 14.289004 354.594806 38.664295 -113.782249
6.373502 13.123842 42.738193 11.567590 136.984692 23.647222 -66.751120
6.417761 13.201030 42.991675 5.227800 149.390441 24.189935 52.940051
6.452392 13.036112 42.761451 11.488453 115.709966 84.339759 30.504467
6.838269 12.780137 42.561788 5.291036 19.405666 59.880595 -109.479510
5.985096 13.196925 42.890398 24.607125 155.354664 33.497173 125.695140
6.910863 13.260229 42.840177 4.246292 172.093444 37.007160 132.686347
6.341265 13.107171 42.836535 10.942259 273.252824 40.509043 -124.563758
6.558970 13.225945 42.916436 12.393016 257.250893 66.359508 -160.858957
6.528526 13.165744 42.800703 4.678931 143.016512 39.433002 70.706834
6.373704 13.079211 42.772678 6.145274 153.974835 42.535823 -72.910765
6.314648 13.112897 42.677881 21.667928 135.039555 39.833148 105.378976
6.475646 13.151842 42.911845 5.923177 303.082264 13.539315 -82.737841
6.261411 13.109155 42.706217 19.619598 7.679192 54.890329 -48.020654
6.922337 12.811191 42.744949 6.656588 130.598344 38.159703 -105.869589
6.430677 12.941011 42.899187 6.433663 148.475124 28.031200 48.758392
7.220769 12.231216 42.493355 12.743211 323.616365 29.734055 -107.863778
6.918499 13.560851 42.923243 14.938650 163.814936 82.412139 119.786167
6.617112 12.941669 42.884052 15.052679 336.119605 49.908567 -118.731891
6.522653 13.381148 42.530152 3.461805 316.614739 40.178341 -60.859717
6.120262 13.285427 42.876437 5.105186 274.601622 42.541500 -108.611638
6.539927 13.271745 42.918022 10.554476 154.971789 28.151405 98.194761
6.707923 13.675646 42.575142 17.301412 90.553878 83.197622 -174.143175
6.684734 13.290922 42.818147 11.629106 238.300191 47.436256 128.697525
6.919690 12.799072 42.982338 14.748221 330.220141 29.594554 -61.392396
6.207990 13.183423 42.794106 6.103891 154.704544 35.405186 80.555939
6.581338 13.207070 42.677356 4.800469 310.890162 35.882729 -123.544117
6.082930 13.073549 42.827127 14.861277 357.263830 64.961603 -47.823304
6.194658 13.038982 42.867833 12.353192 147.891234 52.437997 -62.402541
6.293178 12.946028 42.892859 4.704429 354.437742 39.443533 -17.038988
6.057708 13.006185 42.792210 10.582398 208.895566 32.435264 162.304449
6.178992 13.196644 42.995786 9.594202 158.904393 22.349537 110.642142
6.390026 13.227856 42.930112 14.406877 177.932118 39.389302 52.278277
6.544709 13.255382 42.920731 12.426855 50.292159 48.471361 -3.317780
6.782030 13.424295 42.720730 13.212626 113.770022 83.473352 164.391091
6.474956 12.974394 43.133647 2.752900 141.003199 28.771529 74.808599
5.855032 13.114160 42.852504 13.530180 157.713248 26.759493 110.803797
5.983089 13.033138 42.742258 10.638567 318.044129 25.785517 -125.055269
6.577726 13.018868 42.843970 3.660291 271.505312 46.372792 -59.495404
6.676561 12.843588 42.594770 7.609666 351.006990 23.772065 -57.789394
6.420059 12.952914 42.894310 14.989543 343.415444 31.869567 -133.357289
7.136759 13.079298 42.752404 15.617596 143.435025 54.911441 -55.633336
6.263425 13.019574 43.005774 7.817310 174.124224 26.351961 45.004577
6.721646 13.226236 42.802228 20.151230 218.589219 24.443775 64.646066
6.122855 13.223389 42.878027 9.630250 130.159424 36.160554 179.663340
6.642464 13.306078 42.819986 5.214487 153.523076 51.027455 -110.455599
6.576718 13.150918 42.903461 20.706109 155.277805 39.877323 101.494257
6.876399 13.226423 43.091341 9.461580 255.399252 49.944999 52.614515
6.152645 13.133998 42.821678 12.060501 176.059807 39.490955 104.331325
6.128864 12.990636 42.938415 8.506474 63.074665 37.089845 38.674993
6.953110 13.009158 42.950749 8.313504 141.744193 57.927727 -73.604313
6.852493 13.017949 42.942843 11.556748 274.634441 53.903550 81.006092
6.263494 13.430732 42.829150 7.783309 168.189900 22.525983 83.258931
6.270745 13.011069 42.768974 11.266881 318.242152 23.386885 -123.254132
6.852955 13.102879 42.920691 13.293605 169.683064 54.252578 -75.000384
6.801282 12.764555 42.522014 7.279912 306.651653 34.346896 -85.032197
6.676218 12.751806 42.837262 12.322379 92.446148 68.249939 -60.676447
6.607813 12.801196 42.680397 5.615106 328.065678 27.964319 -107.142729
6.458121 12.872665 42.782381 11.546187 280.072916 21.103236 176.824849
6.459090 13.281708 42.859513 4.328708 344.090970 40.492256 -72.675106
6.908250 12.980982 42.805231 8.719289 306.311283 49.904526 -79.635541
6.526231 12.982643 42.579928 10.980543 74.723191 40.216509 -129.298575
6.266180 12.971817 42.920879 8.635491 168.388012 41.207634 -110.635664
6.834579 12.668288 42.772698 9.256324 334.187647 59.175582 -102.401068
6.871314 13.120219 42.818600 5.852626 133.935103 28.791808 -51.666220
6.912743 13.376402 42.669714 19.056128 178.188436 59.157989 -107.634086
6.221501 13.177397 42.739338 12.162139 356.513746 71.186715 -12.932018
6.649769 13.021019 42.921307 3.540718 163.957470 39.515272 127.583041
6.052795 13.090370 42.948045 10.899616 308.251971 68.125635 -77.466569
6.253019 13.045236 42.734607 18.948048 350.617665 54.363214 128.044942
6.373951 13.154871 42.844475 18.347317 183.362793 54.165036 49.308451
6.792021 13.078434 42.862692 15.431690 347.029171 23.589799 -123.966945
6.664921 13.275134 42.902884 12.677358 86.662010 39.620525 114.779217
6.128660 13.179154 42.880897 5.304206 139.353771 49.194516 -55.527244
6.101492 13.115925 42.924025 10.556592 196.967829 39.744899 173.422392
6.750246 12.813319 42.700329 13.479305 279.370946 20.224552 50.836099
5.942619 12.933876 42.839005 5.044038 147.159870 48.580238 -49.776613
6.752523 13.064027 42.944717 24.895656 137.044878 40.565668 -112.756747
6.662983 13.268979 42.907834 11.327446 308.190553 41.532113 28.594902
6.588682 13.234447 42.923141 13.349107 138.325997 34.800940 103.464376
6.344860 13.307604 42.736012 11.613629 162.170568 31.460080 58.136316
6.457539 12.966162 42.811397 11.309985 135.767975 80.535237 138.771993
6.699822 13.001500 43.018301 11.435961 245.859970 32.910359 -61.523279
6.275194 13.091383 42.771735 16.001062 287.203348 68.665445 -72.082973
6.838979 12.771013 42.933189 8.704922 225.188905 37.181984 -22.167549
5.428355 13.156093 42.802926 11.632006 176.421650 37.482359 134.650198
6.177600 13.005812 42.865360 15.433180 326.394340 34.678868 -116.803625
6.798265 13.147793 42.636207 6.457227 146.795284 44.134738 -122.098874
6.125030 13.053883 42.754934 15.550242 315.646715 78.192097 66.445090
6.274066 13.181305 42.879609 7.576518 178.614703 30.847441 118.600729
6.955111 13.239401 42.825832 9.880148 131.574004 50.066335 59.711118
6.476590 13.221105 42.601927 4.802923 153.782094 27.735384 -102.725391
5.918332 13.005089 42.843127 9.476104 340.550477 38.686815 -116.543588
6.325615 12.941309 42.861806 13.641754 333.431056 39.971571 -76.100572
6.648290 13.043974 42.690837 13.867738 156.465937 46.171826 -127.523168
6.648637 12.695338 42.882198 17.477757 221.697222 45.662953 -46.426656
6.132368 13.013160 42.904326 10.335251 156.130605 33.715943 77.568013
6.916312 13.254412 43.083411 13.003645 31.315930 51.911285 -79.092851
6.533318 13.250137 42.815971 3.994051 172.699525 39.588025 103.759249
6.073780 13.162504 42.810757 10.334748 176.949111 23.193274 94.276799
6.297115 13.206433 42.830872 5.730337 349.421365 66.672090 -51.879761
6.678570 12.861501 42.627495 20.395118 324.072372 21.491833 -111.847269
6.595272 13.021637 42.675394 12.577675 297.540454 19.446341 74.390472
6.236264 13.303317 42.864835 7.774076 280.877127 24.792623 68.294619
6.614066 13.099398 42.704989 6.621513 335.648857 74.754549 -106.929570
6.520369 13.010720 42.956356 13.885135 144.746268 42.269225 -52.992712
6.484785 13.115780 42.794598 9.467555 169.003985 21.327064 121.440913
5.972207 13.201257 42.864715 11.444014 226.446437 71.296986 52.745967
6.095069 13.067391 42.862463 11.701759 172.641100 59.208925 -104.146527
6.435737 13.037491 42.995702 8.760344 171.655736 45.155664 -52.240929
6.325892 13.043796 42.689433 14.692208 329.834484 66.030130 4.267662
6.028509 13.106376 42.824789 15.936616 299.567419 26.913291 -125.470658
6.414107 13.423596 42.938534 12.255711 52.787033 23.820246 119.767401
6.574819 13.092098 42.764893 11.223145 342.808275 27.972845 -53.822916
6.608384 12.893480 42.672036 5.256683 340.591744 22.866226 -52.781938
6.488254 13.100521 42.928888 14.502214 4.946896 84.860417 -67.028402
6.267208 12.950275 42.721002 7.108562 336.561939 34.880832 -122.852412
6.258653 13.112690 42.572095 3.613350 32.203804 15.608394 104.859720
6.430970 13.018594 42.739832 11.560500 123.169803 51.787768 56.300303
6.602104 13.400023 42.660647 5.241535 130.471291 44.888190 103.499425
6.084863 13.239417 42.780584 12.807142 176.913337 29.244117 134.130946
6.610815 12.911761 42.763029 15.116553 335.173816 27.436847 -115.277239
5.926567 13.031256 42.785009 9.763669 155.757848 28.185652 -134.433737
6.856959 13.051694 42.581570 6.828143 345.232996 28.492741 -77.234851
5.970713 13.149368 42.791047 6.883820 170.767045 81.733089 156.723913
6.346870 13.220025 42.913801 13.716950 151.453801 23.006868 62.589992
6.473646 13.050766 42.810392 7.896401 166.405057 43.651002 97.796484
6.012176 13.071989 42.854561 12.817567 165.706805 28.234248 -58.773247
6.475305 12.917879 42.738074 16.262017 340.341353 35.145256 -128.622584
6.795358 12.939646 42.972570 9.017422 157.789576 49.011353 -61.094583
6.505818 13.132419 42.864951 10.237451 345.693148 37.121527 77.616252
6.409981 12.984291 42.888545 6.102418 178.156675 28.035978 100.189204
6.384283 12.958782 42.988442 11.985764 168.682847 51.713704 -70.685983
5.727169 12.958004 42.833592 9.959002 129.966451 78.984339 -166.787787
6.034405 13.110897 42.881319 8.827021 161.987207 56.064905 -86.537600
7.302676 13.074467 42.377980 19.029482 81.236656 24.961218 -51.641072
5.838387 13.162210 42.850352 3.253170 51.076617 87.440032 161.558981
6.731276 13.060585 42.704333 15.143439 162.421392 57.221555 -133.521469
6.590657 12.907089 42.631875 13.447496 326.249053 36.537046 -74.059709
6.638270 13.033686 42.716745 7.473466 357.210878 54.272711 -51.581444
6.528423 13.228878 42.721903 11.414417 155.942063 21.845146 66.999003
6.794690 12.838648 43.022328 4.652994 161.254413 50.737339 -46.679948
5.913084 13.225553 42.919388 14.384454 163.127017 37.448903 50.030663
6.674374 13.254854 42.706047 13.924700 164.589440 56.904452 -116.897202
6.400618 13.240020 43.011800 6.049642 144.459353 21.651813 114.572875
6.772655 13.321554 42.734227 14.853976 326.401895 41.040499 -79.695770
7.110153 13.176015 42.688817 12.113884 169.707149 35.544997 70.681520
5.767288 13.003940 42.747768 10.186583 99.512298 52.799930 96.603252
6.663106 13.177501 42.685920 8.349920 151.450583 57.258236 -115.925769
6.328422 12.975395 42.789977 11.591469 127.752783 28.697532 -59.039137
6.620934 13.229979 42.818981 10.702787 151.619603 51.979304 -70.244561
6.393555 13.150881 42.881949 9.683458 139.305371 40.065927 -83.277059
6.065128 13.146153 42.858615 8.976942 160.337264 31.065734 102.552456
6.285253 13.057524 42.851873 9.959642 119.387816 47.332703 -123.217905
6.315729 13.035411 42.866508 11.296949 252.055520 16.899294 -91.314629
6.064740 13.165903 42.871069 13.986641 168.324765 30.199582 91.265676
6.581916 12.965466 42.903486 14.756038 298.681431 49.041183 91.341808
6.454628 12.951283 42.892812 8.851517 171.534573 53.145989 -112.017258
6.614559 13.036748 42.833927 5.905440 257.358568 50.997784 72.698558
6.371873 13.291538 42.981295 4.562780 183.642340 47.716829 109.343784
6.561393 13.119860 42.826663 4.607818 132.772126 81.433194 -6.891883
6.599276 13.121354 42.845666 12.095121 114.843442 81.609401 -136.528874
6.299840 13.179816 42.696042 21.333159 64.100301 68.462829 -168.835897
6.469063 12.942330 42.713470 4.422702 243.159413 17.020271 24.790779
6.643620 13.321440 43.122016 6.540831 63.330807 81.111947 26.702647
6.732943 13.157193 42.605131 21.607631 179.171317 55.525837 -121.308466
6.734332 13.110594 42.971689 7.928571 148.665836 52.991697 -95.981702
6.993522 13.041377 42.747895 5.181714 94.866261 44.827377 -111.325469
6.307209 13.187813 42.831284 5.016940 44.474281 28.562823 171.722444
6.071681 13.310479 42.797161 12.508264 178.882983 28.644202 63.323442
5.977097 13.142355 42.825612 12.132557 146.510068 25.469397 133.098691
6.093871 13.014902 42.717946 16.341677 344.660947 34.268450 -86.098035
7.231268 13.587140 42.871360 8.328779 158.058915 69.996767 99.319107
6.251324 13.089362 42.948388 7.296839 338.809046 20.985035 119.546961
6.730353 13.097052 42.664205 7.944678 336.853530 34.278454 -113.216794
7.089991 13.797065 42.377862 6.029878 280.247921 20.832198 106.773850
7.007880 12.955627 42.842265 14.992590 177.214012 58.700659 -97.512216
6.539932 13.215783 42.824805 11.445938 188.754132 50.977814 -72.143266
6.580812 13.085712 42.790235 7.318420 324.245036 33.417432 -78.002693
6.467304 12.779314 42.826022 8.030244 350.414133 30.708791 -119.258201
6.063519 13.102554 42.740387 4.929678 140.178729 57.324689 -89.213569
6.668710 12.863850 42.675463 9.411588 200.536493 16.047240 102.827134
6.075875 13.128148 42.867779 13.550107 271.514673 59.786041 -75.624536
7.239704 13.207641 42.874738 11.166442 175.794259 23.944854 131.966712
6.570422 13.307774 42.830319 11.020014 330.641619 59.771487 -120.180481
6.595340 13.127975 42.884613 3.354706 152.024921 38.890611 67.114929
6.110648 13.185069 42.876931 7.468808 166.759411 34.603864 131.391559
6.494652 13.086170 42.873430 10.201458 136.692496 56.214853 -64.917838
6.465250 13.146567 43.035931 8.159376 216.757403 61.560217 -42.587727
6.501599 13.041422 42.744250 5.068046 83.418151 85.653007 -25.700646
6.617988 13.134834 42.767386 3.914200 253.077246 49.201695 124.703909
6.668333 13.074570 42.941770 17.606031 150.307894 25.995593 113.080790
6.996468 13.344495 43.198190 8.956784 151.123221 27.886766 62.936022
6.151160 13.176004 42.789987 8.677977 36.350901 41.088566 -15.907095
6.838220 13.140645 42.624890 14.726187 50.915311 33.161250 -112.499955
6.645249 12.798192 43.077994 7.661519 337.297169 21.028561 -69.029464
6.926704 13.482590 42.773146 10.662523 137.613477 22.701850 92.030105
6.774233 13.051921 42.570425 12.168942 324.999261 31.275289 -107.782823
6.318489 13.240140 42.780429 7.529057 290.016727 46.760815 82.294091
6.416863 12.845186 42.659017 17.902865 103.232766 52.201575 -55.836541
6.519908 13.026670 42.885695 10.695827 137.882100 25.508626 113.532525
6.400025 12.989460 42.865827 9.629888 316.719221 32.704826 -123.380677
6.646541 13.039165 42.788328 14.454620 214.498688 78.913814 -23.496966
6.451505 13.267314 42.920247 12.355536 177.378849 26.672151 53.253676
6.781617 13.289693 42.751739 7.076153 90.802105 55.150929 -128.730838
6.605699 13.097462 42.880750 11.404188 331.978492 59.400535 -51.533298
6.251915 12.974095 42.851536 12.878649 132.364925 53.357133 142.476331
6.319032 13.174330 42.700441 13.432999 101.176805 48.650059 -65.588313
7.005002 13.198923 42.445667 8.404741 122.941200 40.266753 -111.278015
6.821624 13.444727 42.741177 15.959991 176.324612 25.640653 83.377009
6.439707 13.210966 42.772032 12.331280 167.601096 56.319829 -108.570382
6.567314 13.133577 42.917161 14.478054 135.484430 46.014635 -108.848997
6.570902 13.018240 42.836598 9.093627 161.470227 59.375925 -126.758113
6.688398 12.996573 42.822194 6.312444 356.899691 35.944950 -81.738089
6.827247 13.533953 42.977428 14.059214 146.445075 45.877691 47.870332
6.590001 12.919981 43.006754 12.185392 328.771362 62.509971 -122.849462
7.195207 13.006552 43.881337 12.638696 174.653255 30.158283 100.681868
6.854261 13.154800 42.855023 12.435138 169.057571 34.492813 78.377950
6.319532 13.166619 42.727849 13.797574 79.921598 86.736898 -160.703506
6.665190 13.010022 42.548340 8.773401 149.195974 45.244108 155.320645
6.280687 13.119978 42.911256 13.237200 169.413406 85.785910 -159.428894
6.933729 12.820860 42.698002 6.946993 153.035768 56.734757 -124.295589
6.251764 12.893938 42.883309 8.028363 160.394439 56.551753 -59.734448
6.507345 13.333022 43.037994 2.674811 141.227426 29.614745 93.684521
6.103934 13.172101 42.872395 9.168066 166.257050 22.009476 107.006845
6.102334 13.169072 42.771384 2.364661 271.881963 39.930239 123.341160
6.350136 13.123609 42.647550 15.353022 142.894634 47.705213 -79.006852
6.354137 13.229643 42.786874 16.986523 146.995800 34.531162 127.418772
6.757555 12.665632 43.189346 13.933745 310.747567 33.795626 67.821597
6.803766 12.955945 43.198483 17.216263 135.658482 32.453256 107.878874
6.166711 13.202728 42.937810 6.086158 148.235964 38.843173 49.415047
6.454674 13.314103 42.849636 12.600656 350.911823 30.126044 -100.673636
6.437308 12.911195 42.615483 19.944977 59.033809 63.973371 -2.127706
6.456442 13.322010 42.673146 17.646728 160.266340 36.895447 102.060607
6.250606 13.020722 42.786116 10.853527 169.855325 46.593134 -108.568500
6.361451 12.948182 42.804001 6.733612 336.852743 37.422304 -93.356345
6.241475 13.188884 42.725996 9.626815 190.043786 42.907046 -37.510326
6.769955 13.223107 42.932657 8.697784 144.709614 39.479663 74.846508
6.459804 13.169910 42.869145 17.747461 119.801903 59.103414 102.534001
6.938856 12.878232 42.855464 16.085896 159.172737 54.738931 -103.884358
6.331934 13.109591 42.753714 13.223508 88.179182 48.111560 48.833004
6.323348 13.070363 42.812463 14.162926 35.310406 89.546213 -5.301557
7.099588 12.981908 43.040701 8.227236 144.622299 46.254203 -89.734490
5.987322 13.073670 42.792666 7.367289 184.306487 54.377425 -30.997324
6.258255 13.174182 42.843615 11.373400 54.117822 31.037989 58.806457
6.346686 13.151884 42.824146 13.087389 57.584431 86.218506 -164.422019
6.464383 13.253631 42.802674 15.790281 106.282270 71.206069 158.043116
6.598412 13.178760 42.613428 13.819930 175.267127 60.384746 -103.542285
6.291451 12.752321 42.845166 2.570139 320.706365 35.645055 -81.670813
6.963392 13.580289 42.739617 8.747783 170.091316 33.241464 87.776365
6.351381 13.073768 42.774632 17.873392 147.585561 52.193902 -134.326605
6.936169 12.705940 42.761401 25.634726 337.247473 55.898818 -5.266925
6.924104 13.399124 42.601824 10.366528 185.603287 27.102662 -110.376451
5.722470 13.183156 42.725036 10.746959 333.798893 74.736230 -64.001913
6.690517 13.180528 43.021846 7.001699 136.147338 30.914744 86.124635
6.164445 12.970081 42.803151 9.813574 167.309534 55.085318 -84.418661
6.419982 13.049358 42.951866 10.856989 160.713003 76.677995 -41.323099
6.848953 13.293052 42.628063 5.237050 133.932727 57.528354 -116.087163
6.359323 13.096977 42.829808 5.424252 169.196686 44.774084 -86.686621
6.619327 13.054345 42.868030 5.254401 322.421243 40.391461 -69.345779
6.575479 12.857675 43.034186 9.569354 346.140853 65.186883 3.979906
6.532022 13.168281 42.771945 15.568894 168.579864 43.238079 -69.127474
6.434875 13.006886 42.833083 9.958070 154.853408 57.769420 -94.675853
5.806832 13.116286 42.797143 12.118015 174.052541 33.240067 120.790837
6.934973 12.964163 42.837688 11.054538 175.914131 53.428152 -53.778932
7.033528 12.869816 42.710847 9.834267 339.092547 43.514707 -83.921298
6.681006 13.186908 42.639050 9.362090 99.026239 50.094621 -96.060705
6.894169 13.087154 43.494213 9.978962 139.946402 30.951055 134.472714
6.617745 13.065208 42.570180 9.657252 350.903994 28.652864 -58.004478
6.892547 13.441085 42.600919 11.161360 143.246921 39.157571 50.793718
6.923741 13.049864 43.025264 16.526462 170.901255 31.414166 -55.076234
6.749189 13.363689 42.615408 9.258005 149.223654 47.854965 -123.946314
6.445112 13.299710 42.876860 23.028893 295.611746 25.310237 -115.669347
6.437752 13.151060 42.994410 10.949427 101.886115 51.574637 97.333826
6.506193 13.042927 42.577977 21.895370 175.714861 34.722810 -71.941261
6.454068 13.187513 42.745041 8.522891 153.871887 24.891361 86.697042
6.551633 12.881757 42.793600 10.766642 194.097436 55.805214 -130.042619
6.411547 13.153249 42.875493 6.993030 157.754832 31.006185 93.090676
6.355288 13.020270 42.844640 3.478754 321.869905 21.275586 -49.031908
6.290655 12.751635 42.805434 6.758753 323.424005 23.147526 -116.331923
6.180856 13.223703 42.781708 7.201320 44.679990 66.598178 32.745448
6.166169 12.922608 42.836272 10.699357 178.768855 41.021507 -62.741528
6.297750 13.079722 42.858456 12.236984 105.371492 17.952273 -126.729390
6.760074 13.447901 42.894937 19.003853 225.000510 55.963420 173.689772
6.409212 13.206739 42.787734 12.802426 84.992868 47.435772 -131.668688
6.178914 13.021281 42.714433 15.736306 325.522699 29.311504 -119.711317
6.568543 12.842191 42.844183 14.303797 82.003442 82.131632 142.692962
6.115803 13.296693 42.803391 14.450633 39.669344 43.986800 -86.197940
6.093102 13.180761 42.759772 8.075275 141.796453 22.582698 55.922546
6.305248 13.145418 42.770127 10.763563 155.059855 81.257186 -146.545066
6.357192 12.972994 42.738877 9.402983 355.993312 30.148870 -108.961369
6.861651 13.502018 42.836472 7.672050 222.183521 52.328062 135.291371
6.456719 13.144101 42.686051 9.044521 171.726136 44.458840 -74.625730
6.805274 12.625515 42.809931 7.423994 172.798497 26.466976 -64.995160
6.279159 13.016857 42.874822 15.807712 329.788313 58.583670 -113.690749
6.741232 13.236086 42.683610 13.145633 143.797446 20.297018 125.434270
5.983875 13.208557 42.864177 11.956311 237.908111 32.369007 -121.782848
6.563177 13.045154 42.674421 3.835846 316.359486 40.253463 -53.203699
5.911236 13.129732 42.831067 11.995902 289.183282 13.133168 -164.778318
6.773248 13.070132 43.086458 13.046995 142.686403 58.225397 -100.448472
6.449553 12.920080 42.748954 3.498349 172.236760 51.987088 -91.004079
6.113746 13.098691 42.879606 10.547671 173.368928 32.391456 52.098039
6.154129 13.102781 42.839385 2.573288 238.132037 44.198354 49.095619
6.245256 13.169503 42.799423 11.389168 156.876599 20.744301 114.661974
6.477853 13.215924 42.967609 9.479088 7.210160 62.548986 151.323293
6.479881 12.994709 42.840061 11.627550 160.318444 56.612195 -120.666800
6.254101 13.066746 42.897022 8.724992 158.493277 59.591506 -125.329384
6.261437 13.101044 42.901912 13.832992 141.081697 42.922893 -124.097916
6.842603 13.321842 42.898495 5.096894 144.293610 33.465077 128.395925
6.343694 12.973197 42.776719 13.792886 169.752347 58.026433 -129.366292
6.289991 13.160025 42.760038 12.602974 178.195478 28.681746 104.718057
6.861817 12.755182 42.791813 12.173492 319.813657 27.030478 -69.340963
6.300533 12.937464 42.924927 7.763028 136.161324 21.540980 45.954541
6.763048 13.274605 42.555959 6.308622 150.221903 55.492175 -87.399798
6.264154 13.132089 42.755081 12.084102 123.213278 23.307670 -56.749299
6.373173 13.095493 42.956482 7.983977 358.932731 48.601994 122.429252
6.422161 12.970630 42.839454 7.901455 32.589196 82.364640 24.458264
6.543829 13.257457 42.676273 13.561953 292.117790 45.685438 -89.274234
6.381717 13.156044 42.730741 10.842327 173.092573 26.158782 58.832414
6.370445 13.053381 42.869348 11.619861 344.185323 38.157517 -122.977782
6.153227 13.196415 42.728198 16.204526 155.237507 52.771120 -91.289271
6.338439 13.229291 42.859643 9.526320 315.922563 53.902813 -70.313636
6.396500 12.927756 42.964763 14.835479 199.187572 23.731092 127.803912
5.459665 13.141646 42.830197 9.196421 179.846035 34.126503 98.675398
6.598131 12.866565 42.701473 9.411792 335.284356 33.582211 -87.324510
6.105346 12.983197 42.775121 18.549697 158.347610 56.462993 -77.514900
7.146676 13.045165 42.513997 10.216291 11.681312 81.243130 15.918956
6.349292 13.147484 42.687123 4.803257 328.627270 34.431890 -100.240957
6.741290 13.012048 42.630964 19.935610 329.096472 21.049406 -56.807924
6.411697 13.056819 42.645848 7.629470 350.653402 38.363459 -90.160005
6.985718 13.469271 43.068842 16.262341 337.380137 39.974963 -118.966937
6.480434 13.403372 43.028094 12.569766 178.435266 20.591170 54.131168
6.381226 12.939537 42.968867 8.747892 175.447355 53.161551 -134.626352
6.507357 12.920113 42.834237 8.993070 14.270574 55.530378 24.625875
6.358361 13.256805 42.770894 12.984704 94.280004 87.092985 -40.876858
7.319598 12.446755 41.926568 15.207199 151.962625 54.860323 146.939860
6.354548 13.218273 42.852043 14.216679 151.886404 58.113325 -99.721836
6.827979 13.181870 42.476782 9.334547 358.642851 44.572066 -133.430345
6.784290 12.740823 42.718521 7.648906 351.605038 34.508166 -58.956601
6.587828 13.194470 42.663109 13.547352 164.287863 55.237554 -60.763786
6.774939 13.187838 42.706534 19.056295 154.874251 58.181017 -63.979226
6.839832 13.441607 43.251923 17.061178 162.599014 51.987788 104.096145
6.345774 13.103179 42.779497 6.022804 349.290073 73.792971 -57.276395
6.803043 12.882461 42.855969 14.700527 166.593499 42.644825 -61.185044
6.587764 12.990870 42.773712 9.153529 137.985296 57.374878 -80.913379
6.731790 13.005084 42.773730 17.785505 147.412289 48.658965 -100.524541
6.813110 13.369711 42.681286 14.840458 146.222067 52.139095 -132.520318
6.563588 12.931843 42.790760 11.837465 178.173269 48.775963 -76.859208
6.530083 13.295055 42.898715 14.893239 149.516905 23.501604 104.468990
6.487817 13.097366 42.855266 10.276001 137.988377 50.663829 -95.736999
6.685457 13.271093 43.020084 11.493675 355.211336 46.835598 -85.915259
6.465080 12.949850 42.667969 15.183720 113.315277 42.818518 -125.079850
7.374450 13.408843 43.449565 7.964606 114.111174 37.109675 83.957320
6.792384 13.336869 42.807118 7.621037 156.988274 40.166793 -90.334465
6.758103 13.183881 43.142638 7.876766 70.709497 44.946817 165.911950
6.531097 13.275988 42.863862 3.831548 164.504327 40.451538 129.712167
6.056152 13.058068 42.776704 6.391801 106.573286 88.153625 -19.618889
6.125932 12.898200 42.771214 7.448254 355.121430 35.483726 -66.545943
6.252671 12.859427 42.791206 18.581110 155.796394 55.729196 -92.899491
6.296092 13.161871 42.883005 17.214923 231.054280 48.675727 97.104602
6.672856 13.180551 42.778940 12.911554 318.103770 72.853758 169.152757
6.464902 13.254728 42.704305 7.320124 227.263041 56.576013 122.934377
6.927658 12.467690 42.751326 10.679563 163.398374 47.013734 -67.629770
6.892041 12.565681 42.585517 20.445765 280.709594 63.859816 -88.662498
6.348989 13.164992 42.868490 8.567857 276.199804 32.634805 -58.712643
6.690907 12.603906 42.904150 10.196093 324.569610 47.028680 -30.061980
6.253135 13.117479 42.833095 4.347573 271.946562 55.445735 -50.368749
6.450177 13.139041 42.532687 6.633281 175.746574 59.929165 -123.370951
6.587161 13.383313 42.753672 8.207962 179.597891 56.586126 -72.135286
6.904001 12.570798 42.537383 6.582748 113.116963 60.581753 -122.515714
6.104464 13.161435 42.781366 11.031657 158.860865 34.376814 72.647768
6.402034 13.137533 42.881935 7.426689 50.015103 50.118151 62.452454
6.439864 12.853812 42.665910 9.097545 350.111198 35.384497 -80.748749
6.102063 13.195764 42.929721 12.185505 216.673048 46.128462 121.147323
6.535325 13.054216 42.897644 13.322561 141.274834 40.819033 -98.949947
6.553242 13.260420 42.944720 6.402568 303.622752 75.229360 139.152403
6.536634 13.084181 42.810236 2.881743 165.899383 32.466885 -83.124747
6.854463 13.605401 42.635654 3.476412 306.064360 29.338683 -106.895525
6.731297 13.402510 43.005909 11.587723 173.299526 37.526057 127.775316
6.529461 13.135240 42.757829 14.502032 146.253869 81.801314 -174.080201
6.976637 13.321992 42.773625 7.756721 158.676255 30.073089 129.224290
6.333559 13.178592 42.881093 10.542647 140.965257 27.946020 80.781395
6.585914 12.974599 42.893999 13.989251 155.191792 39.956608 107.588908
6.912999 13.003837 42.958134 16.142611 124.640261 65.978187 -56.020684
6.860675 13.185421 42.607556 12.284814 135.786608 41.219332 -120.391878
6.263311 13.230887 42.770692 5.933358 179.934004 33.235663 -83.184125
6.401745 12.929102 42.849156 9.431496 114.757708 11.671273 97.176037
6.790482 12.974658 42.760186 12.931539 325.864744 71.380228 146.732602
6.648755 13.211376 43.254807 5.318523 168.147767 60.549885 -92.205503
6.292548 13.033841 42.798324 12.309233 349.167049 36.801907 -70.460669
6.967268 13.466840 42.999330 14.377254 155.076623 48.850390 48.152079
6.383914 13.385436 42.987031 8.644801 109.973435 84.605093 -135.617813
6.036362 13.108466 42.837801 3.156324 15.492994 47.585911 105.269709
7.105922 13.167327 43.075490 6.138187 136.745393 25.359431 46.897986
6.221275 13.041907 42.846882 3.488016 222.192574 46.393494 -66.752098
6.116387 13.057337 42.833615 6.332220 286.221875 59.142400 40.803272
6.429340 13.200048 42.953981 13.534532 319.616730 77.458687 15.769347
6.439750 13.125627 42.839104 11.948286 142.951537 27.104262 68.778787
6.613755 13.061773 42.824036 10.441722 348.974004 30.889506 -110.135937
6.540132 13.087590 42.858492 10.707975 144.084403 43.907704 -126.653857
6.748259 13.414535 42.905453 10.809097 22.836629 32.025997 132.453464
6.598017 13.303610 42.892140 13.801170 139.397006 28.717211 63.200086
6.065357 13.278423 42.810466 8.843433 174.631142 34.170409 78.825660
6.263669 13.093219 42.793715 13.242822 225.432914 52.847341 77.282566
6.333847 13.013193 42.906866 5.988760 120.803706 63.913686 -64.875327
6.139123 13.108514 42.802281 7.412780 122.014682 57.905008 -49.830237
6.275601 13.245040 42.684202 14.952819 178.962046 25.787669 96.716890
6.744855 13.178829 42.781899 7.161646 152.663948 31.810660 99.877205
6.319031 12.833902 42.932594 6.374431 183.315621 43.980849 -62.069643
6.522981 12.935406 42.803454 11.791512 132.478253 74.633189 -99.037383
6.210041 13.124159 42.733847 6.192625 170.553916 38.477756 63.592291
6.426654 12.995186 42.844645 3.885764 317.848902 69.124432 -118.862906
6.483289 12.824558 42.643142 11.917879 316.956130 28.845007 -111.609374
6.601137 13.072186 42.890755 14.501014 120.035118 30.605043 -97.433699
7.108193 13.168637 42.994391 17.199859 141.883802 26.627452 79.970458
7.138962 13.098485 43.267118 17.901307 155.179739 34.936670 57.961507
6.284337 12.980741 42.854328 5.173270 100.281955 54.535502 93.178593
6.596193 12.926180 42.834510 3.769012 139.535213 47.525387 -59.161733
5.866122 12.895333 42.779117 1.839636 358.175580 31.220491 -71.039225
6.803474 13.208096 42.918218 14.000893 51.597084 18.503879 74.127484
6.870779 12.849935 42.983491 17.396663 85.390860 81.241256 -160.483589
5.989248 13.057545 42.721392 6.799100 154.343530 45.115496 -58.717153
6.570981 13.250439 43.061625 7.508937 294.691989 75.451163 113.555898
6.122762 13.114953 42.814255 17.575325 141.746716 34.434832 134.347648
6.251617 13.147581 42.771289 7.861058 338.503734 32.300736 -111.257392
6.948855 13.025439 43.018001 22.971827 139.935049 27.333747 126.094522
7.086327 13.306841 42.650002 8.022311 146.397528 40.922240 82.855792
6.217493 13.058449 42.863819 17.744143 217.823842 79.689439 141.960455
6.282500 13.121888 42.547018 11.919379 135.399524 42.541412 -63.621016
6.859194 13.040963 43.373952 8.775540 161.256922 32.341883 106.685323
6.575730 12.935670 42.659313 14.485202 322.044915 26.327159 -95.922190
6.484330 13.185867 42.865492 8.213110 179.524010 59.296245 -66.575149
6.819077 13.115109 43.003651 14.985840 159.272414 48.130107 -122.274870
6.315869 13.218323 42.760567 12.589925 242.536739 39.913534 -130.471897
6.696183 13.046726 42.602416 6.538625 329.234621 33.486804 -55.677176
6.097990 13.099014 42.857303 6.838004 318.921680 28.010571 -112.079245
6.434763 13.291819 42.902421 10.106647 168.336131 31.568407 99.386564
6.421342 13.011984 42.809731 4.563696 149.910879 31.491927 -75.597448
6.203604 12.924514 42.801021 8.583739 153.825257 51.770661 -116.922456
6.282323 13.086852 42.848730 11.851914 323.530018 45.717328 -67.511677
6.510643 13.322651 43.079482 3.478065 148.159386 30.176723 99.909959
6.591787 12.948500 43.056855 13.865643 324.579424 26.195722 -119.158769
6.315369 13.190801 42.752374 6.318606 138.585236 21.875546 114.063544
6.344998 13.327718 42.865888 12.579789 137.018286 57.145263 -48.106875
6.608550 13.073685 42.654143 12.768999 170.748845 82.655556 95.005363
6.078021 12.983257 42.714549 5.740802 64.948360 48.353344 -156.026895
6.260553 13.188381 42.784158 17.953489 177.456760 19.436783 -56.512030
6.548059 13.261510 42.887899 16.925975 250.610451 52.543634 -126.552545
6.378380 13.014754 42.815531 6.713372 125.984172 56.749080 76.768786
6.721572 13.043963 42.727113 17.826897 167.227580 53.771491 -98.203874
6.186602 12.997391 42.822467 19.095291 326.154624 42.705423 -51.091214
6.289688 13.022864 42.983288 6.725658 178.464938 38.647495 74.112198
6.812633 12.832477 42.860401 12.359245 158.076461 86.362764 -12.993874
6.766710 13.088410 42.974758 11.481005 176.341547 27.722308 87.581266
6.636447 12.950310 43.121119 13.210729 150.407440 27.752181 131.365541
6.791736 13.074914 42.469503 29.431062 30.552173 84.605421 -8.641583
6.657986 13.077634 42.906124 12.609668 320.354200 44.974189 -77.579231
6.677470 12.942478 43.122767 5.692400 141.866247 29.336019 133.335202
6.578770 13.167601 42.818508 8.640914 99.870993 87.796025 -29.955610
6.308690 13.125633 42.841922 15.399620 176.550233 36.074224 88.091248
6.384811 13.319021 42.827848 18.230911 140.670075 14.122569 77.267407
6.511314 13.244134 42.873816 5.405528 12.919223 46.650907 -65.811283
6.526611 13.158732 42.843708 4.143340 271.939419 34.479084 -96.879683
6.703109 13.318226 42.852911 9.078665 160.374234 31.181826 121.323302
5.691617 13.224059 42.934798 8.459166 109.059196 71.254555 39.983177
6.290181 12.961500 42.845266 9.008163 321.453611 29.152525 -100.744822
6.368468 13.064186 42.969998 11.287323 146.291397 52.459124 -127.900212
6.428369 13.006623 42.852633 12.196786 359.406461 22.779257 -65.833513
5.813184 13.001838 42.826582 10.025527 153.075122 43.041435 -102.380194
6.042357 13.142140 42.852522 9.021504 344.304738 32.864833 -87.991380
5.961264 13.209628 42.850093 9.041132 141.192590 55.768405 -112.284575
6.575504 12.997013 42.676371 12.184606 322.855465 15.895857 53.893733
6.523018 13.024731 42.780595 8.599045 67.585477 47.103840 65.733025
7.081427 12.391317 42.582551 6.463316 30.133338 43.351021 79.055746
6.583505 13.297374 42.820972 17.655068 149.160611 34.000461 91.383115
6.168910 13.343100 42.801992 5.956067 156.721116 29.500572 120.271098
6.183596 13.071976 42.911048 11.424568 171.925412 40.378634 -99.492284
5.959072 13.178020 42.828938 7.388786 137.652005 24.764901 124.467850
6.223464 12.942774 42.800363 10.192236 168.484295 33.554199 -96.756086
6.384207 13.260194 42.659438 10.674206 169.856994 62.580482 -15.381771
6.297240 13.107313 42.815290 2.424356 88.098298 30.527658 76.118219
6.652034 13.224544 42.586984 10.115860 50.185655 48.302006 -139.552341
6.859814 12.912685 42.993961 6.037821 135.999645 23.312538 98.558883
6.307221 13.108701 42.892523 4.746603 116.304094 88.415959 175.600776
7.284708 12.689104 42.561084 13.516548 5.297851 23.628776 -49.427182
6.583588 12.733347 42.810140 18.955122 336.213913 36.816449 -45.329326
6.903426 13.064393 42.554551 6.261481 93.180807 52.531387 -96.616507
6.367037 13.143165 42.986652 18.293076 139.975166 54.697575 -76.143741
6.631765 12.741565 42.603964 9.014838 115.991268 47.860341 -86.429763
6.440617 13.264804 42.836239 11.049705 302.657661 66.842545 -74.850419
6.446692 13.235121 42.758023 14.491800 300.439310 65.975063 31.869899
6.895780 13.101773 42.888891 15.196695 118.248993 15.857161 172.476985
6.417525 13.097048 42.850317 9.715253 325.402115 52.965351 -56.663364
6.446064 13.039500 42.800600 14.910476 154.343362 34.195922 -109.602791
6.399946 13.143026 42.928611 12.013417 145.815933 24.376838 45.547649
6.699184 13.374285 42.682495 11.581701 138.130813 35.524031 125.617886
6.109186 13.205367 42.739113 10.927410 176.205189 26.839152 134.281381
6.856674 13.152671 42.769349 16.489360 155.154796 27.028879 76.996672
6.700086 13.342718 42.719012 12.197105 137.982067 58.125790 -57.587001
6.061171 13.064017 42.815753 14.292468 141.835215 57.835047 -62.192482
6.699666 13.115128 42.931956 16.936715 139.922853 51.218009 -70.728219
6.528130 13.317607 42.814428 10.289142 222.606768 26.725514 44.011444
5.984668 12.992112 42.789312 9.072760 156.110638 53.062596 -58.561480
6.224225 13.172235 42.768845 5.953022 142.066994 34.540115 78.417097
6.064239 13.262105 42.874310 7.531961 172.092807 56.769007 -131.211819
6.879819 13.658334 42.978429 16.865717 157.600143 59.200479 104.891250
6.735129 13.083672 42.572569 21.357449 258.647181 35.503147 -107.640267
6.327869 13.087699 42.714091 7.609423 128.949223 84.861150 -154.759033
6.542893 13.090178 42.721885 14.592225 177.507791 56.951837 -56.203240
6.482770 13.221716 42.827182 6.969170 153.614244 39.625625 115.336581
6.678634 13.039469 42.881117 16.179641 191.004421 62.788287 54.907679
6.086378 13.114439 42.788132 16.054762 143.366443 36.895677 116.971256
6.761129 13.282378 42.922539 9.465746 291.663328 27.929097 70.063407
6.018942 13.115396 42.775889 11.094567 276.303790 79.779079 -21.752993
6.365808 13.124698 42.832104 19.302031 154.163600 30.509752 133.326773
6.444550 12.881624 42.640296 13.162108 77.207433 78.989020 -136.910855
6.739871 13.293930 42.908856 12.227653 170.118240 26.399168 127.106229
6.767171 12.949598 42.814775 8.161601 323.586835 20.656529 -56.050363
6.237454 13.146887 42.788366 7.879691 151.443958 33.438267 65.932290
5.980163 13.203464 42.810722 6.945632 292.640261 55.090076 66.683445
6.832019 13.409639 42.835160 14.760353 296.199873 48.602454 131.441652
6.252220 13.158244 42.679343 12.926913 323.009168 53.609877 -29.958585
6.436900 12.954386 42.934655 15.547826 142.472751 57.963153 -86.272336
6.774061 13.134321 42.584270 11.209863 178.664439 87.283294 163.639262
6.267755 13.185730 42.837887 19.390060 138.152192 32.210667 48.387065
7.003402 13.214959 42.934566 6.750872 273.577201 42.680193 -93.216238
6.726618 13.124501 42.969936 5.333507 86.388623 83.397143 -111.581062
6.372866 13.186948 42.879967 9.737081 172.107938 49.696762 -59.856570
6.649395 13.185618 42.941424 12.088805 153.659424 20.367298 69.711824
6.862981 13.205227 42.813934 15.011673 145.074725 34.225809 90.739525
5.864984 13.225574 42.810962 8.924035 135.343999 47.840722 -73.824171
6.298933 13.269425 42.932208 11.642064 151.461861 28.859420 99.495249
6.535703 12.983098 42.957961 7.902682 151.271327 53.019859 -70.372984
6.315706 13.136001 42.726563 5.785329 177.973528 47.961843 -102.057580
6.302451 13.004704 42.882219 9.520236 163.770196 45.340582 -79.324465
6.774207 13.246530 42.925369 5.649982 164.051685 85.973757 13.849090
6.318651 13.226849 42.848456 6.564089 48.560408 88.308351 138.032275
6.421717 12.833466 42.903902 13.716441 358.810309 54.034996 -70.824351
6.596109 12.942701 42.497050 19.767633 337.402175 30.441917 -77.197907
5.792508 13.239175 42.818047 11.087186 176.612939 26.676104 72.946374
6.039895 13.127210 42.807476 6.991840 313.304979 30.836596 -102.250501
6.069740 13.064960 42.686852 11.310927 358.395848 30.549620 -92.989309
6.285371 13.129692 42.687418 2.872841 175.352910 43.411882 -60.223746
6.161759 13.209512 42.804635 6.175988 298.229635 23.132049 115.633270
6.873445 13.369629 42.394930 20.966319 278.757319 76.280902 -109.759305
6.441789 13.046073 42.817420 10.162233 3.853718 87.204377 159.980511
6.729087 13.312029 42.598934 11.122572 112.526514 47.947405 -114.935514
6.354750 12.973747 42.681675 12.443491 169.421029 55.414912 -75.790685
6.893532 13.004930 43.021438 12.463247 76.521982 46.420204 127.356335
6.577544 13.218374 42.871379 15.134747 346.333063 35.075978 -110.214462
6.796295 13.316868 42.748989 18.897741 313.256453 60.100218 -168.965186
6.558891 13.207661 42.759464 10.016338 136.659006 54.328723 -52.682304
6.866246 13.263022 42.702109 13.897880 169.571803 45.794299 -90.626137
7.011376 12.912895 43.085517 14.805896 157.271323 86.338254 -104.457616
6.625252 13.015963 42.887102 11.152613 343.994623 52.410509 -109.101662
6.498712 13.222221 42.871226 9.190074 138.816428 55.959603 -70.522199
6.122572 13.145271 42.926589 16.099054 112.104861 42.269489 103.228464
6.751507 13.497610 42.909576 15.359843 238.355770 68.073898 164.884667
6.078355 13.008123 42.814823 11.603886 357.684648 28.848255 77.523794
6.412866 13.286241 42.583234 9.677445 159.461639 58.500505 -94.530625
6.559182 13.089014 42.850262 5.453287 203.415120 61.722853 -166.603777
6.177012 12.951338 42.760583 13.216343 154.495004 44.083226 -116.326599
6.425778 12.994809 42.968781 4.322881 96.546366 23.781691 179.000945
7.036398 13.417186 42.962740 9.980665 156.362647 37.043924 104.132410
6.155954 13.172531 42.691963 5.980831 162.500867 58.299082 -49.470035
6.509732 13.172957 42.964146 9.073980 359.004143 25.098621 58.146527
6.711859 12.902861 42.823228 5.848433 75.457880 72.059935 -1.596846
6.300030 13.049165 42.945132 12.169374 171.947646 72.912148 -33.950131
6.332289 13.336160 42.957441 16.574121 208.385261 53.464314 23.094492
6.261474 13.050764 42.913797 9.984078 74.859520 21.416805 -99.613569
6.527092 13.100569 42.956284 2.733330 141.695849 29.995752 111.768496
6.532005 13.150837 42.655274 16.647590 211.366591 40.485396 -53.979084
6.284473 12.998013 42.797067 8.242090 175.192546 51.858971 -128.531963
6.290919 13.089418 42.802278 12.952018 166.531020 85.611435 -3.846796
6.689766 13.307202 42.736687 5.251651 315.218937 77.988507 -178.469471
6.526895 12.939322 42.941398 6.593670 179.781546 33.452224 82.929966
7.185080 12.824070 42.759493 13.003270 175.410036 24.629879 -121.232359
6.528544 13.164888 42.672275 19.526960 131.454982 64.376141 -173.546921
6.717687 13.200453 42.786660 4.973596 173.609546 63.398352 -90.632784
5.998594 12.979142 42.875755 4.293674 169.464668 47.153152 -51.993826
6.674691 12.705782 42.821982 6.471549 353.341234 39.852628 -59.405536
5.993556 13.160567 42.881338 8.304573 149.645703 80.057338 162.102966
6.269490 13.179997 42.751576 18.375529 177.655365 39.557867 100.480806
6.426470 13.156391 42.885196 3.447791 150.648303 22.681809 106.409902
6.282901 13.247262 42.728194 9.698065 159.966323 57.062097 -85.994435
6.438995 13.475541 42.827390 12.145932 142.470260 27.872880 60.440095
6.496850 13.056716 42.962482 8.223526 227.065543 74.345516 67.839258
6.439961 12.947742 42.724631 8.927969 267.908292 27.530252 -90.113349
6.501593 13.069322 42.802753 11.916865 158.404325 54.295378 -65.093402
6.574148 13.138520 42.809815 16.737628 276.652462 54.866774 -72.760480
6.351332 12.939451 42.930744 15.695383 142.973815 28.971912 83.132115
5.689635 13.125347 42.895100 14.447160 295.984669 53.174241 -109.345285
6.537057 13.448353 43.031775 12.296220 174.637365 39.430569 96.700516
6.710740 12.695037 42.935394 14.138516 351.814336 25.829383 -119.067277
6.962246 13.955561 42.876203 10.119854 98.006986 54.089471 78.403026
6.193188 13.187299 42.849867 4.086112 183.343014 51.372305 -131.104061
7.066319 13.029857 43.079093 5.914966 142.743292 49.638471 -87.676472
7.013468 13.636932 42.656977 13.787451 64.977553 47.402549 108.055166
6.883162 12.832049 43.013564 6.180772 165.869045 47.152618 -105.699242
6.907205 13.391772 43.170541 13.068775 191.008133 17.312360 82.213659
6.196151 13.046303 42.811064 10.100981 46.230899 83.434391 -33.449777
7.078330 13.231136 42.642168 7.224471 208.302696 17.321211 -136.281971
6.811422 13.142830 42.688008 12.202887 174.072318 56.428874 -129.245882
6.126835 12.981141 42.753862 11.825909 177.297147 38.516981 -103.608997
6.319649 13.045054 42.712982 9.029497 331.610057 20.571914 -90.542513
6.383314 13.027192 42.716887 18.019395 326.796335 39.852059 -59.099819
6.574618 13.318449 42.928463 5.877090 174.961905 29.280981 129.641874
6.680275 13.207652 42.714786 18.420417 102.699282 77.713300 131.233154
6.456566 13.076296 42.906481 12.714206 162.880569 34.973007 -90.350227
6.732711 12.944895 43.065061 6.152764 162.988509 66.384101 -101.459680
6.756365 13.302495 42.833943 6.928640 154.230724 57.176087 -112.420000
7.079783 13.314548 43.074319 9.657355 114.484790 29.517568 63.962602
6.441492 13.168153 42.754915 3.949278 67.300875 68.125422 42.196560
7.094028 13.152376 42.943008 6.127627 277.794147 50.352374 52.586895
6.757173 13.224347 42.971513 12.665519 5.104146 68.469025 142.254726
6.622508 13.076559 42.804890 10.846684 58.208702 52.736617 118.073025
6.305815 13.301320 42.822870 13.720994 152.102887 28.328407 123.756948
6.260684 13.062446 42.853255 15.607800 133.376911 24.955776 -92.271945
6.713382 13.201211 43.005705 20.568694 25.913997 30.527554 68.490370
6.955355 13.284917 42.921333 9.124968 110.453337 45.567656 124.721390
6.656863 12.811422 42.659006 12.957960 326.691700 33.521791 -74.976108
6.256508 13.273153 42.814739 9.528789 156.214747 35.752044 45.818941
6.449625 12.975851 42.921494 11.439707 147.795363 56.632835 -119.788058
7.156008 12.859486 42.456399 12.536247 357.194721 23.419137 -62.664122
6.735528 13.212484 42.641281 4.731457 105.185731 49.681813 -75.545195
5.966849 13.113869 42.891437 5.080444 160.324066 56.718927 -104.970730
6.460212 13.030629 42.774550 3.189639 172.938888 43.007641 -67.739006
7.017682 13.107261 42.634211 13.940724 48.752163 72.144309 -148.557565
6.002605 13.123776 42.773839 13.587567 138.632462 34.672531 77.417091
6.515670 13.208717 42.865361 12.204678 141.838820 22.602565 107.043112
6.460637 12.811239 42.917031 9.879229 165.097926 41.982661 -95.319260
6.135522 13.015487 42.852638 16.681764 162.956482 42.803334 -113.623823
6.864022 13.048242 42.699351 12.256951 274.105299 42.191265 -129.753828
6.235115 13.151130 42.834204 9.481037 152.517224 23.078544 88.419030
6.516064 13.170682 42.849928 9.506146 163.687292 32.348749 82.993049
6.720668 13.176838 42.885095 4.920723 176.803359 57.415387 -102.185693
6.540598 12.909662 42.981575 13.591521 172.351641 22.639257 56.050465
7.007591 13.251844 42.896853 15.398196 147.595066 31.011698 134.338976
6.494508 12.918654 42.958292 10.797775 15.105830 54.800894 96.940314
7.011573 13.648328 42.788126 6.112992 110.778805 22.297171 82.279135
6.676882 13.012697 42.888360 5.966938 19.586702 56.690355 10.480764
6.151083 13.059120 42.799923 4.406943 321.555083 53.713774 2.430522
6.881723 13.013097 42.738606 15.604393 222.531731 55.609861 -37.017721
6.459186 12.955907 42.986705 6.559317 70.834493 27.048178 84.359117
6.604001 13.077064 42.900012 4.879274 128.514233 46.700856 91.841735
6.747528 13.091838 42.868917 16.597813 315.037292 31.946189 -53.256200
6.440859 13.179069 42.832887 13.250322 153.298176 56.081283 -93.487645
5.975518 13.133311 42.781621 12.912475 168.240907 26.720595 72.332604
6.878271 12.908310 42.980845 17.889911 145.937371 36.833342 69.787222
6.327248 12.743173 43.073132 10.318753 154.821564 56.922254 -73.430865
6.444291 12.827762 42.774232 9.808842 176.157506 58.119516 -50.859801
6.024690 13.198946 42.762398 13.556643 146.333803 34.317695 118.230880
6.312330 13.274022 42.933300 8.186710 272.615519 47.502032 119.797859
6.636428 12.855067 42.884169 5.301416 164.672152 49.150331 -93.217510
6.745150 13.308976 42.792014 19.251167 120.227576 89.245184 -158.305861
6.803043 12.759808 42.691133 9.080306 11.133547 41.979239 127.810747
6.461686 13.200320 43.017248 13.180550 143.921583 37.658992 119.584184
6.107038 13.215451 42.856341 8.866824 141.926151 63.216964 -47.819748
6.669998 13.309708 42.785552 3.591193 160.664683 35.204451 126.222417
6.546399 13.105542 42.973839 5.112875 158.259228 40.019762 -64.428838
5.938482 13.190185 42.872326 8.794099 158.360921 30.824019 -110.172154
6.372843 13.097286 42.745678 14.664031 352.278354 26.510913 -103.054648
6.562122 12.784982 42.982076 11.123840 321.604672 33.071687 -70.117097
6.328637 12.789883 42.857818 7.978867 138.200600 89.597154 29.546982
6.837683 13.018403 42.643950 12.434315 128.934033 59.137026 -100.774346
6.380708 12.969443 42.894873 7.584106 165.027881 57.843953 -134.300805
6.302177 13.023624 42.854081 16.299774 208.543779 30.120163 102.204938
6.827773 13.494787 42.827395 6.372011 137.589681 20.083451 48.159844
5.898576 13.222053 42.806132 6.207554 314.413621 77.978241 36.678464
5.925110 13.267643 42.720714 13.157850 47.508991 73.562340 18.685159
6.534222 12.924031 42.853424 4.820243 152.432552 51.363204 -57.219738
6.341574 13.251943 42.660702 13.111231 125.598287 51.607819 126.857366
6.405735 13.379598 42.888338 14.335531 139.333728 24.275709 91.317483
6.500924 13.059855 42.905467 8.722011 300.990189 54.788415 -129.768647
6.861349 13.341136 42.875761 6.247577 342.319515 65.805384 -99.410114
6.596385 12.961871 42.704457 4.300105 151.157512 58.351812 -122.814018
6.520849 13.032147 42.697904 7.610126 156.533110 45.727511 -87.455261
6.593017 13.388900 42.795048 14.380353 163.470330 48.855441 -74.665105
6.343646 13.181487 42.910144 3.928568 144.133102 30.297111 61.722131
6.617523 12.941634 42.729266 10.949154 156.245146 49.111789 -120.681097
6.588276 13.052822 43.011719 12.977878 170.204462 23.288760 133.670803
6.141168 13.248264 42.791293 13.838071 137.041688 49.134065 -51.465215
6.291078 13.463595 42.774207 13.017893 137.595763 36.651229 61.780992
6.871739 13.266751 42.773609 12.713638 157.014302 33.423020 77.277630
6.672893 13.199152 42.677637 8.967652 66.167595 51.030362 126.265341
6.455349 13.034811 42.796181 8.651338 353.469461 79.522567 -93.498072
6.289313 13.108069 42.753612 7.248264 150.938241 42.372216 -53.535066
6.203868 13.192178 42.791074 16.055793 158.195381 35.434848 127.647863
6.524437 13.011634 42.899330 6.053825 154.549482 21.215412 94.833749
6.532544 12.907901 42.969559 4.444014 160.005908 54.106524 -117.758650
6.857735 13.089617 42.531211 15.942418 347.982549 78.445100 -130.372358
6.294762 13.183954 42.808636 6.301168 152.237580 34.043511 125.596662
6.455489 13.030692 42.878059 16.654194 26.020313 85.312630 -168.553442
6.518351 13.266198 42.992013 5.433860 222.026110 65.266428 51.977612
6.795642 13.135013 42.753076 10.096118 151.190221 34.326899 78.642182
6.490196 13.089308 42.817204 11.816090 316.033984 56.789106 -88.640407
7.248583 13.013580 42.996976 9.019125 29.646799 85.107010 9.090796
6.384277 12.888174 42.772225 11.462042 338.131782 33.044340 -129.789069
6.353500 13.035203 42.683511 13.060490 159.746753 54.466136 -72.646737
6.578618 13.029659 42.847084 17.025629 303.995125 47.168848 52.202291
6.078734 12.968188 42.818890 14.482379 138.683168 49.550535 -108.525677
6.509506 13.180632 42.777835 5.279154 213.491884 50.696315 -136.828090
6.262625 13.090382 42.929935 15.859406 106.868270 70.634744 -136.122129
6.798746 13.584822 42.647654 16.530775 111.470933 78.596146 -167.475992
6.669649 13.109060 42.786390 9.859630 214.548337 47.311418 -163.485987
6.331290 13.098620 43.007867 9.592605 141.596523 44.582507 -104.679234
6.055012 13.018418 42.843860 13.156149 96.624290 27.687343 156.348724
6.177300 13.149583 42.757345 7.756745 139.826154 46.588543 -67.421749
6.187089 12.936012 42.858824 7.038949 52.682355 40.453729 145.410427
6.430523 13.060093 42.717247 17.061977 79.946138 53.931869 91.916083
6.465062 12.950369 42.839309 7.899417 243.457202 48.935268 -137.933651
6.486292 13.229070 42.774776 4.947695 136.722583 58.146230 -130.871944
6.116394 13.092545 42.885951 8.233103 165.808283 28.593867 54.869218
6.798011 13.041971 42.613346 14.975918 358.027767 32.008879 -53.079921
6.987515 13.158354 42.390658 13.942803 116.562383 46.887905 -125.105705
7.052223 13.280564 42.790562 10.934980 137.133048 33.581239 111.651006
6.644179 12.970927 42.961692 12.545393 244.121168 29.385602 94.156924
6.648613 12.902493 42.941012 8.336457 351.466433 29.165901 -124.858396
5.927443 13.086941 42.798206 5.955584 59.544081 85.813044 44.793153
6.819489 13.268642 42.972672 4.709784 225.106459 49.832148 -126.289094
6.409242 13.127156 42.982156 10.798129 175.356218 57.449641 -66.691294
6.390933 13.262169 43.093868 14.651512 169.093133 22.246195 103.845133
6.462816 13.111060 42.755584 23.939689 350.884669 65.021318 -84.695316
6.830417 13.107692 42.742897 5.397830 152.135827 56.098200 -125.681028
6.684598 13.300893 42.816514 8.413698 298.785083 55.276553 73.013687
6.589374 13.079981 42.581284 14.324156 307.608996 62.000188 -67.828688
6.762002 13.543965 42.853437 5.636244 159.860957 38.314529 120.050581
6.586161 13.055782 43.052180 10.114584 188.125643 40.183283 -104.989597
6.739650 13.013475 43.139847 8.830948 144.232567 28.062970 127.273911
6.626702 13.047716 42.895148 5.107931 309.125896 29.900801 -93.330821
6.308863 13.024522 42.905421 8.698837 168.105556 24.658716 64.575719
6.091597 13.105509 42.713348 7.803511 145.917833 44.491632 -79.271373
6.290547 13.101471 42.790947 15.312027 172.005155 58.400780 -129.131812
6.560525 13.031149 43.031883 16.700290 169.818131 54.835071 -72.468784
6.459450 13.123996 42.750469 16.461001 141.970171 63.649661 -53.854158
6.192253 12.917101 42.806088 14.218662 344.426817 30.182272 -72.227260
6.660568 13.194274 42.893329 8.811490 66.903579 43.125313 -75.160310
6.731755 12.855180 43.082032 6.828193 166.955676 55.313368 -100.098265
6.731778 13.245998 42.920101 18.285395 270.437282 45.041849 -55.896248
6.492721 12.931687 42.858500 15.747645 112.819821 36.726236 -113.245988
6.517590 13.267395 42.894898 18.622665 178.869991 29.835139 70.400575
6.331524 13.197190 42.623764 14.666445 68.690208 43.674412 -56.504391
6.234056 13.077593 42.717245 14.985776 339.405810 29.398251 -115.451955
6.165775 12.987151 42.791354 10.192620 164.616249 49.754552 -69.529887
6.435858 13.167395 42.727557 4.831223 266.778972 19.160391 114.102020
6.341029 13.160925 42.947521 26.403824 79.423581 32.763821 -83.384958
6.143560 13.009781 42.942432 9.424793 161.457144 58.834172 -95.900883
6.858242 12.880292 42.907681 7.028222 130.815219 42.027218 -98.334012
6.056697 13.110604 42.808646 5.888751 135.142670 39.562108 59.431342
6.083400 13.246558 42.847166 16.395979 150.720541 20.340152 96.582399
6.341385 13.049686 42.848905 10.597626 314.445072 30.930331 -97.552217
6.208424 13.304768 42.811137 15.550385 138.192740 21.537927 87.388415
6.471965 12.968650 42.532277 9.040837 233.070675 33.818931 65.427152
6.670477 13.295973 42.782579 19.662002 177.854293 32.802611 112.110808
7.055966 12.839301 42.667393 12.546974 353.638837 26.057226 -108.510111
6.395918 13.123251 42.830003 10.498583 328.724572 54.162583 -94.699778
6.618214 13.225831 42.577130 12.501950 314.693303 42.048939 -96.764077
6.562350 13.106684 42.491235 8.261367 127.450554 58.769434 -110.198914
6.337114 13.189107 42.646083 15.953250 135.113273 57.172248 -85.474065
6.546905 13.274284 42.797709 15.947720 359.748879 43.758752 -58.233373
6.712501 13.379463 43.118921 11.303108 178.396855 46.016619 45.061887
6.611915 12.910549 43.028523 18.913580 286.090686 52.085174 58.130675
6.726058 12.798209 42.652696 17.106610 329.438617 36.988986 -102.662879
6.532429 12.840822 42.836924 11.893176 92.866207 67.280872 -112.533334
6.753145 13.381614 42.900448 4.395497 139.765483 31.342456 108.786222
6.423488 12.973758 42.985229 5.321518 170.110028 35.366552 114.372957
6.577993 12.993826 42.655770 10.128613 220.901166 12.789422 157.845500
6.004833 13.088228 42.865750 7.491701 309.772730 28.648772 -109.047174
6.330492 13.233237 42.671824 7.920668 169.113378 20.219718 133.435521
6.894926 13.152833 42.575853 17.043098 136.003373 72.032426 -54.580436
6.218878 13.063283 42.742789 10.361725 94.419199 55.200336 -129.051899
6.757142 13.213631 42.745218 16.708347 342.184971 51.821181 -62.742664
6.205618 13.228704 42.811895 6.784474 30.014638 36.672544 -13.295151
6.293168 12.992315 42.845419 9.237289 325.651366 28.665643 -50.609278
6.287100 12.938541 42.817814 6.428970 329.141277 52.375685 -125.161515
6.352865 13.228215 42.637085 3.194167 224.307959 35.045980 113.080937
6.505264 12.896275 43.015758 12.918514 287.015135 52.180553 -50.527123
6.510016 13.151475 42.905048 10.489410 172.196254 21.591799 50.309782
6.474605 13.256912 42.722415 6.490369 29.102831 69.188684 135.091653
6.209179 13.082941 42.845347 10.383030 322.486585 22.961697 -121.586109
6.628294 13.094110 43.018768 3.237475 169.349026 25.475391 -170.862806
6.490375 13.089254 42.805380 11.353488 345.116465 42.769542 -60.834524
6.273018 12.991284 42.913912 9.936681 197.079633 57.886840 -101.473520
6.536659 13.215539 42.808973 7.631371 158.481919 27.105245 134.525750
6.833035 13.172098 42.836694 6.853607 130.920736 75.207763 163.616266
6.838420 13.299108 43.010618 14.130106 16.744938 54.234588 129.431506
6.690350 13.706390 42.608005 10.544062 163.044703 44.475090 117.215434
6.286126 13.231109 42.910879 12.249329 159.235446 69.348964 -58.877237
6.658731 12.959198 42.861795 13.943492 138.146891 45.112196 -128.581642
6.085007 13.023583 42.821767 16.799748 169.579847 46.004601 -122.448301
6.445771 13.075869 42.820087 3.208380 140.849106 44.384234 -114.020233
6.728298 12.952689 42.894834 12.022192 295.064851 11.904123 -53.215503
6.773536 13.328218 42.685646 7.684610 138.104022 38.370786 93.125716
6.298624 13.092943 42.925609 5.053671 149.927412 46.850656 -74.407976
6.170752 12.935168 42.785629 11.313857 177.362619 40.722894 -72.571169
6.425069 12.926006 42.807761 8.242574 170.572281 54.765967 -134.513823
6.213267 13.144204 42.787640 9.099392 75.168186 89.181776 21.958428
6.424750 13.065524 42.696959 4.447607 334.870585 56.869319 -46.816606
6.596300 13.315045 42.902294 6.927691 39.633592 85.191968 -136.351125
6.527670 13.146419 42.850165 6.445966 129.743925 24.482279 -152.748949
6.424260 13.214847 42.706316 6.180533 85.027496 26.695688 -103.928510
6.796963 13.190671 42.914509 17.347353 152.545537 38.172158 101.490187
6.463167 13.261503 42.684909 5.991878 342.952008 49.947991 -108.969956
6.007765 13.142401 42.838039 3.221583 297.481866 51.057473 -98.028531
6.199926 13.075987 42.845833 6.370873 169.879280 68.921899 -95.472056
6.982473 12.794992 42.613743 14.495516 305.265218 56.315058 -88.953478
6.422555 13.120609 42.750419 14.080588 3.292725 52.404995 10.289360
6.396843 12.881558 42.863659 20.144222 136.935859 43.781559 -75.207874
7.064843 13.471506 43.408318 8.523188 149.962593 44.882845 75.983862
6.423883 13.116022 42.754694 6.417994 137.780881 33.045254 95.190777
6.359661 13.204119 42.840301 5.551107 170.090727 40.527216 -67.990846
6.468488 12.975164 42.943410 4.057899 38.095523 68.865247 31.485276
6.270826 13.125957 42.843723 10.229629 169.948702 51.382867 -71.705281
6.627198 12.694177 42.520224 16.154515 114.035093 72.470783 -14.486265
6.033572 13.066225 42.832824 8.779363 224.440021 23.184042 116.605353
6.230008 13.005762 42.851460 8.461882 323.906825 68.243203 -129.645953
6.774030 13.126505 42.881470 7.589785 144.300728 81.393057 -18.121405
6.507114 13.298016 42.791684 3.151864 162.845657 22.893502 46.835568
6.775614 13.150007 42.675546 9.033357 168.921837 59.241043 -62.043736
6.593629 13.198228 42.917565 12.521463 359.339588 55.829802 47.419095
6.224440 13.043888 42.685442 4.540379 132.829330 72.000264 -60.332487
6.482542 13.002834 43.021332 20.365405 156.111483 82.426808 15.202996
5.621089 13.156928 42.849964 13.323453 310.703261 30.926768 -91.011826
6.506947 13.236268 42.788856 22.665445 179.169524 35.577983 70.392250
6.795172 12.828468 42.767459 10.699491 50.300643 87.699485 -162.114549
6.686315 12.734225 43.046520 7.091345 349.291791 24.344674 -81.843508
6.204761 13.232592 42.837399 6.460273 203.724077 48.627010 112.843426
6.480923 13.215126 42.707446 10.902999 108.693463 89.946206 139.553437
6.045095 13.092185 42.852779 12.520417 340.532281 58.996965 167.093520
6.543566 13.132957 42.768186 11.716565 30.486212 12.360962 128.901843
6.692012 12.816967 42.614270 9.843530 246.231491 28.860645 -160.509385
6.578120 13.019934 42.788448 9.005918 156.175634 42.691449 -109.770226
6.500219 13.129992 42.756456 10.946296 248.529383 41.448286 106.063705
6.396415 12.929158 42.741248 6.376999 332.942074 31.995692 -125.547231
6.214849 13.036814 42.946752 9.054411 138.651197 44.567358 -129.440527
6.584173 13.137128 42.866592 12.782552 298.165059 54.476596 -99.743263
6.277016 13.227146 42.847621 13.818265 150.178504 37.472592 70.119462
6.593975 12.950706 42.988762 10.358379 222.669093 46.816638 -132.175663
6.300273 13.072804 42.839668 2.834222 178.779143 43.385338 -65.749980
6.700261 13.037445 42.978619 17.158869 179.717784 49.869983 -92.416818
6.321991 13.183673 42.904596 11.978326 147.782560 34.975589 91.746973
6.628927 12.819333 42.930361 3.475722 326.268378 39.424706 -64.419633
6.243796 13.043825 42.875466 10.377211 315.544602 20.432571 -82.756378
6.093031 13.153110 42.709752 13.061617 169.754402 47.343311 -100.926766
7.062039 13.331920 42.762091 15.888691 155.981734 28.517145 92.593751
6.596938 13.292822 43.243487 23.491396 308.997822 59.483681 117.704565
6.153268 13.188788 42.768694 9.354535 163.409349 35.584947 90.876583
6.023685 13.124975 42.814117 14.245233 147.465630 76.898154 -131.232813
6.380567 13.141633 42.485914 12.333462 114.596605 85.428154 157.595216
7.005375 13.223754 43.200002 10.579779 156.313174 24.018072 108.304706
6.373972 13.247422 42.961450 5.021410 154.150054 24.008894 58.606037
6.528225 13.341831 42.743897 9.629808 39.874233 60.838846 134.378064
6.458920 13.244755 42.647850 13.533505 127.424297 52.707486 -113.874100
6.881257 13.371001 42.923369 22.909192 86.612084 32.232927 92.459026
7.264108 12.657012 42.125493 10.825866 163.990187 81.228632 -141.993482
5.758091 13.001963 42.735801 11.995306 342.428917 29.989690 -63.425029
6.728106 13.136832 43.105152 7.547279 181.556514 45.164256 -162.069614
6.115050 13.234864 42.873639 16.032316 141.398717 33.922248 101.905800
6.530898 13.325072 42.858698 10.418748 146.855888 26.971712 52.727236
6.730237 12.777800 42.921177 16.581552 353.483012 44.812381 -63.519802
7.038689 13.493824 42.855830 16.486075 163.179450 38.669613 102.297800
6.992685 13.134298 43.508052 18.680996 177.966816 81.023285 71.338465
6.617427 13.143378 42.883915 8.773701 156.247781 59.076237 -75.610369
6.329079 13.183628 42.917065 6.592688 164.862647 22.816322 83.310230
6.286061 12.923623 42.761891 7.703727 21.836697 46.298793 10.785415
6.163028 13.298380 42.880731 10.882366 309.667646 15.927622 -55.281121
6.460571 12.985845 42.644488 13.508268 241.708036 51.500163 68.235645
5.928745 13.101620 42.865388 7.842985 54.730726 42.653137 108.358175
6.648962 13.048504 42.916871 14.351942 153.654880 21.614611 110.029026
6.382469 13.135619 42.781424 17.632551 145.867561 35.541584 129.385280
6.805275 13.438318 42.999242 4.148749 175.829522 20.613173 103.348106
6.925253 12.833009 42.586785 6.736239 318.555513 27.229987 -70.847594
6.354589 13.221936 42.874664 6.695276 251.631468 72.491723 23.656090
6.653840 13.086280 42.719908 19.202900 247.017085 63.945846 49.281801
5.989801 13.061210 42.833324 9.970761 177.731326 54.679872 -65.648280
6.783528 13.001735 42.525232 11.517764 324.833124 28.237167 -100.299614
6.762529 12.972100 42.798377 14.908268 127.834309 25.809919 124.362104
6.827936 12.865245 42.799998 11.143329 27.784628 68.685413 -86.920212
6.987871 13.008352 43.038467 11.340493 173.765307 25.832274 49.624551
6.738814 13.221686 42.985915 3.446533 148.284151 33.572896 -113.665099
6.140718 13.176078 42.878528 7.745756 163.151695 34.892726 108.470866
6.599466 13.170199 42.942590 17.806548 272.020198 69.793706 -14.849231
6.422575 12.839168 42.640248 4.237501 235.493040 13.238160 -169.531519
6.542177 13.204144 42.684187 3.949591 154.677865 54.850688 -131.660907
6.580546 13.014893 42.853937 7.014936 202.052363 48.221272 -156.006928
6.588360 13.470594 43.007696 6.320050 174.583563 49.756125 84.225021
6.312902 13.329929 42.872317 4.691391 169.872852 21.325404 118.939479
6.763109 13.231557 42.695626 10.632750 141.842798 39.343276 105.453266
6.183923 13.000817 42.808833 13.329111 147.781209 46.901423 47.485945
7.008983 13.178641 42.870896 4.617310 176.228539 36.802892 81.716995
6.054049 13.090947 42.804175 3.374610 359.019623 78.118861 -133.976899
6.915154 12.843338 42.891724 4.703986 179.617006 43.109465 -119.385817
6.528660 13.097158 42.942199 8.054807 159.103147 41.799314 -109.679355
6.732991 13.050056 43.114954 16.264982 179.336778 26.684747 99.117313
6.908438 13.088181 43.138659 22.926847 41.132214 81.287360 -13.300690
6.445683 13.153099 42.890195 2.598558 169.166937 30.422170 56.384147
5.845157 13.149978 42.917932 17.811427 178.350878 33.969100 117.166534
6.658581 12.690883 42.774205 19.363763 168.757379 46.580155 -73.833585
6.289439 13.039719 42.947236 9.831917 254.806766 54.518665 -2.980196
6.240036 13.124592 42.822073 11.146720 169.964838 23.552777 56.949588
6.568445 12.835659 42.751077 9.077821 356.176456 32.898915 -84.234896
6.794753 12.994713 42.610048 12.147914 333.050503 20.147874 -68.350629
6.998037 13.046278 42.972012 5.416849 197.675500 47.795563 121.627323
7.038708 12.617163 42.640141 8.333221 113.010125 56.729940 -57.624150
6.387151 13.148840 42.763295 3.913002 109.242629 77.359741 141.110861
5.995200 13.240909 42.808277 3.312376 159.990368 36.127021 49.678181
6.339627 13.228716 42.761429 12.105488 172.656037 42.174287 -51.593558
6.551034 13.079097 42.727665 6.134712 315.501470 30.706188 -98.139952
6.832913 13.198599 42.985297 5.297816 145.035476 59.511209 -147.491397
6.257799 12.962847 42.762877 9.246582 315.574038 76.705188 -120.837950
6.141009 13.310549 42.897887 13.631771 175.230801 29.178434 102.101481
6.343634 13.138219 42.968214 11.173242 338.609420 47.683490 -14.419555
6.424880 13.109902 42.863082 3.895170 320.515616 41.097708 -76.009866
6.479142 13.047568 42.847253 19.881965 142.594510 42.459465 -98.927495
6.273031 13.328512 42.854994 11.614257 288.237834 79.595204 -91.232675
6.805098 13.234820 43.076439 13.201697 155.624824 32.162957 69.120022
6.018861 13.183840 42.895766 9.778710 280.273396 40.647155 95.141336
6.733037 13.334425 42.725173 19.926886 155.696211 25.836403 100.634485
6.434423 13.274212 42.766924 4.479856 157.065790 30.771495 111.926121
6.605494 13.320266 42.888585 7.985788 282.453434 33.159434 -2.664239
6.769701 13.060588 42.656794 6.272469 241.141725 57.314426 102.914546
6.684058 12.993189 42.595285 6.245752 292.720781 39.563904 50.944154
6.663809 13.286067 42.794696 8.497815 96.200450 70.218851 101.265972
6.818991 13.295346 42.905372 10.126692 241.485028 54.524193 11.156309
6.366126 13.254328 42.839111 7.079579 159.728540 30.939023 61.617307
6.437691 13.043905 42.831713 10.337533 349.747664 34.847152 -129.501751
6.083131 13.240201 42.871982 8.274691 164.720387 52.634714 -80.527341
6.883215 12.600490 42.903315 13.434625 324.701121 35.271953 -84.374770
6.464300 13.287768 42.764135 5.454369 83.705888 53.985568 110.790561
6.197153 13.093142 42.762847 14.698998 5.937392 77.835172 56.399688
6.814969 12.890878 43.004237 7.721558 144.848309 38.169579 113.609685
6.446936 13.201863 42.975095 10.192962 75.838977 54.879808 -150.888399
5.911565 13.256379 42.872156 11.800250 259.448723 67.314085 -65.527947
6.208568 13.102305 42.883176 16.805755 159.700188 49.636929 -63.314518
6.460070 13.051995 43.027923 3.999421 59.581221 28.647691 66.712861
7.269374 12.956361 42.469317 16.240125 136.759062 59.644092 -44.771346
6.309630 13.142780 42.922189 7.140425 12.205613 81.702750 -0.360874
6.762624 12.883158 42.958701 10.990418 81.615606 42.878156 92.648708
6.370864 12.855420 42.819976 11.515127 168.786450 51.761147 -71.165779
6.849637 13.057076 42.737252 13.940246 321.328608 33.060576 -112.737739
6.485928 13.111835 42.963844 5.070148 122.710312 48.058785 -57.903484
6.750507 13.118570 42.842384 5.585108 3.907949 48.786671 -32.663375
6.656524 13.437679 42.924313 5.436504 139.820749 36.762948 64.948828
6.567555 13.209829 42.743070 19.082471 148.867765 56.320189 -50.447671
7.036541 12.846952 42.943858 11.708711 173.005239 25.039007 104.457976
6.754538 13.039190 42.886367 17.569852 144.721421 55.957784 -121.010277
6.393375 13.030837 42.888664 15.435839 138.524168 30.402515 110.419558
5.838068 13.236587 42.795316 10.140100 140.752408 20.589508 113.345919
6.323512 13.151231 42.838286 7.202555 148.556657 48.916205 -102.103189
6.123752 13.037460 42.848361 8.684483 257.466270 73.714199 45.777574
6.264157 13.092989 42.717821 14.780379 143.081012 52.481344 -84.774479
6.996227 13.017890 42.746530 16.933850 162.787280 88.081125 -116.848688
6.435466 13.069243 42.879276 5.030311 171.145984 45.453005 -48.245009
6.084212 13.094326 42.777873 11.164510 152.261688 40.630413 -63.808744
5.858976 13.116608 42.861205 12.191346 276.088535 50.294967 -89.705592
5.967824 13.111824 42.866251 20.946512 111.888485 30.837887 -68.065134
6.780246 13.195089 42.726182 7.690890 35.567996 27.404785 67.577553
7.280852 13.281245 43.435824 9.630728 155.620997 55.083962 71.396952
6.213963 13.250735 42.729922 4.912468 135.066464 35.808857 107.775920
7.017710 13.240370 42.494126 20.787632 131.080652 20.948572 -109.698781
6.682918 12.933471 42.757582 9.595323 133.889001 20.014986 -97.976507
6.815890 13.115059 42.639734 17.089591 281.542043 20.301671 -97.910225
7.017109 12.811556 43.112340 5.644329 116.723560 49.639679 -98.530166
6.308188 12.952314 42.605003 8.991646 331.316836 28.439159 -57.666942
6.400849 13.303613 42.688786 10.181423 111.739260 49.496520 112.795534
6.691796 13.608437 42.734684 12.980109 152.219304 20.549657 50.747496
6.697674 13.313297 42.513132 10.559005 92.376754 29.752930 173.154785
6.284711 13.055732 42.828781 13.411036 337.501170 39.665930 -75.024742
6.717898 13.396105 42.755185 8.530116 230.992979 69.608079 -167.724149
6.794377 12.648554 43.331910 6.567307 238.506940 54.349370 -80.099299
6.233230 13.030098 42.795773 14.582132 318.059783 56.549414 -39.438544
6.956668 13.063997 42.222499 6.068735 9.816815 59.021329 28.968099
6.239876 13.193630 42.726860 9.708928 138.931556 42.299030 -98.290745
7.227672 12.854709 42.293425 12.374136 121.643463 43.860216 -52.776103
6.214717 13.153387 42.892427 10.904975 165.306385 24.779834 72.644988
6.658889 12.956254 42.760493 12.042527 159.476272 59.894875 -93.462685
6.546377 12.771882 42.794193 13.678411 290.339089 41.609693 -132.619118
6.684721 13.049769 43.026690 10.666801 181.079576 16.696918 65.411394
6.622386 12.993423 42.957914 17.097277 22.794233 41.529798 116.279330
6.849893 13.253323 42.975477 10.930578 300.765852 22.596970 89.885039
6.562541 13.025596 42.646890 12.246531 355.828506 34.605838 -103.371553
6.842896 12.748590 43.005838 12.006054 349.458841 37.402843 -78.310793
7.044182 12.710167 43.145236 20.078997 176.252279 43.729484 -89.162280
5.903922 13.149139 42.961257 20.342433 218.484312 32.335785 -46.538478
6.717672 13.254660 42.778034 9.245222 202.978468 60.058219 -24.748695
6.514186 12.968367 42.939987 12.762021 102.969951 43.145674 66.626821
6.567109 12.688250 42.729533 9.450221 318.189558 39.378688 -118.502393
6.512405 13.089225 42.805192 12.977208 70.306732 38.123558 48.696690
6.972969 12.777745 42.843036 21.377149 308.660011 33.759028 -82.177199
6.026121 13.096669 42.912408 3.121286 136.162119 24.121594 110.960241
6.153971 13.222814 42.859044 10.847437 160.447571 24.421606 57.069459
6.633492 12.911913 42.856765 8.005246 176.561389 45.491671 -55.367557
6.357472 13.288245 42.775973 3.829708 22.823683 82.823968 -132.641716
6.565387 13.305852 43.026770 9.191376 162.947081 23.282636 73.488458
5.816997 13.095524 42.863336 8.356794 171.627764 45.316208 -105.124057
6.472535 12.996749 42.776242 19.057615 102.000231 24.233627 52.899489
6.854100 13.054805 42.867723 11.355126 181.364292 23.327462 -13.928185
7.170769 13.071043 42.503840 8.012057 9.814295 74.561736 -109.665679
6.263503 13.027665 42.896066 8.463740 153.211056 39.754754 86.395624
6.423755 13.104044 43.004131 5.090937 149.894350 56.704005 -70.937393
6.861820 13.200961 42.672041 12.432661 144.858763 37.684279 93.986685
6.847581 13.100675 42.989662 5.929096 242.276200 76.349286 178.805243
6.265846 13.188051 42.767860 8.866466 175.479669 38.123248 74.046001
6.342896 13.240517 42.705350 16.797397 100.599106 40.896414 -116.004820
5.790063 13.141917 42.852110 7.361622 149.819222 35.689884 124.013912
6.260900 13.158503 42.750075 13.889675 165.392343 31.567978 74.912280
6.551110 13.042148 42.760060 8.957143 175.146280 84.378399 -24.619357
6.476022 13.275357 42.949458 9.393246 25.384871 86.409919 14.569603
6.601332 13.000047 42.879919 4.668693 164.720400 55.723875 -78.745051
6.375034 13.277927 42.918838 19.811965 175.244486 33.177117 91.534846
6.450211 12.983851 42.937237 14.696971 143.336651 56.715007 -69.138601
6.127068 13.276193 42.881674 14.276209 179.874095 41.604126 -106.062951
6.645775 13.200192 42.757592 7.189300 170.359174 51.936424 -98.647685
6.434482 13.271833 42.952821 13.396595 355.738833 67.814935 60.485508
6.538672 12.865117 42.801859 9.274874 161.951125 89.073533 -7.251635
6.377908 13.058633 42.821917 2.896692 302.958974 40.508709 -118.303607
6.484959 12.894792 42.840621 4.453379 160.500523 51.620369 -130.258224
6.739405 12.997920 42.727292 16.969052 167.057647 52.556754 -125.958268
6.614381 13.223740 42.778125 7.102293 128.373747 67.123147 -54.698122
6.520629 13.028874 42.673313 12.079168 305.735808 74.414678 90.127774
6.875478 12.925446 42.785824 17.385559 33.332791 26.324456 91.108741
6.604657 12.830712 42.869287 4.146222 171.192308 56.091292 -123.091097
6.927094 13.747879 42.816919 11.468556 101.460136 74.979358 81.356458
6.639265 13.001354 42.966506 3.331952 152.274860 27.785927 -98.256358
6.830735 12.585239 42.785289 11.713502 311.911283 47.766336 -142.384100
6.291585 13.027924 42.906938 5.564219 162.095058 41.115779 -103.106628
6.548401 13.202933 42.984371 2.979164 164.985166 33.849048 102.124971
6.363392 13.183081 42.921661 11.496586 355.413609 76.614348 17.820183
6.776956 13.454750 42.714924 18.991417 154.738194 30.210881 65.710745
6.662920 13.041163 42.772181 14.848620 137.984828 23.280743 -76.741809
6.253241 13.074763 42.768253 18.499072 121.458784 52.639132 -46.244671
6.491633 12.868488 42.836180 15.308680 348.074022 31.452691 -79.120173
6.608956 12.961965 42.653118 11.026415 352.694951 27.893528 -109.483508
6.569762 13.178396 42.766176 11.200459 108.412231 36.970749 -59.658687
6.378972 13.202437 42.781247 18.282482 166.969117 51.114527 103.374673
6.455579 13.254457 42.700315 13.477901 96.490052 87.695560 43.340555
6.014836 13.150284 42.827530 14.177730 95.992036 84.665800 178.752942
6.416890 13.215642 42.877072 14.865981 150.338461 32.795430 66.111301
6.700515 13.027766 42.800284 15.327526 339.168624 36.182582 -53.732516
6.567279 13.135718 42.780909 12.382452 174.709608 28.878232 84.799099
6.064272 12.965534 42.758805 8.220209 354.054836 22.786006 -51.594555
6.517995 13.108320 42.702677 15.172481 166.627688 39.309213 131.504074
6.373055 13.186558 42.884920 6.770683 142.341225 26.528743 114.085342
6.080319 13.247919 42.805829 9.495732 321.392062 50.591858 -95.709161
6.426440 13.144238 42.870942 10.948040 230.507722 32.911275 50.285892
6.346587 13.018360 42.928590 13.315555 161.049181 24.063295 97.709461
6.466086 13.197162 43.010037 10.303951 97.553313 36.757949 -0.094464
6.584216 13.076450 42.997202 6.836850 170.874704 42.697527 -78.380512
6.958414 13.010078 42.768991 6.595064 158.057428 53.124505 -125.466459
6.491276 13.110162 42.919244 16.487116 165.006804 43.350555 -69.403691
6.364330 13.073763 42.721298 5.608049 59.009667 59.205074 50.952521
6.710168 13.166108 42.680420 7.505818 171.672547 43.534953 -51.341992
6.548971 12.496693 43.067606 21.739613 148.161914 74.634246 -111.103681
6.442581 13.445686 42.843640 9.516369 158.297305 31.928147 102.350687
6.349088 13.179379 43.026207 11.498966 107.733922 51.899060 74.591110
6.181300 13.022473 42.853874 6.514220 351.148306 45.651077 -58.478532
6.316895 13.178939 43.020787 6.356090 139.122937 27.928071 132.348889
6.296210 13.315970 42.813591 6.536572 122.190033 81.913662 -156.119681
6.314821 13.281404 42.937290 8.520162 12.183527 35.273793 -7.106047
6.477015 12.861481 42.880336 9.827207 82.563839 86.405961 39.968098
6.629222 12.915628 42.843726 14.987655 158.336629 51.796476 -114.703333
6.473579 13.092113 42.854498 7.560912 293.770974 11.664533 -91.652566
6.925792 13.175999 42.678988 4.483835 153.058288 39.416362 -55.143023
6.632465 13.049451 42.624936 8.410530 355.334329 26.541774 -131.264609
6.546734 13.414768 42.845221 9.841009 109.020610 48.085200 49.017809
5.820146 13.217825 42.848134 3.821560 135.228175 53.905940 -133.720465
6.541810 13.209161 42.793442 19.959457 175.763514 59.274623 -65.168185
6.318988 13.004171 42.714257 4.554157 261.744108 11.180385 111.909075
6.794800 13.136122 42.747363 9.209977 182.413833 52.256369 -54.966159
6.974867 13.318976 42.858458 10.870544 130.692055 82.352387 165.709462
6.409183 13.125418 42.695055 13.884658 144.331196 28.923186 86.722173
6.362845 13.183501 42.873553 6.494846 301.559922 39.927700 45.206161
6.447328 13.279716 42.743231 9.654260 149.162271 33.604272 109.491839
6.277473 13.176964 42.838463 9.362717 160.888417 40.949673 -80.431356
6.712418 13.190103 43.030603 8.569260 151.299246 37.352555 60.962836
6.684955 13.664117 42.975129 8.105220 43.507680 74.350297 -35.988500
6.799623 13.045268 43.182980 16.919720 160.880396 23.022460 72.358626
6.486308 13.152045 42.682383 10.375254 149.559680 32.003140 53.678149
6.524958 13.076195 42.721036 13.203530 170.008812 57.343753 -51.800023
6.192819 13.267793 42.904516 7.917531 157.999186 81.009412 4.565297
6.402628 13.208067 42.844219 15.965420 82.060920 53.855283 -132.092025
7.056886 13.259547 43.331373 12.249379 176.177186 51.754061 130.853765
6.511415 13.114790 42.900854 14.698485 270.237688 49.403346 -113.766794
6.262229 13.149181 42.951834 6.988355 166.301638 35.454564 70.294551
6.089850 13.156733 42.750374 8.700477 147.161134 32.750058 95.539773
6.325852 13.209426 42.810187 12.070576 140.914120 58.186245 -132.159903
6.548104 13.054774 42.801558 22.315387 156.583495 57.422242 -128.483571
7.173688 13.216114 42.806909 12.106238 100.331577 66.960531 -12.046740
6.068514 12.988595 42.956124 16.696235 301.312141 70.513759 -122.762208
6.273474 12.762188 42.814244 11.505157 182.842864 42.803171 -120.308492
6.489077 13.048439 42.762497 17.193401 164.507121 48.794945 -97.018007
6.332036 13.179804 42.843606 9.927873 150.997731 26.444839 99.526230
6.112289 13.179370 42.810177 10.140633 148.408543 35.467296 101.219439
6.620157 13.379453 42.677026 16.403772 144.782938 33.867311 46.163621
6.760882 12.973169 42.838880 3.918250 121.828205 39.472825 -35.236091
6.389514 13.091164 42.907850 17.084443 282.205423 55.122399 -80.568233
6.847913 13.169558 42.682558 11.124454 146.053644 33.854496 85.896344
6.639345 13.245775 42.660459 16.398034 103.402548 40.453640 -128.262235
6.728297 12.823601 42.734317 6.826803 133.547832 21.714837 129.466117
6.116791 13.075920 42.821350 3.958987 96.129628 44.486348 -64.154401
5.791247 13.068867 42.820406 10.658471 151.120150 41.142945 -45.593369
6.673573 13.069299 42.923675 14.661173 311.695206 23.224681 -79.233050
6.442120 13.187232 42.863197 13.103455 117.455242 89.200283 80.917369
6.889396 13.225813 43.179627 6.829851 172.593807 75.387192 -11.874002
7.095488 13.779146 42.633353 7.966835 95.149731 77.285982 152.384004
6.737320 13.003399 42.912056 8.027174 74.070585 39.148121 -139.109996
6.630124 13.186604 42.918809 13.268693 219.753293 47.444829 96.843850
5.823591 13.117103 42.912198 14.701585 94.508621 56.851564 112.442884
6.974774 13.135802 42.552655 13.185483 144.094677 53.009305 -116.569488
6.385542 13.324614 42.776584 4.140801 145.892811 35.614837 110.897322
6.595801 13.002489 42.957824 15.997331 258.627368 79.020473 69.116585
6.828533 12.818284 42.750832 6.922418 99.305814 82.359759 -7.526252
6.415855 12.955111 42.638402 14.954856 328.234178 68.235583 21.367332
6.669861 12.943574 43.037304 12.857535 139.296043 30.645524 73.705592
6.513496 12.732559 42.809255 7.515192 209.188957 55.041691 -32.944431
6.507079 13.096807 42.858192 12.251267 184.615722 31.648260 -97.854688
6.376975 13.052150 42.815317 16.965195 334.756968 42.737202 -109.354348
6.134255 13.191740 42.860487 11.430997 6.406874 83.808484 140.733979
6.576103 13.053155 43.006335 14.787123 178.717955 43.812391 -120.574596
6.264907 13.189441 42.652820 14.460576 113.085016 71.036085 178.331498
7.029523 13.417613 42.855064 11.401978 113.566340 74.709326 63.887960
5.804567 13.136400 42.855690 15.128449 159.632410 23.106397 113.123416
7.059983 13.097464 42.861166 12.292942 150.228675 13.730420 -133.730094
6.681405 13.141501 42.852602 6.724028 153.094705 72.710182 -170.682523
6.609039 12.749133 43.043811 7.258200 340.244807 39.695886 -84.369117
6.669510 13.084855 42.826629 12.676157 344.803803 35.214700 -69.483646
6.377256 13.031994 42.793678 13.059193 321.906717 31.360566 -130.442181
6.024119 13.054952 42.822857 9.899514 34.307773 57.330078 -102.177510
6.182204 13.017787 42.876780 8.663190 95.213154 56.167773 -67.501414
6.813756 13.212505 42.972080 5.865177 22.147379 85.742523 34.380361
6.879398 13.273809 42.884646 6.450850 167.668865 59.255931 -67.956970
6.323523 13.104908 42.754179 7.964009 83.387623 54.598403 -31.766916
6.502550 12.953672 42.753101 16.126803 160.723446 52.976441 -120.273353
6.334326 12.976582 42.862427 17.414327 339.049208 38.889631 -44.928925
6.632062 13.206322 42.611890 4.279050 160.245360 56.940097 -117.122982
6.488888 13.135596 42.914146 11.386506 250.223873 50.239314 108.091656
6.228400 13.158187 42.958697 6.630445 145.073360 35.399475 60.053020
6.116044 13.103207 42.710799 13.096399 151.306116 48.690029 -62.050975
6.720317 13.236316 42.697681 24.996932 269.494926 52.378869 79.663299
6.460230 13.223773 42.805643 10.745788 170.627842 29.711506 -107.970794
6.586970 13.032609 42.904065 8.996241 132.699296 72.503989 -134.922317
6.474954 13.024235 42.759829 6.023971 183.530597 53.756864 -46.035259
7.220733 13.584629 43.053323 16.746500 56.450440 26.561040 -65.053684
6.624208 12.818623 42.973035 13.132416 152.366696 43.427516 -93.341837
5.976647 13.124330 42.812733 12.968579 166.289906 56.426787 -101.754785
6.682582 13.211591 42.831427 7.196785 153.836445 54.636192 -87.072686
6.020298 13.043285 42.834379 6.435725 137.669342 50.996326 -89.696208
6.379256 13.010868 42.861483 9.034631 101.522597 59.779304 -49.961365
6.477644 13.610719 42.906138 17.429083 170.796541 51.299444 -132.192483
6.906913 12.973203 43.039451 8.896866 3.997668 57.538491 90.486494
6.846138 12.760754 42.715338 14.993455 354.067144 32.267491 -54.832576
6.609536 12.957051 42.793807 13.530919 179.486759 56.908310 -54.014564
6.402902 13.125521 42.852018 4.783543 98.862097 29.736663 -107.506279
6.356846 13.189144 42.911141 5.538498 152.906367 31.854323 118.106237
6.751806 13.117167 42.473353 10.735610 353.784564 61.112656 -106.543648
6.197525 13.121464 42.836659 11.637400 161.265455 36.395629 132.917187
6.742535 13.025574 42.628226 24.574702 349.286707 54.176775 -104.443500
5.805307 13.075832 42.766674 7.298605 342.795765 60.023145 -94.041918
6.789618 13.213082 42.669867 17.712391 164.721594 52.632933 -47.812526
6.715787 13.214977 42.828984 3.923789 303.239452 34.807234 -160.069694
6.807627 13.158927 42.725260 18.298041 292.122226 50.251077 -64.726510
6.035975 13.126595 42.916312 6.460856 137.519936 22.508922 -83.471746
6.724240 13.078467 42.840830 18.402018 177.031625 51.745818 -116.298528
6.649412 13.184335 42.857245 11.536923 290.866376 52.865420 139.461209
6.895028 13.386418 42.928015 7.126983 88.053388 88.524095 116.868516
6.594373 13.155846 42.981483 14.738912 153.108622 28.685572 86.983880
6.820241 13.074988 43.251058 24.717662 165.917653 34.399595 53.349560
5.937625 13.107243 42.958158 13.258526 132.087919 50.438356 -75.898099
6.456745 13.089176 42.994788 6.261222 140.739495 46.515277 -90.727658
6.310838 13.098979 42.801379 8.340255 106.373872 73.859256 -98.948241
6.478634 13.217901 42.781216 10.321230 163.661110 29.556130 109.634191
6.545846 13.516303 42.894666 4.672754 81.350627 31.179366 115.603738
6.156668 13.158483 42.880030 15.987531 291.795335 26.671212 172.473593
6.659114 12.923432 42.931965 9.532859 279.779547 76.769229 -89.976705
6.664884 13.193999 42.796654 8.601436 143.982102 36.233568 65.024850
6.538470 13.034267 42.658979 7.979713 353.984033 36.071706 -59.768496
6.513305 12.910133 42.933556 4.908576 329.160789 42.054390 -157.050405
6.838117 12.954565 42.603084 6.168622 351.807835 24.556744 -83.618399
6.363506 12.768580 42.792491 21.916268 350.004483 22.811460 -113.916935
6.365822 12.991058 42.649756 10.294193 329.425372 38.476943 -71.202213
6.493756 12.946236 42.760519 8.745648 174.575436 21.630455 -108.073943
5.865551 13.127297 43.017504 3.084226 146.357945 53.954381 131.532732
6.419077 13.124372 42.771710 3.291811 320.124480 48.464700 -109.847284
6.502399 12.942256 42.809700 8.531194 343.580115 20.181853 -81.271748
6.732666 13.193081 42.701618 17.416827 72.491875 16.723644 -62.134699
6.386463 13.355369 42.599922 10.334106 92.865621 55.900832 -132.868289
6.311992 13.119310 42.881173 6.124397 141.326008 25.678895 112.323816
6.761331 12.699943 42.883884 4.416711 13.274163 48.809726 -90.234162
6.383599 13.320623 42.766745 8.497082 352.080974 27.476779 37.546151
6.348369 13.043307 42.923917 10.161894 69.053745 60.538093 -175.017414
6.649704 13.321449 42.638297 16.025270 178.536119 50.903166 -78.236276
6.929650 12.965690 42.873513 5.672360 155.740518 57.972575 -86.919399
6.430961 12.941565 42.775878 15.207394 53.143278 73.873233 -145.754954
6.847600 13.015102 42.777168 18.052121 324.450534 48.865373 -116.171043
6.503843 13.135839 42.816401 13.640334 186.707180 79.819656 -133.873444
5.456360 13.190045 42.858947 16.340365 233.294817 57.307169 134.094131
6.955237 13.101850 42.729070 8.731032 310.335913 26.182126 -176.912926
6.596480 12.791648 42.782332 17.052227 303.977474 37.395025 -52.943435
6.692364 13.342625 43.006302 14.059837 346.412556 71.020923 151.048542
6.819318 13.121392 43.273327 10.945784 159.115564 57.127099 81.288846
6.633996 13.218875 43.162126 7.010837 150.667832 51.109143 125.428423
6.836793 12.599170 42.993821 5.605790 338.370353 32.179403 -97.394969
6.508329 13.188111 42.824900 11.571169 331.653471 41.261529 -118.504933
7.171496 12.786044 42.236026 21.320543 106.964362 57.896407 -48.652078
6.478145 12.968560 42.971198 9.417941 135.368554 59.418932 -102.690300
5.921690 13.081527 42.852801 13.861915 33.424879 44.055217 88.023428
6.086362 13.106310 42.800340 9.658383 319.490332 38.914665 -45.047494
6.928273 13.256778 42.714430 11.132519 323.468731 51.435258 -127.748057
6.658710 13.360551 42.926871 12.569104 165.805469 37.737794 70.897261
6.455325 13.043324 42.988588 6.053015 165.998804 56.275345 -113.362016
6.432105 13.082031 42.856759 3.481582 142.578042 52.983648 -46.598048
7.073534 13.007486 42.925786 19.052753 150.145040 44.839043 49.763370
6.440483 13.035837 42.709405 16.399686 331.936194 36.987844 -56.716956
6.723891 13.308801 42.975906 7.248809 96.712192 42.545992 -99.381631
6.578499 13.030578 42.742060 12.025324 281.744942 63.765666 -96.059327
6.112783 13.195467 42.923501 9.719716 118.465783 53.953514 90.824425
6.577383 13.347070 42.864666 13.553900 179.815777 31.811204 127.175734
6.886690 12.819285 42.740107 14.476111 292.237954 74.441686 -36.711851
6.295153 13.201540 42.759828 2.626646 149.092070 37.789891 -62.301516
6.578142 13.063762 42.882715 7.259926 162.890065 46.528627 -74.355733
6.094674 13.094855 42.911299 6.271832 161.499940 21.291603 52.676235
6.846654 12.961247 43.058967 10.898953 228.186298 49.653442 60.898075
6.348605 13.075818 42.769646 9.998281 83.222893 84.176781 35.844481
6.697387 12.949959 42.741620 18.587987 179.510947 48.702931 -82.348129
6.720713 12.928996 43.079502 9.333363 181.975246 26.376487 82.519877
6.243099 13.258841 42.723777 7.820718 287.971676 57.484037 -98.271802
6.551855 13.249855 42.879054 15.287011 138.156690 43.468952 -121.967920
6.397876 13.199770 42.827464 13.399524 137.910673 29.417947 100.205322
6.609744 12.837951 43.043909 16.974293 327.895493 40.114088 -88.505444
6.375811 13.184695 42.882157 6.695955 359.127786 57.768928 -93.814965
6.378992 13.083637 42.957470 14.783807 77.234155 87.324441 -153.933388
6.339734 13.190485 42.785201 21.561148 95.521143 80.384170 6.527661
6.302336 12.894792 43.015882 2.125947 170.804320 24.876130 -60.564580
6.920118 13.453447 43.098728 6.632769 17.839069 41.992370 79.977118
6.888362 13.248215 42.849589 9.857241 327.717991 47.868642 -61.308834
5.812527 13.149687 42.899036 12.314475 255.368780 54.790203 59.974996
6.217737 13.051976 42.846440 18.397373 349.251851 59.081410 -46.106552
5.950263 13.278970 42.766660 7.700277 220.380596 49.296151 71.457676
6.314733 13.082937 42.794278 11.465685 157.835532 51.813501 -70.560034
6.311511 13.278458 42.737311 10.956383 147.560403 76.777533 -61.707655
6.636907 13.028711 42.836955 4.447709 337.699596 39.093781 -132.133351
6.955100 13.086559 42.621284 5.833067 124.242768 58.389599 -71.420855
6.386505 13.192531 42.691025 3.184600 177.494189 47.799253 -97.136610
6.218409 13.208696 42.757798 7.613925 162.342191 20.630567 66.881220
6.978920 12.839661 43.259853 7.433419 149.915050 46.016813 -51.383890
6.265652 13.170544 42.901320 3.630234 162.334304 38.724448 128.153166
6.594706 13.011906 43.115504 3.102993 179.376272 34.134004 58.927300
6.422335 13.241662 42.779986 11.954833 16.326631 57.910493 110.881894
5.988765 13.058518 42.734484 6.154495 324.398951 38.909091 -71.328625
6.063616 12.942816 42.848077 7.614569 12.759549 73.744543 73.612411
6.488814 13.188426 42.781388 3.108921 291.373786 38.931784 -174.542626
6.202553 13.063341 42.873214 7.528466 273.270520 14.200040 -80.031002
6.179741 13.029466 42.796388 5.596014 260.515740 58.853225 158.649025
6.082454 13.252956 42.756524 4.220895 135.260486 59.684364 -133.818530
6.538294 13.126964 42.771463 15.776358 140.116701 32.352728 -100.486349
6.078996 13.051173 42.868974 15.272181 357.152273 37.807404 -66.977476
6.697192 12.548013 42.834896 7.330013 0.922746 88.864674 169.405432
6.676615 12.976221 42.702912 21.957604 91.113469 54.012725 -58.235415
6.330287 13.176323 42.936366 4.215912 17.686893 78.853338 -69.304443
6.841872 13.178593 42.464545 11.678778 313.450919 46.064851 -82.130114
7.077641 13.170178 42.410049 12.712377 252.178950 36.653204 1.745035
6.911040 12.864078 42.815678 5.085020 148.163738 49.224458 -102.177176
6.818745 12.762187 42.851395 15.485998 8.584891 21.308614 -113.748185
6.997686 13.286845 42.914697 5.724986 128.685140 52.443302 -114.125159
6.394910 13.108725 42.738469 15.664389 247.615033 34.142730 150.241563
6.408784 13.203306 42.885481 2.820956 340.882101 37.002336 73.771201
6.387575 12.989331 42.831667 4.334228 142.036249 49.608805 -101.394654
6.431738 13.283821 42.590347 3.649114 176.888812 54.299648 -105.600292
6.084365 13.199258 42.948330 3.735217 244.962779 48.008608 50.893653
6.491389 13.028708 42.679879 9.772735 316.922876 24.753487 -89.731380
6.319056 13.054010 42.710765 9.124828 358.773248 36.352177 -46.868315
6.670276 12.914808 42.590043 15.664179 326.610894 31.166195 -63.558168
5.995217 13.202314 42.813856 13.131792 112.671646 79.690644 -121.739459
6.423642 13.144277 42.834271 13.249506 171.512877 21.492843 59.126263
7.312874 13.360584 42.943974 15.586268 276.574389 48.094558 -34.993471
6.471396 13.236735 42.570454 14.014676 172.770390 56.599033 -125.802816
6.709378 12.888836 42.812207 8.077002 204.312989 49.524014 7.556686
6.523178 12.820886 42.675139 11.999531 44.678140 42.365796 -55.370699
6.593508 13.231669 42.885900 6.009271 158.320029 38.831502 40.641910
6.129927 13.053517 42.853487 9.796196 156.453894 41.827100 -54.413666
6.462924 13.059448 42.775198 7.995787 154.473199 53.976268 -84.909267
6.916199 13.041798 42.599514 17.237277 326.640392 21.881625 -117.425198
6.251586 13.054475 42.772119 7.011863 128.050840 57.762727 83.334279
6.517841 13.124976 42.809215 10.616989 149.168378 51.369489 -58.539028
6.663862 13.014120 43.021961 6.356505 162.316922 56.710472 -62.262137
6.409905 12.889392 42.779700 8.270833 151.693132 63.019059 170.414595
6.491336 13.227119 42.931159 5.350473 178.918933 21.493464 71.494818
6.430092 12.782535 42.874045 8.467858 316.057845 35.936831 41.500711
6.369603 13.071172 42.937862 6.452632 244.852889 57.733624 -128.727533
6.110926 13.000347 42.723784 11.489853 158.819426 41.852031 -112.238372
6.585935 13.158188 42.899628 5.898498 161.321449 30.950759 80.388782
6.673474 13.110502 42.850246 14.437978 154.125185 20.924838 52.629045
6.468846 13.196098 43.061271 10.545579 269.552084 47.095701 -95.711782
6.154515 13.169404 42.738195 8.595960 284.079447 64.755590 -134.192364
7.198918 12.680819 42.616679 13.386384 291.626967 22.040335 169.266514
6.983609 13.123604 42.539995 26.117977 307.106835 26.291063 -116.931776
6.611248 12.860049 42.615015 11.720467 108.857083 81.281209 139.424410
6.500170 13.224029 42.837358 12.028553 150.202780 31.258510 131.877401
6.618225 13.144872 42.649338 11.423293 161.379433 42.825255 -47.978298
6.702899 13.085717 42.895140 8.262383 138.464850 55.641588 -81.254752
6.290924 13.171102 42.907006 7.575335 168.136002 21.056372 65.933459
6.655633 12.923050 42.679053 12.560771 48.966021 84.806325 13.379786
6.956591 13.345961 42.779648 6.958882 230.889248 46.635457 131.152660
6.573074 12.955058 42.830292 11.325127 336.842929 30.866373 -65.182806
6.554652 12.994479 42.716326 14.526980 135.550057 57.038835 -52.423842
6.810917 13.042228 43.195651 8.879486 156.635545 26.894194 62.951729
6.329701 12.898133 42.723088 3.193538 91.334931 52.570091 -93.197739
6.966839 12.808219 42.774718 13.302078 256.825055 72.116061 66.862568
6.652717 13.236819 43.168413 4.964444 258.414202 42.036969 -60.881274
6.369594 13.028408 42.916955 5.070067 0.703337 56.771725 -73.566748
6.266062 13.196967 42.814322 10.986499 16.546916 33.238599 -95.745737
5.851842 13.091364 42.855870 8.802606 158.359220 37.779372 -94.008166
6.905041 12.730879 43.052797 7.532764 164.812568 57.472979 -67.552881
6.401091 12.907755 42.901658 12.141124 30.748594 82.721514 -148.296642
6.564657 12.954681 42.762558 3.490341 147.935151 43.462126 -53.220241
6.904775 12.896642 42.760251 13.636305 318.554933 79.935019 -51.535938
6.806481 13.222381 42.688333 5.416417 205.329904 67.434281 -112.752383
6.742874 13.469976 43.028291 11.408089 134.055120 41.465771 -20.025726
6.309506 13.313446 42.839146 9.785186 156.545193 39.364504 77.046789
6.623107 13.263801 42.857272 13.657816 155.160617 23.163164 102.621982
6.391352 13.179445 42.813359 11.400933 138.347092 65.086285 -44.157358
6.524345 13.258295 42.736693 14.412925 136.921762 30.689997 86.798213
6.594051 13.021796 42.963380 20.339837 349.318445 73.575848 -125.435333
6.697560 12.969666 42.738345 9.436573 327.458553 22.310663 -91.908145
6.050568 12.985459 42.883441 8.799189 354.979986 32.380477 -82.783073
6.721032 12.873763 42.574332 11.793068 163.113206 43.216976 -11.626899
6.532371 13.213453 42.905933 4.328305 243.981719 52.882744 -131.355486
6.186475 13.027704 42.808198 8.028377 347.137881 34.816035 -51.763110
6.213442 13.090775 42.632123 6.223879 99.469661 47.469417 -59.939459
6.249570 13.127673 42.668757 13.738275 127.257617 54.896065 -99.019280
6.832925 12.689572 42.703547 4.976283 349.065179 22.404010 -77.287469
6.035652 13.087033 42.810859 14.688027 149.907060 56.593132 -107.086473
6.459385 12.962291 42.926267 7.857301 4.296655 87.426191 -4.965066
5.936256 13.051952 42.876073 9.119506 175.627016 44.624474 -67.432551
6.187043 13.141914 42.755762 17.740010 316.435835 38.772867 -36.331068
6.861624 13.193717 43.182095 5.582096 149.519696 46.088971 58.026121
6.851297 13.525287 42.723759 5.721114 123.503697 36.425687 50.187170
6.476789 12.956259 42.841698 10.931463 118.302658 32.277441 -97.477002
6.431263 13.061049 42.755806 15.114982 160.757409 55.460339 -86.520641
6.397145 13.109078 43.043427 8.324977 178.770964 34.739687 94.604837
5.934755 13.320109 42.838255 14.019329 176.935804 52.684119 -99.520368
6.971310 13.315001 42.413253 9.728412 97.077022 42.619259 -79.682601
6.263719 13.153583 42.960705 9.957969 38.719257 56.405385 89.933875
6.367082 13.267119 42.933211 13.358648 178.349245 30.475936 45.341231
6.051250 13.296526 42.824020 4.543882 139.744872 39.506764 82.211977
6.669833 13.066797 42.586537 8.796060 336.883403 20.962215 -105.694865
6.430089 13.047319 42.688734 22.428711 44.114603 42.015614 130.347947
6.367833 13.069533 42.724754 12.032487 100.725219 45.860057 -132.469471
6.268571 13.211995 42.724526 10.535152 171.505447 80.105829 -7.266026
6.160780 13.136655 42.904016 11.365323 177.705257 24.590458 -117.570499
6.333693 12.999777 42.946873 10.198027 152.046534 40.649600 -115.547167
6.922290 12.826172 42.474464 15.918401 325.114336 34.711257 -129.853484
6.623048 13.378637 42.809607 11.322877 141.730823 59.050917 -45.194352
6.203475 13.133567 42.802690 7.641119 350.028191 41.744741 -112.453896
6.213458 13.236797 42.988116 5.951015 143.730958 25.489373 84.622955
6.469867 13.022656 42.819197 9.188406 315.573574 24.130073 -102.094842
6.663289 13.152836 42.695296 9.536556 30.797146 13.024261 83.144098
6.353565 12.989401 42.755484 12.878290 147.532257 59.400022 -92.227287
6.498513 12.917112 42.680162 15.414712 145.279335 44.011587 -69.586413
6.665385 12.854718 42.778791 8.450615 32.105792 28.887901 65.119088
6.009022 13.025558 42.796650 7.444880 127.030761 44.150268 -61.521276
6.272180 12.944101 42.804511 15.227165 120.395586 31.518484 34.597285
6.715113 12.724062 42.975135 26.367635 358.953977 20.668553 -50.161287
6.627663 13.113078 42.892652 4.850983 156.685122 41.612269 -53.102707
6.236497 13.094169 42.749719 11.227284 2.341893 61.658043 -128.292903
6.908908 13.087421 42.610033 8.850457 111.369421 56.236467 -70.714296
7.013368 13.501965 42.809888 18.149938 270.444350 79.688167 -126.973551
6.416679 13.007616 42.792174 4.972754 151.895535 57.831614 -124.451570
6.096545 13.114866 42.860510 12.143943 141.028867 43.388763 -118.421186
6.788728 12.969338 42.572117 3.514466 316.391230 23.004191 -61.112673
6.111428 13.067141 42.787327 11.134801 166.111721 57.565200 -67.646665
6.454190 13.061650 42.722655 13.875040 29.842564 89.885679 -117.765153
6.243678 13.146071 42.761278 17.241064 339.914028 41.918872 -114.066567
6.411553 13.350236 42.879198 6.707291 75.049326 20.915797 76.599989
6.478147 13.065920 42.692430 4.091310 179.849429 32.253464 54.081495
6.454599 13.102108 43.036374 10.497872 92.829147 86.446654 163.640860
6.090447 13.082452 42.860060 9.628677 149.556702 45.441678 -121.471116
6.317752 12.886715 42.828216 5.209868 323.370953 24.560885 -99.945458
6.705874 13.023296 42.904562 21.416845 173.523931 48.353563 -101.134533
6.523771 12.907459 42.946568 5.547578 270.227387 47.097169 34.308205
6.593213 13.148676 42.765527 5.125853 176.375678 22.793629 121.965320
7.293632 12.917718 43.665585 8.166479 331.933746 55.206705 -106.627638
6.011522 13.234757 42.688836 16.407469 87.748179 83.105472 18.651793
6.818198 13.183780 42.934189 14.940279 222.437377 67.708856 21.782080
6.789368 12.794446 42.835256 11.655710 67.334011 83.745874 170.971729
6.345738 13.346835 42.947383 13.343999 183.606052 38.746320 81.908427
7.251663 12.690213 43.110606 16.511607 326.653338 30.852435 -81.411551
6.093818 13.377194 42.913663 5.811324 81.074510 84.863938 160.331251
6.317344 12.818132 42.703733 9.186352 165.393153 44.188008 -121.076507
6.625984 13.047691 42.931668 5.527029 138.557616 45.563242 -56.955146
6.523545 12.986773 42.973062 4.662103 171.074978 59.933919 -61.609944
6.493165 13.221740 42.893879 7.971924 83.767918 10.545074 45.119691
7.004799 13.539067 42.881492 12.464891 307.945719 79.518820 139.787599
6.615764 12.994677 42.929192 4.882590 58.004990 88.343049 -145.643325
6.875583 13.157140 42.892335 13.264901 142.534670 48.757306 -127.763480
6.489334 13.176000 42.717458 18.743642 157.565350 47.280756 -112.666586
6.998829 12.887885 43.165411 6.670173 160.102809 38.489154 71.416322
6.793351 13.343702 42.829304 9.699447 175.707625 26.342444 118.485703
6.099377 13.066310 42.801974 7.748718 286.376796 48.582584 107.538431
6.229615 13.074128 42.827314 7.072508 353.132497 53.747039 -79.605200
6.404132 13.133918 42.836749 8.671017 165.500835 89.847242 150.659459
6.165390 13.006602 42.849693 9.001394 242.017857 25.643865 119.542919
6.783150 12.776152 42.982920 14.394758 321.625294 28.236807 -119.915021
6.315375 13.211877 42.829309 8.420407 174.801008 54.522554 -50.614323
6.408684 13.223484 42.855614 14.844183 301.672766 64.051886 -107.248682
6.611433 13.027482 43.006004 16.611125 225.158561 70.427198 -53.955882
6.435618 13.204217 42.813984 19.377071 145.458501 28.893110 84.380603
6.399671 12.935143 42.885668 9.589906 239.327895 19.636360 -116.348121
7.152385 12.805976 42.264162 6.295238 115.797221 48.029084 -126.189233
6.121723 13.077830 42.963719 5.156274 161.882768 22.303469 119.483908
6.769760 13.579238 43.020444 11.775581 152.726346 54.823787 118.776768
6.348645 13.278762 42.837175 9.435108 87.320208 88.990005 -165.267655
6.100476 13.131525 42.826128 15.732247 171.692638 55.883810 -123.704189
6.699688 13.320744 43.046281 9.749545 173.200858 25.940034 96.344603
6.806056 13.211190 43.013634 11.956402 327.407397 30.547062 64.686923
6.230849 13.194875 42.792269 4.524763 315.100917 50.959822 -57.563353
5.995365 13.140777 42.874265 16.473588 164.965725 38.854639 63.607877
6.400355 13.214698 42.856418 21.867418 338.612953 59.103969 -110.553484
6.236213 13.304414 42.811304 10.287742 178.937165 80.000940 29.968708
7.049939 13.141198 42.828392 9.427701 157.540469 44.380800 -130.985786
6.646456 12.996698 42.818594 5.667721 332.421918 37.427924 -61.029961
6.663476 12.941015 42.883656 6.078512 60.466149 80.790161 16.999027
6.249721 13.155312 43.006848 16.155283 115.747617 80.616656 -20.592473
5.664034 13.154071 42.781274 17.723922 150.906104 25.880301 123.881883
6.265410 13.013662 42.774314 6.612119 35.527638 41.272763 32.075431
6.561099 13.344332 42.664776 11.998527 325.446456 39.549094 0.326885
6.187120 13.222162 42.981685 14.704044 136.670359 81.825631 52.086111
6.432473 13.161336 42.715078 6.467904 105.361150 33.042721 -73.193582
6.532423 13.122889 42.902126 10.637024 319.777697 67.643445 -54.090294
6.531650 12.938319 42.692554 18.726957 330.880808 30.618961 -65.998152
6.332292 13.141431 42.776442 3.967882 320.713542 24.548864 -112.110555
6.812410 12.772122 42.694826 10.966626 173.286991 27.283847 145.799840
6.833350 12.891062 42.568539 3.184497 132.687324 23.352941 -118.677235
6.690629 12.907012 42.802338 12.398258 40.836361 84.487890 41.233926
6.534459 13.451444 42.828352 5.237719 171.976191 29.679873 97.189290
6.373400 12.867100 42.760545 16.772662 95.832461 23.900397 -129.164428
7.066606 13.920610 42.945179 12.367910 164.225478 58.154936 65.781312
6.576914 13.448323 42.843864 5.306227 149.897142 25.849564 85.990912
6.274727 13.004937 42.829212 6.611002 322.125677 29.255828 -103.017141
6.392973 13.189258 43.006420 2.880360 145.884190 34.049179 76.561814
6.732646 12.860539 42.666735 10.022751 353.284811 37.735783 -61.132665
6.899925 13.300399 42.905657 10.415106 26.605413 81.424350 -7.093067
6.478509 13.040460 42.887809 3.856506 143.268940 15.792674 92.286526
6.807592 12.983952 42.742295 20.213257 280.245754 34.686941 -75.449147
6.175072 13.034709 42.798011 11.625343 316.210665 28.665505 -131.004506
6.399279 13.136870 42.892656 14.101009 134.784035 48.024862 -104.639071
6.543349 13.053067 42.865591 12.015604 356.170051 23.392796 -74.710017
6.896314 12.946703 43.138031 3.887087 159.703188 24.123205 74.896210
6.251232 13.069413 42.781416 9.606903 158.619010 55.187551 -106.422817
6.855443 12.908646 42.804827 5.523480 302.668771 53.768012 91.741173
6.504940 13.083721 42.940127 19.153318 151.265413 44.656415 -91.058951
6.426507 13.320403 42.592318 6.068254 140.808749 41.009699 -104.577433
6.213445 13.166558 42.727996 18.486239 319.932966 45.184990 -32.630376
6.653931 13.278332 42.880411 3.878009 336.566602 45.832654 -81.383330
6.808418 13.079968 42.785492 15.348963 184.248271 22.910941 -53.396151
6.490239 13.188494 42.862524 4.483922 350.030528 46.014486 -125.273195
6.563132 13.255883 42.796435 14.581745 126.891474 46.797452 -124.793227
6.879947 12.862183 42.584037 16.215328 90.693412 41.783334 -178.523620
6.474506 13.409907 42.931556 13.295906 166.831831 23.866221 -110.084268
6.867102 13.279710 42.832886 10.178771 175.163134 48.262042 -113.963397
6.484417 13.227799 42.856870 11.257676 161.800555 42.934834 -80.319139
6.344235 13.249518 42.895934 4.087270 161.496333 80.796227 160.155793
6.976088 13.922015 43.075635 8.140302 341.081769 53.570907 80.052642
6.754233 13.121270 42.742547 9.836327 159.387334 52.988436 -70.230216
6.407893 13.080377 42.837397 8.031525 109.798357 39.620653 -45.693069
6.464262 13.092184 42.784393 7.368500 177.260977 47.885948 -64.398773
7.162793 13.216458 42.759043 12.096091 26.917613 55.982919 62.797571
6.166723 13.077860 42.853420 13.734854 327.441418 33.107105 -76.082599
6.093297 12.973847 42.840563 4.092293 250.244262 48.200703 130.167636
6.350394 12.886926 42.614306 10.516016 351.403918 20.504858 -114.250842
6.425685 13.292464 42.875900 6.975841 265.474853 27.924835 -63.994541
6.729708 12.941877 42.939984 6.602738 139.479682 54.734566 -123.121858
6.788092 13.403749 42.662669 7.894806 110.817229 67.366262 -149.201858
6.177470 13.169490 42.825021 17.239052 160.495811 33.559544 126.303414
6.648541 13.090811 42.921601 16.832707 166.668924 38.017938 48.395660
6.612000 13.593267 42.796318 5.933630 350.077818 50.104452 -124.484844
5.989313 13.102315 42.865848 10.706239 178.492470 42.910550 -130.974969
6.238094 13.215480 42.866170 8.640096 148.096204 39.109914 119.525213
6.705006 13.236902 42.791207 14.519427 122.824543 59.831004 -107.993840
6.291387 13.272746 42.817151 18.464496 213.467531 29.308845 -70.549075
6.408747 13.241553 42.828071 10.372068 169.933228 31.753628 125.583970
6.758336 13.093267 42.780087 9.499394 153.450741 48.571814 -95.025604
6.083120 13.141961 42.810239 12.603703 343.412598 35.570117 -98.762564
6.589479 12.827290 42.897000 12.618656 135.972053 38.586722 93.229659
6.506087 13.210740 42.749773 5.514700 98.618107 55.168577 -102.090163
6.551585 12.981536 42.677822 10.059152 301.432196 67.517088 158.102623
7.008448 12.645748 42.790831 14.046174 331.726538 21.205966 -75.798992
6.394386 13.070666 42.910804 12.186214 141.786377 53.824957 -117.753967
6.329984 12.990538 42.883701 8.348926 358.097724 27.753718 -93.808242
6.267949 13.168931 42.812810 3.974255 339.557824 41.584782 -126.822922
6.904574 13.238013 42.598991 11.914347 33.636381 46.863117 80.162775
6.550677 13.179684 42.910979 14.705115 146.499509 39.695024 111.578064
7.810236 11.276756 42.797287 18.088214 104.384213 29.783941 -134.390088
6.693327 13.099730 43.060220 7.143254 91.717625 76.677335 -68.134335
6.121303 13.100369 42.733691 9.240524 323.930223 42.913344 -3.827967
6.279044 13.081686 42.725778 7.608547 342.365805 49.834720 -64.959727
6.297406 13.209729 42.950159 14.846751 105.833340 45.590692 110.661111
6.386952 13.035863 42.901162 5.610868 354.550323 50.515821 67.523594
7.102941 13.200474 42.779194 19.087002 31.673154 22.077751 54.394314
6.226905 13.122970 42.696516 7.408408 144.832377 38.988345 50.300454
6.652491 13.017492 42.818275 14.083849 163.410775 59.676333 -129.422960
6.401509 13.099425 42.710780 9.332705 341.901077 20.795122 -56.424857
6.234760 12.959346 42.858831 12.786097 176.062433 72.655255 -109.222989
6.909464 13.397674 42.946210 5.844502 257.575858 40.355703 -117.907567
6.387223 13.425081 42.910680 10.320666 158.148427 32.645308 74.810158
6.388957 13.011338 42.959998 15.062806 144.729570 57.859398 -100.124397
6.154288 13.119516 42.702076 4.248685 159.596591 34.542193 62.896445
6.218199 13.024260 42.775772 10.418271 333.251979 38.583585 -52.120964
5.982758 13.026253 42.851026 11.195359 168.877600 41.935609 133.810206
6.181527 13.050941 42.845862 19.874257 167.789592 88.293078 -17.417794
6.378612 12.969752 42.890469 5.435292 149.189053 53.493429 -75.241124
6.454990 12.872861 42.857690 13.789469 336.256805 22.740260 -117.750726
6.111450 13.056076 42.769218 9.200689 1.186099 35.126429 -108.597183
6.873866 12.695874 42.776575 14.605574 338.748122 23.306574 -60.873332
6.562480 13.155665 42.817470 12.838649 38.175798 49.689234 -91.685715
6.613274 13.305131 43.206801 16.346510 157.352726 57.883780 83.562914
6.314112 13.021139 42.940915 3.309365 149.122819 58.338964 -51.682023
6.122633 12.997308 42.708312 11.806181 107.729234 57.308630 62.352906
6.122477 12.970375 42.755029 12.814066 107.537193 23.112532 36.695346
6.979080 12.523748 42.984167 14.411735 331.268774 45.950475 73.182302
6.619710 13.163570 42.827080 15.912762 140.787555 22.384753 148.658133
6.743779 12.944980 42.975928 4.755871 145.775796 57.576935 -88.160998
6.493565 13.056721 42.880207 17.795315 159.465278 57.581822 -119.316504
6.698939 13.135598 42.702214 8.038661 177.929621 49.628534 -81.882892
6.527229 13.076694 42.646493 11.919115 308.371687 39.737577 -46.664018
6.368277 13.087639 42.845246 9.264325 338.611297 21.080128 -96.589943
6.626625 13.391615 43.004092 7.858788 152.903056 29.165694 109.635078
6.011752 13.122211 42.806555 7.808074 256.805270 35.684352 163.579550
6.730010 13.247457 42.561358 18.338702 336.981968 41.183546 -59.340037
6.836370 13.697679 42.841414 24.284535 212.277882 52.108942 120.715565
6.632058 12.936990 43.144186 5.109921 142.955924 39.682579 98.057955
6.635703 13.125440 42.793669 4.464418 351.235274 58.535507 169.150924
6.275290 13.173442 42.737437 18.907740 157.478863 34.807664 133.879516
6.313291 12.933143 42.757405 5.923628 267.661736 12.369623 37.491856
5.746217 13.167951 42.789828 8.958097 155.420300 27.995065 101.404443
6.561164 13.069585 42.830689 17.084283 21.617434 88.440583 -69.186794
6.558600 12.991298 42.848735 11.342835 140.972426 45.259892 -65.010453
6.278261 13.096403 42.745723 3.059410 281.118607 51.550871 -64.273331
5.939450 13.065267 42.877704 10.057881 67.300153 49.932044 -118.101413
6.972533 13.043919 42.765439 13.978801 137.768160 57.395529 -116.329883
6.026927 13.129281 42.749593 6.531856 215.083646 25.277271 106.148162
6.206583 13.044488 42.892912 21.231166 49.601297 68.311470 -76.319744
6.314659 13.080384 43.057891 6.954029 109.892706 56.148714 -60.611565
6.695973 13.278456 42.875241 8.262236 266.378116 42.165054 39.593348
6.497825 13.209792 42.821840 14.135589 146.375071 33.397906 48.162475
6.572857 13.215093 43.004532 8.478855 164.513160 29.870405 133.451281
6.495569 13.173677 42.824651 3.859401 179.499308 36.908792 131.391907
6.599594 13.251641 42.828110 16.854129 159.614647 36.762531 118.373238
5.932229 13.175933 42.899033 9.533458 189.081689 71.212906 50.362809
6.967398 13.123310 42.495036 10.664125 102.202908 54.054270 -123.635521
6.610638 13.261941 42.695004 5.133105 158.141638 47.534664 -111.852527
6.897419 12.920618 42.926362 13.588478 339.854432 23.265832 -72.983740
6.243089 13.184374 42.895649 2.856056 29.625329 27.848025 151.674272
6.503846 13.228920 42.792977 6.169451 137.652612 23.033365 -118.585428
5.812618 13.014094 42.860863 4.068381 67.138989 13.464593 -61.489948
6.432669 13.096854 42.699292 13.978853 77.612288 85.510192 178.988031
6.536826 13.237124 42.836468 4.368860 163.416494 58.414202 -107.329994
6.110949 13.214817 42.861939 11.615605 148.055085 23.466165 116.636752
6.091023 12.957432 42.709110 11.836306 250.184181 30.637330 63.661670
6.132015 13.299824 42.914986 16.154259 173.835224 39.829767 123.346183
6.909455 13.250988 43.018464 11.224856 301.108601 52.325177 74.477567
6.943239 13.065418 43.057187 6.604954 177.419288 21.690992 64.241966
6.060841 13.256614 42.748977 5.861559 174.580620 54.009848 -129.718008
6.508575 12.916905 42.763553 24.166812 141.139476 45.765318 -55.537441
6.153466 13.039232 42.789580 14.576912 154.057719 59.455056 -53.066864
6.564045 13.018450 42.823823 18.167292 327.913681 32.511576 -97.369089
6.509121 13.275214 42.769753 9.036547 168.944649 38.708128 64.482264
6.632891 12.848140 42.734451 13.198547 349.726084 74.223274 -77.255386
6.098324 13.306299 42.867638 5.734141 146.072039 22.959973 117.107767
6.411298 12.831150 42.779867 3.660658 356.472732 22.635785 -73.807405
6.254422 13.238831 42.832169 12.884893 143.207465 31.019426 110.543877
6.877702 13.280050 43.083632 13.089911 279.307650 33.619976 130.955092
6.890662 13.024271 42.733458 12.097875 353.776379 23.718317 -84.021819
6.886448 13.269682 42.493483 20.650269 297.834034 21.954619 -50.951545
6.639619 12.954976 42.877284 15.107280 154.957316 46.256168 -66.478373
6.551815 13.341615 42.675787 8.488213 159.526260 20.075580 114.953888
6.862798 13.345968 43.099792 13.466703 141.660598 23.207522 86.288770
6.670699 13.132768 42.952379 4.460117 317.605273 57.768793 -57.731335
6.697895 13.036040 42.701641 14.592337 149.586098 12.695317 110.097116
6.011119 13.028386 42.854499 7.970712 176.233056 58.390067 -82.258752
7.002696 12.825276 42.885556 18.207324 348.132369 32.929127 -116.173524
6.199110 12.844240 42.760373 9.683670 279.794449 21.913506 46.010406
6.190947 13.100037 42.905224 8.598113 33.881063 53.800219 54.186873
6.569389 12.897237 42.763709 10.298896 115.116866 47.202337 -115.994543
6.729394 13.263118 42.987764 6.171230 110.516988 77.126186 -144.908899
6.395486 13.113686 43.024198 12.147061 170.023291 34.251528 97.859462
6.141442 13.072790 42.824066 10.202160 321.446088 26.127760 -107.811570
6.415396 12.963144 42.783195 12.411404 315.176794 51.439431 -128.095649
6.390854 13.380127 42.757766 16.330488 15.456688 47.516275 -128.532337
6.315694 12.990039 42.884028 4.993761 21.331392 26.810926 -65.153780
6.386645 12.884155 42.780007 6.188109 169.576468 74.883178 107.122037
6.528030 13.045088 42.730332 18.631303 327.367296 38.033574 -106.114086
6.453470 13.144432 42.792719 5.052007 113.682681 22.912688 90.017443
6.236881 13.145876 42.780415 11.813466 140.934611 29.419968 45.372126
7.036723 13.322188 42.676391 7.836841 151.205175 38.085536 82.803735
6.516402 13.005611 42.871305 14.153354 352.952375 25.318936 -54.095776
6.284481 13.199441 42.977736 6.944750 2.584526 30.029999 59.264585
6.657742 13.313272 42.760839 10.169968 300.656469 31.728630 -133.978652
6.772784 13.060918 43.132292 13.499211 142.106908 20.797168 98.849958
6.524673 13.172072 42.693339 6.677868 77.771841 27.123973 95.919696
6.734375 13.282146 43.116586 15.400810 142.353798 23.065683 78.270100
6.469069 13.103414 42.914877 3.640439 102.883042 49.961531 102.134297
6.427523 13.119666 43.000002 9.514226 135.058968 44.087650 -65.742414
6.711376 12.974663 42.759306 12.583800 118.128498 83.834879 139.552137
6.008446 13.128096 42.795628 14.152893 139.593798 25.361097 86.184548
6.138950 13.160835 43.048250 4.807545 284.297600 52.187533 -131.739865
6.798706 13.194966 42.645216 17.586374 108.744198 40.834000 -97.215724
6.440164 13.210915 42.964836 11.091536 156.048951 83.632944 -150.177785
6.386117 13.229223 42.830123 7.393069 309.034770 47.058487 -98.304265
6.575577 13.032677 42.636347 3.250640 345.768199 23.286506 -75.806989
6.459057 13.066535 42.944735 15.975385 160.932847 49.861064 -84.351973
6.491815 13.281192 42.889336 8.546802 155.299269 38.932418 45.114630
6.245354 12.895714 42.800190 15.532216 333.332309 31.994313 87.876772
6.068793 13.283320 42.856986 8.453113 160.578262 52.817243 -102.163554
6.513051 13.141390 42.883817 8.885317 20.318527 83.879616 7.840196
6.672745 12.850248 42.622387 19.853440 201.063346 57.251092 -97.842180
6.420682 13.300264 42.778514 13.326246 319.621605 64.356082 -93.361909
6.654279 12.904072 42.956942 13.066803 146.122419 34.426214 61.781552
6.213655 13.029505 42.743221 10.508341 328.768989 37.577826 -88.197944
6.656179 12.825794 42.868269 12.536311 115.534070 36.351520 -127.950451
6.267577 13.113203 42.894628 17.595250 264.490822 49.871851 -108.403270
5.973263 13.213731 42.666382 10.657288 147.529079 34.053691 88.435573
6.306165 13.112037 42.687679 14.966523 166.000308 35.717659 78.528094
6.148436 13.114061 42.884116 6.793236 315.457118 56.951741 -104.814841
6.537613 13.051580 42.662362 11.939605 167.744302 42.569775 -69.815673
5.947284 13.116933 42.845313 15.284346 246.488493 75.301380 -88.331544
6.207479 13.228040 42.879966 13.367041 254.778643 65.943859 -35.708271
6.634573 13.143776 42.460549 8.168625 343.789387 45.938302 -85.550102
6.414650 13.387179 42.806978 11.679268 169.569020 45.770433 -117.285127
6.358386 12.928789 42.983383 2.978351 169.401681 43.862495 -112.008822
6.404584 13.271866 42.691864 8.864950 177.578085 42.580395 -95.435014
6.126898 13.071448 42.833808 12.084080 340.236266 39.185096 -68.328456
6.879162 13.121686 42.828730 21.120686 179.169151 24.735790 133.586741
6.226916 12.944654 42.840504 6.571875 16.909422 44.867389 -27.081821
6.399954 13.253906 42.781843 7.639722 288.845889 38.941636 -95.654723
6.235602 13.139826 42.845154 8.385593 141.215062 43.140338 -93.933051
6.894195 12.721991 42.836076 19.357041 350.308448 52.123835 134.741269
6.944421 13.150479 42.988362 9.025644 136.986424 35.197451 96.151446
6.398086 12.813115 42.866055 12.415097 346.614049 77.737184 -128.906508
6.584612 12.864269 42.879376 12.553093 172.453660 46.534114 -91.117668
6.423924 13.064730 42.888831 6.472728 167.502335 49.322265 -106.326920
6.306658 13.227859 42.871288 3.567272 276.945843 31.698190 -111.812490
6.603745 13.329114 42.850556 11.072978 167.383521 40.579586 -48.481490
6.218739 13.162155 42.753362 14.286632 158.142548 29.086570 92.280966
6.624977 13.153092 42.959610 14.994668 187.092230 78.055943 7.212390
6.462645 13.312111 42.823918 14.894203 169.989311 51.518812 -46.601518
6.346550 13.097522 42.972892 8.162886 136.796198 59.706442 -76.404171
6.787466 12.854578 42.895268 10.033464 290.887644 19.156819 146.254403
5.895433 13.110319 42.872332 15.330628 123.099407 56.326748 -117.492794
6.441606 12.956430 42.674472 11.113674 276.040118 59.451382 -80.281577
6.263212 12.947578 42.925346 17.214539 174.597301 29.089216 -46.016895
5.835198 13.042303 42.811194 6.605761 329.578818 34.068930 -59.831596
6.494105 13.043645 43.004230 11.923559 48.900499 62.899950 160.515424
5.847109 13.056332 42.774659 10.065805 73.506304 83.654796 -178.789899
6.577067 13.183831 43.020471 16.987790 154.325502 29.338952 92.500062
6.638079 13.436942 42.889901 2.857809 136.629811 21.390940 99.744353
6.564405 12.892338 42.914849 9.985922 6.861102 65.381405 39.187149
6.300236 13.098713 42.752055 10.564993 329.731115 22.779810 -69.618105
6.535732 12.949386 43.109467 14.333621 142.485570 25.116509 115.598737
6.700395 13.047237 42.718779 4.706949 119.990170 46.174103 76.126694
6.522247 13.204431 42.738102 9.291383 158.787104 31.233228 102.074106
5.987828 13.182093 42.833903 10.152114 351.173909 79.577488 17.114350
6.909318 13.140371 42.863180 11.101869 346.592911 68.521726 -110.468597
6.650018 13.150206 42.947315 16.815380 144.361467 29.451814 128.963296
6.414425 13.398111 42.866361 18.444353 104.975174 48.999065 173.060669
6.101712 13.198870 42.846319 7.029261 165.897243 47.223021 -52.535182
6.140030 13.234850 42.764027 10.632276 87.731604 84.006527 31.447174
6.621704 13.239913 42.965969 15.460139 2.124082 54.897745 134.575839
6.916000 13.003232 42.336495 6.117121 148.215490 70.596430 -117.977539
5.899993 13.070756 42.787883 14.860205 160.833602 58.753032 -51.305297
5.815659 13.151907 42.942244 3.340868 164.403811 21.522446 91.639367
6.491252 13.054882 42.781260 9.416582 174.265763 61.232162 127.506961
6.699135 13.330466 43.048756 14.745198 141.429884 26.176992 74.270882
7.071643 12.757383 42.431240 12.076280 97.717203 51.592455 -94.515505
6.220334 13.188683 42.849785 11.409542 15.287953 47.140572 85.931229
6.449349 13.187210 42.959655 9.990678 143.948047 38.677047 119.034957
6.915453 13.385527 42.793894 3.924840 137.197932 32.646522 48.648217
6.388370 13.170918 42.722935 7.270125 31.601614 79.067721 -0.433727
6.174789 12.987728 42.728736 16.907732 186.285095 62.953041 -150.647401
5.922270 13.129162 42.833426 11.244185 5.180938 47.304342 75.777175
6.637816 13.321615 42.666078 14.380906 177.643036 28.650458 53.584949
6.947992 13.143248 42.954079 11.655398 341.425901 51.615048 -119.631726
6.164726 13.018176 42.937840 15.635584 172.573083 70.178503 111.590203
6.385631 13.051553 42.870181 17.038262 178.170212 55.162052 -71.205586
6.623946 13.084412 42.637418 22.184748 119.879259 30.654153 62.289174
6.241798 13.149917 42.901570 7.973964 142.759054 25.561005 71.741252
6.410558 12.856261 42.917962 10.243700 156.933909 53.034450 -63.110691
6.184658 13.309811 42.899449 16.106081 165.543712 31.533097 85.069424
6.062825 13.117367 42.771571 11.990924 108.819778 81.649625 170.744952
6.113143 13.057273 42.738565 5.698233 140.394345 20.192377 -78.037065
6.675526 13.154993 42.757501 10.609851 139.888260 38.109000 65.683742
5.847900 13.226182 42.796400 7.324786 166.127602 34.282174 97.066603
6.319655 13.329651 42.737567 12.378114 178.100372 23.615633 73.119177
6.477546 13.021394 42.809102 14.741063 336.528463 33.740391 -107.646253
6.680690 13.056696 42.694774 4.483891 140.077839 57.349138 -69.085161
6.200076 12.995571 42.775663 9.376919 134.116822 39.747483 -77.066823
6.523040 13.086616 42.733530 7.411372 100.962916 70.479714 -120.893806
7.116882 12.957756 43.394943 9.762869 80.523818 57.830334 107.409698
6.372515 13.195455 42.837675 8.219811 152.084398 40.634535 -53.949274
6.380856 13.320513 42.770254 10.040692 114.957489 22.728737 115.933604
6.427159 13.242045 42.730721 11.942729 135.657151 72.073417 -33.661520
6.471487 13.152170 42.770780 13.011185 0.603364 22.470231 97.946573
6.097270 13.113876 42.826583 11.869542 211.035978 17.718207 133.577484
6.626289 13.140793 42.614570 9.353836 127.496633 46.758497 -109.281995
6.845911 13.189857 42.630145 9.772781 218.638984 58.225035 106.653061
6.878907 13.290188 43.027221 7.857150 141.449287 30.229098 116.070971
7.325478 12.745558 42.950239 11.458214 288.249185 40.310368 43.790972
6.325124 13.133163 42.783058 19.572278 103.429389 32.655530 50.931498
5.703741 13.166497 42.815403 7.816284 242.468006 57.345104 126.494526
6.057962 13.117546 42.719877 9.984717 196.754224 42.917508 121.650930
6.968431 13.245679 42.827504 12.054261 157.533670 45.754001 -131.964257
6.172972 12.980640 42.811639 5.724929 348.953545 35.003002 -78.687249
6.778117 13.030216 42.956541 16.589934 110.219009 65.253483 -76.058792
6.534332 13.247393 42.685232 3.957095 351.432086 57.759969 -106.622592
6.090454 13.149677 42.717093 9.359070 130.573394 46.303164 -68.602899
6.786699 13.263846 42.561048 13.334465 136.867236 79.338359 44.744232
6.093605 13.249238 42.927048 17.202274 151.840410 27.522719 95.902879
6.686067 12.958794 42.849552 14.806882 79.106864 39.255047 122.817193
6.768574 12.603519 42.599898 9.880600 45.012700 88.543199 -21.966282
6.394528 13.241582 42.646665 12.371563 173.307136 44.974542 -100.068616
5.909141 12.984608 42.905384 6.065994 315.630475 43.142213 -63.887657
6.496700 13.099998 42.892868 14.191403 153.034930 54.709298 -78.797201
6.924900 12.967924 42.739502 8.141666 194.037129 68.882244 -56.138689
6.248344 13.306505 42.830742 9.773316 135.183441 22.355868 64.988218
6.284150 13.184316 42.810661 4.135897 135.862155 31.419872 55.610541
6.803421 12.846159 42.705035 10.299854 335.590707 27.218153 -105.415724
6.618859 13.024721 42.971543 6.730209 152.765240 54.865118 -48.010861
6.514452 12.948685 42.798691 8.313646 52.809042 21.488742 100.238275
6.776973 13.092757 42.643720 18.808862 111.214843 22.834335 -52.571810
6.616569 13.415165 42.597822 22.531620 309.203181 55.213502 143.004338
5.971029 13.172199 42.802617 12.861877 10.911082 23.998146 146.551267
6.420924 13.087479 42.753314 13.319666 320.050505 21.140574 -62.043264
6.127981 13.072143 42.696750 10.890063 303.044041 34.107252 154.562465
6.462019 13.479492 42.962463 14.461583 148.332336 41.561523 65.910503
6.217651 13.110862 42.859915 17.939191 143.628245 34.767084 51.602212
6.821806 13.181627 42.735251 15.821177 145.040267 31.430942 45.857422
6.248332 13.070677 42.694711 9.966100 84.347077 80.207553 176.021450
7.042377 12.778830 43.232245 4.272437 113.081280 18.011375 -83.407213
6.476212 13.060192 42.752385 8.920463 82.704587 43.454587 -103.475434
6.267876 13.183280 42.946430 12.349831 97.461390 88.791653 26.912880
6.122197 12.991766 42.885197 10.801041 142.456061 50.798994 -129.601153
6.603967 13.014191 42.754512 8.303740 349.702665 35.327922 -124.978185
6.514620 12.887248 42.783192 13.806015 276.686402 19.379529 -178.501271
6.362819 13.119698 42.785088 8.883004 147.807031 22.134167 81.137242
6.621255 12.874500 42.993688 3.505376 138.058930 40.419011 -52.153409
6.555065 13.174729 42.810226 12.999055 174.041493 23.354113 54.127473
6.702403 13.211950 42.974191 16.679384 162.631659 38.215869 58.014647
6.599185 13.140997 43.147130 16.359728 158.693078 30.732424 130.138305
6.555593 12.973447 42.775112 16.932801 177.133894 59.863534 -127.714072
6.141180 13.165874 42.957121 13.076568 157.316433 38.386069 90.612282
6.287600 13.174603 42.698476 9.941583 274.246455 50.909781 -68.323144
7.291960 13.190523 42.813283 6.110791 136.960937 20.723703 111.356497
6.298464 13.018741 42.956624 10.956468 290.033201 25.057527 -94.804950
6.209160 13.103204 42.843299 10.870164 331.986763 29.074193 -46.797928
6.776179 13.166847 43.175742 13.537022 324.011548 23.955115 108.970117
6.574905 12.944238 42.530134 14.450027 347.624477 26.009825 -99.512955
6.273250 12.989839 42.755891 8.517352 348.755973 57.276987 -89.387594
6.163230 13.214258 42.881154 11.627132 188.364182 53.217447 -111.251814
6.203997 12.835460 42.938102 10.394592 343.760444 21.190941 -111.224770
6.688470 13.300063 43.263811 7.891611 326.602555 50.996054 -112.215878
6.086173 13.100274 42.792239 3.063130 272.088595 41.665068 89.309914
6.584950 12.958356 43.140410 9.945320 300.970479 41.829486 109.348442
6.508355 13.034604 42.813347 8.075512 12.342095 29.102240 -118.664637
6.608802 12.994115 42.743139 9.681577 351.094576 69.384667 -124.808779
6.597775 13.105564 42.729853 8.788022 138.732919 43.857883 83.281006
6.410829 13.172820 42.738252 12.644326 179.579510 53.231191 -52.771892
7.091594 13.243413 42.671020 28.732310 135.731960 50.164149 -54.864015
6.184387 12.800194 42.862191 7.303545 321.337566 38.810440 -87.463663
6.677147 13.097879 43.043281 9.845318 166.437025 20.260565 63.426321
6.740158 13.026109 42.681989 7.493499 335.406289 39.896499 -105.183208
6.477659 12.916848 42.836212 11.926612 148.672915 60.226108 153.597448
6.687763 12.988838 43.002282 13.278898 165.163740 47.679664 -60.559362
6.486712 13.254876 42.784937 6.831081 268.085133 66.170681 125.157027
7.128864 13.126514 42.951282 10.924018 178.548406 47.690433 -55.441616
6.645073 13.192690 42.914466 9.271857 59.886396 43.753278 134.181496
6.643259 13.134694 42.943293 13.668900 274.269526 21.522997 -63.832247
6.434792 13.220233 42.694107 3.843478 147.729457 27.484293 100.220449
6.546710 12.961909 42.817900 14.474766 161.945865 56.202370 -50.313051
6.154770 13.251074 42.727330 13.925299 180.952124 37.929955 -2.921455
6.251748 13.351456 42.702789 15.036782 71.519344 82.657053 44.631648
6.816653 13.212743 42.928212 8.988256 148.677028 24.001627 74.566155
5.997958 13.229811 42.671314 5.692208 155.984335 41.418683 -82.184618
6.213785 13.270519 42.786651 5.390376 139.617575 31.146641 78.840337
6.025020 13.188420 42.902924 9.006342 173.847755 21.322803 79.741144
6.521868 13.033314 42.913152 5.680231 103.913883 21.236782 -92.855429
6.545959 13.158668 42.864457 6.804599 159.480354 52.700372 -91.761896
6.372145 13.084449 42.909135 15.608436 148.353057 20.795641 62.457870
6.846078 13.112848 42.961294 4.982162 159.602292 52.705732 -64.757295
6.687428 13.267711 42.897992 7.230293 142.306094 37.243984 111.588003
6.318338 13.043929 42.915951 14.111558 153.304993 45.087343 -109.151175
6.123356 13.065770 42.825469 11.547518 315.099947 51.800667 -65.652929
6.204806 13.368434 42.775327 5.069752 258.138611 50.536016 108.738335
6.884236 12.694277 42.995904 18.968799 359.816350 76.406732 -67.804115
6.570371 12.960394 42.963203 11.872926 334.449868 64.786209 -56.213845
6.066781 13.201141 42.817609 17.203456 178.702833 40.876084 -76.981289
6.310782 13.155636 42.833737 7.201985 153.519138 43.180946 -90.638596
6.605890 13.299556 43.057681 12.666644 175.457044 30.543091 83.559266
6.530490 12.951521 42.699837 8.467998 154.929840 52.091787 -89.875949
6.618999 13.292126 42.838144 15.054404 153.887997 26.251874 -154.337860
6.273918 12.968520 42.655758 8.430567 341.115780 53.047559 17.638049
6.866700 12.522670 42.850699 12.327764 170.159508 20.408554 -75.997728
6.525880 12.839406 42.956627 15.317630 284.606046 56.902309 -108.911637
6.682150 13.230280 42.774215 17.096895 146.907101 87.551793 38.419218
7.384170 13.803675 42.138937 9.159389 173.394983 51.923824 -124.951201
6.256716 13.006587 42.895902 6.609704 176.157783 51.771360 -98.414606
6.659751 13.276044 42.940402 15.468222 86.213437 52.332867 122.480090
6.394454 13.194226 42.708202 6.616767 174.569098 26.978797 62.023592
6.213253 13.017084 42.747652 10.996293 14.009710 78.617419 -33.511225
6.508969 13.298439 42.720895 15.952717 355.051230 45.348497 -103.895108
6.601163 12.899085 42.836294 9.461992 335.475179 28.610769 -45.748832
6.614502 13.234914 42.479028 15.180135 179.839016 50.676944 -59.157416
6.441091 13.180982 42.744501 18.561306 121.393540 44.522434 -176.323992
6.383563 13.061086 42.887316 19.283250 58.080259 20.361441 -46.174202
6.616989 12.832577 42.963699 6.780959 342.240064 29.026929 -95.981091
6.622245 13.288804 42.596915 16.300191 250.475483 47.487614 142.212917
7.170702 12.522918 42.788108 13.129128 337.384720 37.202847 -107.707600
6.094782 13.245212 42.804545 9.102022 331.246753 70.553140 179.726219
6.514934 13.207250 43.017661 16.042443 154.270122 21.349156 129.879285
6.467668 13.029009 43.047973 20.827977 252.716997 38.073515 54.413657
6.650579 13.190549 42.806736 12.600910 145.275672 56.305475 -102.292045
6.443003 13.159580 42.854189 10.032254 191.255416 44.884046 44.933509
6.643559 13.131578 42.849972 8.230130 163.833126 23.845652 126.985200
6.621810 12.777522 42.790210 12.563971 260.360877 24.764653 -168.028535
6.843794 12.814153 42.744994 12.254090 170.497020 44.361995 -93.799706
6.472302 13.010533 42.760910 6.299419 336.182266 26.417307 -45.972269
7.006405 13.339112 42.799712 12.139405 339.029584 26.514248 -74.799832
6.012559 13.119565 42.877722 4.763550 272.896850 49.211786 -72.381625
6.328998 13.301330 42.953537 22.801310 212.538134 20.905214 -5.800910
6.837132 12.951530 42.859855 7.855407 153.209542 22.679949 81.226083
5.887755 13.160770 42.767639 4.482264 156.900966 28.251668 47.370032
6.826872 13.144044 42.697139 18.299678 177.571727 53.230327 -86.451523
6.092776 13.047065 42.882084 6.898623 350.332675 68.295455 1.685914
6.643117 13.086815 42.953166 4.266858 175.418387 55.530122 -83.094241
6.207601 12.908115 42.749504 12.084392 167.918694 40.585131 -71.373698
6.474779 13.239836 42.957604 14.874225 188.841394 64.896455 -117.144125
6.458512 13.249448 42.978041 11.419114 150.240712 78.387564 38.260771
6.578546 13.510951 42.840298 13.755110 179.050208 23.737357 67.846053
6.502004 12.957044 42.750693 4.307132 318.309496 79.055692 -133.730477
6.212210 13.231856 43.029537 2.904540 139.740338 31.234051 126.328990
6.614561 12.905229 42.750587 9.780983 175.699757 57.777251 -100.424783
6.463839 13.004489 42.921271 8.001420 91.098588 40.432445 121.294160
6.167640 13.144099 42.823736 9.896470 318.300991 76.476712 -101.780842
6.740548 13.564913 42.948212 7.232810 162.110319 57.386124 -51.541542
6.072829 13.236555 42.702303 10.104118 96.387049 53.746455 -151.516246
6.078934 13.264598 42.911074 9.100994 139.143024 39.459957 97.609501
6.869607 13.254412 42.530212 6.201972 27.048090 89.075530 26.305805
6.202107 13.182241 42.903203 10.392792 87.414470 61.849259 113.283021
6.535741 13.307288 42.865680 19.288665 336.935912 64.522198 -66.449332
6.557862 13.326792 42.812292 7.020957 257.629202 73.761175 -66.410554
6.318225 12.966288 42.919072 7.456760 174.503531 34.275491 64.896342
6.331740 13.219707 42.698583 3.920651 137.848821 72.294187 -15.986185
6.495070 13.136204 42.926511 9.187295 282.717560 72.221786 18.675918
6.649507 13.083461 42.977990 16.036808 140.769529 62.179806 -22.055885
6.316687 13.116902 42.853288 5.383372 47.170985 82.594055 -74.459526
6.707726 13.288135 42.697544 13.946816 130.100969 56.021966 -78.543389
6.635237 12.825142 43.020118 12.732430 150.340870 45.426337 -131.874285
6.012649 13.001015 42.822868 5.931034 317.142239 55.223361 -56.229560
6.418071 12.995191 42.905788 4.006200 143.145835 43.027715 -95.477855
6.623885 12.959920 42.833744 18.408607 342.599402 47.216365 -46.817017
6.515578 13.254866 42.810568 11.690171 167.986291 36.231513 93.329120
6.685673 13.153441 42.678969 10.444011 247.097208 40.747909 96.854103
6.934649 12.618978 42.883585 6.303728 159.516558 16.053112 76.775928
6.801844 13.176414 42.805406 8.170084 94.898426 48.919882 -66.267486
6.263781 13.015797 42.909203 15.879129 274.119872 48.172347 -122.652465
6.504921 13.244021 42.835474 8.003622 173.875158 36.276491 126.083801
6.141112 13.172198 42.815212 7.599127 171.805202 80.781230 -36.489903
6.209435 13.166460 42.885952 11.072562 93.025612 44.343517 -88.198885
6.381211 13.283470 42.814093 8.317692 348.618092 53.696910 132.466536
6.413436 13.047493 42.994959 11.544041 164.956633 83.982236 4.025690
6.401370 13.025981 42.775416 10.768982 323.715354 20.079637 -86.873642
6.696752 13.060203 42.824014 14.518129 147.891741 56.616092 -96.779218
6.490058 13.268286 42.563918 16.367664 343.211880 50.459525 -75.920022
6.659258 13.573614 42.831375 3.338310 178.658533 33.097665 115.656898
6.592179 13.219072 42.831846 5.020684 160.978270 61.379016 -104.228030
6.571477 12.884653 42.887415 17.479267 99.190424 59.037748 -49.440944
6.730776 13.327538 42.840922 9.761311 337.649818 46.204868 -49.634393
6.832073 12.921938 43.033809 13.314320 178.025610 35.373753 133.248831
6.600870 13.132434 43.201559 21.157547 146.411777 38.847155 56.398223
6.484703 12.910037 42.975329 15.144418 164.741366 20.496474 124.014253
6.842723 13.231004 43.080999 11.114167 142.958831 35.333011 60.651919
6.374127 12.984169 42.697364 16.761507 171.189637 22.559663 -113.239015
6.777326 13.155127 43.120273 7.262384 141.868821 39.832970 78.478533
6.311102 13.137164 42.876770 5.355621 164.884985 31.118466 107.222369
6.505681 13.274566 42.684897 6.022026 205.938545 61.047496 84.471082
6.365099 13.093189 42.744605 7.590132 265.366781 41.175374 91.284115
6.423375 13.098327 42.986886 3.385778 344.185414 50.840668 -80.509369
6.428845 13.013960 42.854081 3.620178 358.870240 57.803734 -72.747285
6.039621 13.002866 42.713120 5.791496 143.999136 58.820915 -111.183728
6.786879 13.290037 42.812430 19.924779 156.737997 41.660171 -97.140088
6.315724 13.274832 42.850214 22.366186 209.795984 31.723614 102.000496
6.616805 13.341888 42.815968 11.825192 53.538284 20.695810 149.753360
7.093480 13.168361 42.681570 10.718781 175.037592 35.929265 65.798204
7.287999 13.009470 42.638183 4.837839 319.018392 27.449272 -125.681676
6.140241 13.202869 42.817315 15.656873 136.962906 34.784647 101.588532
6.884067 12.742540 42.828714 12.648731 224.304812 76.098402 46.604606
6.311569 13.090632 42.893864 17.138702 159.384081 33.608472 74.266836
6.366061 12.960327 42.832722 8.892720 178.441488 52.400123 -51.127442
6.402652 13.209642 42.865278 4.060813 86.400807 87.364905 164.436889
6.408640 13.144802 42.729574 13.245079 157.048218 32.215178 56.748672
6.387770 13.560569 42.831152 9.786757 168.977768 20.963089 49.694585
6.641104 13.148022 42.822914 11.981699 161.536697 38.880014 105.307448
6.580888 13.331081 42.920531 21.056509 169.481715 89.373493 161.910486
6.232949 12.953275 42.748324 14.769526 6.485936 53.770565 -154.530405
6.414768 13.258502 42.860955 19.177499 60.044760 81.790719 6.898034
6.917280 13.124623 43.144444 6.668740 135.036994 22.903639 130.818935
6.491754 12.859522 42.846158 10.322439 285.937493 51.370792 -49.462612
6.270620 13.136165 42.820538 9.583631 152.120561 45.961012 -105.989508
6.698912 13.211571 42.866301 9.401162 211.410270 57.325389 -34.524596
6.781898 12.919857 42.673001 4.984537 179.032233 58.987358 -49.068606
5.956698 13.118717 42.826942 7.599273 152.825126 52.024821 -109.334685
6.403176 12.997098 42.786358 6.144734 173.191879 46.008914 -48.477200
6.275920 12.933770 42.753002 9.182664 271.966264 31.647070 -68.961995
7.029993 13.244215 42.661510 8.877764 248.674856 71.631097 140.115044
6.706859 12.967782 42.924122 9.044647 137.701151 40.441397 -77.614575
6.808747 13.182131 42.620590 9.444641 148.736083 50.539056 -67.088594
6.835539 13.143458 42.535386 14.279827 271.460267 20.417117 -72.960455
6.338754 13.045118 42.922819 8.172067 106.871122 87.391548 9.661611
6.603941 12.794725 42.998513 12.873583 316.828777 25.970003 -65.006343
6.501670 13.175328 42.766147 3.717544 174.548185 45.020652 -98.457666
6.567901 13.089047 42.854235 12.596457 138.452618 38.409138 95.697899
6.734833 13.157808 42.772499 4.806555 158.101906 59.809667 -134.433359
6.797181 13.569846 42.762592 3.862091 149.812522 37.220474 115.948585
6.410809 13.377962 42.750761 6.310416 166.782974 38.113512 116.310603
6.288348 13.085426 42.902029 13.361110 151.506189 49.587980 -95.222110
7.103907 13.143584 42.911533 6.704943 250.082942 57.885504 -118.170739
6.761624 13.161363 42.933473 14.674397 125.251860 74.317382 121.114751
6.699147 13.042083 42.855951 9.581687 330.767304 26.718873 -121.657435
6.296491 13.072579 42.808780 5.967694 169.601474 57.220262 -50.092783
6.584941 12.744601 42.891507 5.333364 178.571232 40.582066 -101.569776
6.364224 12.939258 42.673043 17.958610 38.223054 44.584467 -112.712101
6.882878 12.875931 42.719155 10.140708 116.612531 60.736538 -58.272348
6.491839 13.113733 42.908485 7.109229 145.774292 23.518484 76.533615
6.583947 13.296734 42.831797 13.057869 149.919646 20.745453 79.303774
6.351472 12.927075 42.717684 23.976713 302.488261 22.122888 106.599304
6.259832 13.252836 42.773954 10.059210 108.794861 85.421426 161.712993
7.109677 13.516314 42.563617 18.984450 172.063844 30.514501 -68.389448
6.422205 13.135970 42.885900 10.436934 271.526725 56.596305 121.238856
6.777555 13.277797 42.751339 4.849647 115.592688 40.798330 127.671691
6.699400 13.072919 42.920401 17.197788 176.056376 55.109842 -101.673801
6.513970 13.270065 42.854034 14.128913 81.998824 72.686472 -74.444729
6.795842 13.276825 42.523011 14.655265 327.440039 38.369950 -98.714019
6.759602 13.257841 42.830665 10.022655 117.598822 72.340535 -131.347429
6.551290 13.247110 42.875899 19.588020 295.090120 25.921709 -121.240585
6.740628 12.778609 42.555657 5.431644 331.234172 21.972673 -45.622516
6.303191 13.185135 42.948596 8.317313 70.679869 85.651282 -54.493169
6.505756 13.234488 42.874882 9.941767 292.351835 73.128456 47.757613
6.230392 13.398113 42.722188 10.819126 142.374172 29.287801 124.762578
6.727963 13.234269 42.967324 3.483434 155.192847 21.247111 63.551415
6.204227 13.094773 42.824623 6.178319 157.544989 53.805799 -123.928013
6.451584 13.454445 42.970259 9.119143 136.840743 53.996746 81.007858
6.170640 12.990166 42.849492 14.902402 178.409211 59.666022 -147.044183
6.100010 12.996280 42.948113 3.427813 175.682610 57.233086 -108.077255
6.227250 13.056846 42.820336 3.527356 311.918874 62.082905 -67.762019
6.508997 13.168579 42.877570 16.133342 166.462895 22.531358 85.267079
6.490687 12.942350 42.805022 5.575673 245.938853 68.033837 79.970274
6.315342 13.273183 42.702329 10.384726 154.771713 48.920817 -89.727955
5.898846 12.935760 42.882872 15.129508 118.250845 59.298679 -104.773667
6.912803 13.084485 42.615935 11.715702 240.116577 28.998520 158.888080
6.274668 13.084476 42.810040 9.148236 39.762083 48.624212 -0.026624
6.866477 13.065405 42.774202 4.930623 338.327073 50.086271 -109.716599
6.427705 12.967913 42.838518 14.405171 46.964622 83.130101 -28.768267
6.673677 13.131522 42.950173 10.753135 172.564174 44.511610 -96.258592
6.518905 13.051775 42.943569 16.672618 146.626003 48.407620 -121.010436
6.540261 13.259525 42.892217 5.741453 165.903484 49.067276 129.207507
6.608548 13.236994 43.002461 7.529575 141.850235 35.513066 115.706871
6.764986 12.659365 43.079138 23.278293 358.074909 39.610143 -47.232511
6.306254 13.076320 42.904162 15.817317 177.842875 28.311163 45.588177
6.147321 13.017590 42.778143 6.877817 89.543467 83.952907 -172.042213
7.008480 13.171826 42.976515 6.658289 178.494322 39.402910 52.024283
6.858752 13.235270 42.943151 13.781899 170.400191 37.465782 51.656317
6.090142 13.139671 42.843567 5.960127 339.527929 34.154631 -120.247968
6.226921 13.289198 42.727521 6.976875 229.940618 37.879740 -84.925793
6.410004 13.002215 42.750170 14.311852 129.919089 45.502251 -93.343092
6.360333 13.032459 42.857640 14.336360 146.303037 52.997769 -78.704589
6.493778 13.377001 42.940608 11.415704 88.748434 64.798934 86.838225
5.977373 13.213886 42.901249 16.331575 37.794242 72.379772 133.851143
6.602291 13.361299 42.963608 16.533724 175.754769 26.550731 62.377480
5.998110 13.063934 42.936785 13.357576 162.732209 40.287805 -78.551898
6.302484 13.169768 42.916492 7.898764 32.129338 86.192751 135.551919
6.344536 12.971902 42.677397 9.692196 323.363970 35.926462 -119.923399
6.274311 13.072617 42.821104 11.691467 162.106928 55.853145 -59.287501
6.684203 12.922701 42.797203 17.898589 344.854787 38.523814 -84.410299
6.347805 12.991551 42.770991 9.817196 287.886263 50.639818 47.351947
6.723874 13.230735 43.135517 9.511260 102.159449 42.894300 61.246850
6.208245 13.188427 42.777783 6.332974 167.063388 37.496559 67.181000
7.304677 12.748853 42.262724 9.811678 54.148139 89.445613 -39.242989
6.497328 13.064431 42.836847 7.232345 230.095034 13.375579 63.793906
6.702198 12.723587 42.829500 16.030637 95.599176 57.201470 -176.624269
6.456022 13.278672 42.773826 9.477252 338.836662 32.494653 -68.717650
6.186555 13.007422 42.970819 6.840552 58.021123 43.260637 84.538133
5.790571 13.110856 42.821151 11.212223 171.862631 33.752582 77.266154
6.456273 12.989447 43.020696 5.303106 319.142547 32.912087 -81.088109
6.214237 13.151261 42.904923 15.480141 119.469701 50.081827 -130.175646
6.809788 12.870055 43.140228 6.149067 351.682494 38.127651 -111.153708
6.764048 12.948750 42.999263 5.469520 54.650521 75.953538 -172.932677
6.288094 12.867042 42.881030 13.879622 60.723697 59.011481 58.313636
6.336097 13.016182 42.646123 10.360324 150.996978 53.578029 101.750274
7.061930 12.758610 42.641355 6.886878 41.532923 65.063246 -156.576915
6.248045 13.170228 42.783171 6.737185 160.418226 37.063414 129.983502
6.809538 13.132048 42.742328 18.554354 132.991972 47.761163 90.769265
6.110460 13.115054 42.812534 14.823939 156.220764 53.906959 -50.372536
6.877862 13.083798 42.755042 14.340858 181.415987 43.404268 109.239779
6.490148 13.041078 42.877603 5.093628 160.932779 54.026652 -66.457536
6.447988 13.304827 42.582420 10.931458 112.999777 47.793095 -124.205821
6.588932 13.129023 42.782057 3.938522 172.755352 44.137635 -113.179352
6.667601 13.188836 42.874573 5.846084 57.176441 65.697589 50.786819
6.347367 12.907146 42.870740 8.467341 354.464858 46.378895 -90.324333
6.624354 13.200065 42.866179 19.942835 145.540787 27.482681 107.649596
6.432174 13.110989 42.867866 18.925166 102.768423 43.877244 131.939737
6.324395 13.104166 42.860617 13.483526 135.715622 57.226058 -47.861155
6.530089 13.194524 42.772044 13.074440 152.529649 56.196029 -127.822352
5.828898 13.122032 42.888576 10.554466 205.245334 27.611838 -39.300505
6.470926 13.294111 42.795774 17.585633 352.834748 55.214043 133.083464
6.491512 13.177524 42.750624 8.236008 219.540318 46.769926 -136.455210
6.529564 13.136682 42.700868 19.187099 123.093598 73.493723 -62.979316
6.455072 13.264618 42.713394 20.186196 172.869276 20.597714 116.426979
6.718222 13.231273 43.135102 4.638573 244.835216 57.369881 116.868816
6.424043 13.036988 42.740100 5.984685 156.492065 79.934130 40.350442
6.381843 12.902083 42.707611 13.010300 327.270986 54.838707 -93.161871
6.705323 13.044021 42.750757 10.668470 185.988218 49.554528 105.183790
6.582741 13.071827 42.834079 4.011196 135.343644 54.548406 -90.069806
6.500874 13.376114 42.781707 15.535822 16.776573 56.018705 91.821418
6.329949 12.881842 42.846656 4.255730 179.244384 36.159981 -70.815100
6.273049 13.351153 42.924494 14.142692 176.635691 39.935581 55.629451
6.541353 13.287745 42.836866 14.225285 125.623156 50.467629 -90.987632
6.252184 13.106137 42.828548 11.371173 357.533212 44.807950 -102.872193
6.170663 13.030954 42.669852 6.968019 330.205459 56.190376 -176.493393
5.855247 12.952810 42.771767 13.915822 318.755222 24.764869 -121.820518
5.884878 13.090259 42.851206 11.688048 59.617090 41.247526 84.171932
6.216314 13.024319 42.983175 13.008817 326.096746 45.780889 -72.095325
6.565284 12.941348 42.937062 13.679923 243.303953 51.644646 76.889022
6.870278 13.100206 42.859022 5.976871 129.317101 72.913997 16.278448
5.930482 13.219102 42.833097 13.043897 164.840756 37.542136 99.887505
6.873126 13.035525 42.845093 5.200293 158.139538 54.427832 -65.772298
6.483266 13.004320 42.811570 12.024269 327.355558 59.739121 -72.660090
6.229932 13.080256 42.978069 19.108520 135.973361 39.573009 67.146014
6.397080 13.089873 42.880300 9.162152 314.986195 23.721616 -99.511848
6.754048 13.154411 43.167811 7.283449 151.786467 38.628333 93.374848
6.590178 13.088867 43.052255 9.285563 146.194558 21.361060 120.677377
6.461722 13.198227 42.770853 12.839252 162.608566 37.235043 133.033692
6.489484 13.045570 42.807777 12.600584 340.111944 54.561478 -105.272374
7.150551 13.647737 42.368730 10.691869 275.317859 46.379541 98.990984
6.283767 13.024301 42.930591 10.707485 108.243508 62.531198 -137.922614
5.857142 12.932169 42.798859 9.670138 118.462230 81.215549 142.985638
6.608121 13.363939 42.856910 10.623768 91.938214 70.604083 -51.435396
6.430197 13.278085 42.858514 12.834892 111.448051 59.155796 -108.782565
6.208487 13.171586 42.904397 17.676944 97.245288 61.642346 132.018095
6.401133 13.221300 42.894096 4.373702 172.477111 34.262259 80.751405
6.109190 13.206932 42.659211 3.861458 121.642384 18.879937 -43.247256
6.721437 12.981407 42.657294 6.681862 70.216972 87.486367 27.155340
6.739719 13.117096 42.828347 5.750048 153.309152 36.360917 80.270972
6.567708 13.145712 42.738222 10.511347 167.462370 32.545876 98.149879
6.863965 13.034387 42.838602 14.165011 170.560756 44.099807 -57.462915
6.632367 13.121964 42.858004 16.328881 154.222775 28.661545 72.561131
6.517415 12.986480 42.853243 6.909912 151.177232 50.928350 -50.884350
6.218714 13.041759 42.765348 10.349160 112.397175 44.436111 -72.591507
6.548740 13.265155 42.713041 15.759178 97.525333 40.751499 -157.000323
6.800934 13.261696 42.700100 10.766368 146.384266 23.090823 121.094556
6.364896 13.224769 42.785060 12.335388 336.084957 59.557478 -83.731004
6.530809 13.196371 42.827725 16.267412 135.906665 49.112038 -70.050413
6.475895 13.020951 43.013756 6.888153 150.448923 48.485547 -109.220912
6.304475 13.093914 43.076858 11.832130 154.833632 29.202868 85.995678
6.461562 13.210294 42.940342 4.901191 53.316270 73.851778 33.354893
7.156662 13.352765 43.448231 6.940678 304.136781 55.135930 -7.446468
6.740262 13.400652 42.707346 15.763083 141.966052 26.932403 46.966600
6.451680 13.084146 42.837708 12.603713 34.709655 15.441632 58.807172
6.730149 13.105583 43.012585 9.402821 167.718678 52.408832 -112.770222
6.288230 13.155790 42.825617 13.668367 358.869455 36.016500 -111.640899
6.708347 13.179229 42.435640 5.196779 264.443198 79.257468 113.108698
6.072391 13.172194 42.944056 7.175466 172.575276 22.858738 123.854507
6.651133 13.146211 43.017187 4.592619 178.995861 35.984133 98.621500
6.285890 13.366384 42.975437 4.275011 164.164527 26.745656 114.621117
6.700570 13.407038 43.041531 10.347795 172.380153 21.934033 115.134581
6.660505 12.971400 42.628972 5.651224 335.817887 32.088067 -107.836141
5.962893 12.916500 42.876563 14.990348 268.222633 64.508257 14.499626
6.290613 13.196509 42.818248 18.162342 162.984477 53.703947 -70.751000
6.688627 13.048713 42.986410 14.402757 179.273028 49.617411 -114.044051
6.586076 13.195084 42.761290 5.411795 358.277911 13.317311 -127.158201
6.719509 12.974614 42.926149 17.096775 146.958408 16.788718 24.278131
5.848442 13.172962 42.810460 6.319329 175.750603 36.923108 108.501552
6.500009 13.151846 42.806350 13.794961 294.234613 38.045286 -172.933247
6.188971 13.205133 42.864580 5.798713 154.935130 52.722304 -78.639118
6.431563 13.226264 42.918020 10.359365 20.427499 30.499968 -120.403205
6.353159 13.115766 42.854295 17.743129 139.745818 21.320013 95.876031
6.817426 13.320423 43.063674 10.132167 178.091930 22.449644 121.599414
5.980436 12.955774 42.906779 15.320723 165.735416 56.508175 -124.907711
6.565601 13.033370 42.919425 8.618579 148.712331 58.112820 -45.926629
6.030892 13.080973 42.815670 9.810964 350.743678 37.106617 -49.875658
6.571344 13.231968 42.722801 15.684333 327.995602 30.981261 133.641064
6.552554 13.253198 42.914079 15.684157 269.345578 42.116525 66.511166
6.155353 13.117612 42.898892 12.678298 142.927731 50.758858 -55.670360
6.567546 13.135887 42.786765 15.213988 120.379489 54.040746 135.131517
5.961569 13.100667 42.784318 8.975580 137.153453 54.481747 -105.593372
6.654050 13.361687 42.973836 4.763082 148.079485 36.984842 50.299140
5.975962 13.072176 42.832569 15.952803 78.458611 20.266511 -113.162219
6.596176 13.278578 42.950923 5.039111 143.982168 24.173761 68.678697
6.223163 13.232458 42.821955 6.067143 149.239505 48.393865 -102.760923
6.602137 13.098004 42.964080 17.190856 140.558337 24.313835 -129.443305
6.509680 12.943876 42.792619 8.607770 179.211038 55.948986 113.407944
6.856238 12.928764 42.913851 7.492849 112.553204 29.198330 -133.752702
6.929477 12.834864 42.721275 16.426979 270.376334 34.631491 -50.446116
6.671390 13.212414 43.024061 20.702781 96.103913 56.684351 102.059949
6.595300 12.973949 42.630980 8.109832 124.665779 47.077500 -50.942584
6.012461 13.070910 42.816733 7.963221 107.744124 47.535008 100.122166
6.916637 13.523759 42.624175 16.427078 100.623985 60.594433 -162.774668
6.438883 13.171582 42.739705 13.482211 168.809066 54.234695 -111.491348
7.113116 13.069187 43.320443 11.409997 161.677015 25.943511 79.702768
6.507086 13.287757 42.751854 4.343607 150.564294 80.698183 -86.346496
6.514145 13.410622 42.848258 8.487557 147.540913 27.834640 130.265730
6.593580 13.072179 42.756381 5.358072 347.700320 25.857858 -165.680757
6.598809 12.993187 43.020363 10.195435 161.560236 49.636123 -119.897104
6.720731 12.839266 42.859794 25.612902 320.700235 33.995355 -79.251600
6.364311 13.168706 42.912981 19.245297 162.810844 36.294311 83.080578
6.445646 13.120105 42.721903 13.140162 188.273205 26.709882 129.880433
6.403125 13.182011 42.825348 14.678371 164.487805 83.316481 -150.556704
6.083076 12.884505 42.840843 4.841158 348.898183 30.481540 -48.413326
6.650901 12.934275 42.911016 22.169663 160.158255 54.670943 -79.175013
6.370672 12.915845 42.724691 6.251547 299.778228 43.683623 -130.324571
6.437817 13.252142 42.784588 13.401739 323.319219 64.570051 -90.949347
6.574982 12.945795 42.604406 22.430023 85.189424 28.337722 85.792135
6.658209 13.258182 42.883313 14.152158 160.682904 49.455310 -60.759113
6.810008 13.280648 42.797766 11.316775 173.906306 32.432792 84.356793
6.256155 13.033850 42.825345 16.525759 164.173500 58.315413 -99.970854
6.521023 13.131400 43.061754 12.429070 115.783754 85.340695 161.928840
6.686694 13.373408 42.978562 15.241094 265.125065 62.369938 36.584335
6.532270 13.077959 42.793578 7.320980 139.521213 41.394597 -47.196657
6.570691 13.086129 43.126578 11.354363 228.382277 54.944942 102.300814
6.300946 13.112784 42.915164 8.852594 324.007389 55.684525 -81.912701
6.764758 13.330135 42.864464 11.306585 318.585862 42.505992 -112.364300
6.470025 13.104277 42.713866 12.282533 260.689948 45.065991 67.933005
6.295761 12.827590 42.879452 6.171379 158.221632 47.027966 -122.567931
5.890437 13.040069 42.817072 12.865802 350.465335 62.462359 -74.051351
6.579206 13.172120 42.862134 20.375481 164.339260 84.324693 -155.533755
6.355995 13.213151 42.870069 7.392789 81.988938 10.628098 -37.584267
6.204945 13.156680 42.808891 11.725358 304.290110 51.410214 55.435876
6.530964 13.188396 42.834062 6.412622 165.538684 32.396394 106.642304
6.722399 13.212594 42.720288 13.841470 330.247745 42.031756 -73.704638
6.928215 13.207615 43.366936 11.555721 151.772297 30.339903 76.719475
6.670117 13.330760 42.971814 12.966266 142.616258 28.707789 74.463727
5.733581 12.953148 42.859091 9.711685 31.863574 85.092532 -154.346414
6.558166 12.797783 42.580304 12.662025 174.444010 55.551530 68.534489
6.730184 12.787506 42.627647 11.240695 186.772337 41.335020 -29.986355
6.455480 13.094767 43.018268 13.667234 321.983265 20.049161 -66.317656
6.530748 12.946665 42.869571 11.830077 328.509146 23.899308 -82.719491
6.443673 13.127253 42.792426 13.577099 153.208711 24.480455 45.943494
6.065769 13.127197 42.844118 17.051403 138.200352 38.749740 96.260835
6.220019 12.945565 43.009399 4.266005 176.815933 77.486413 -6.391735
6.890471 13.249269 42.708283 5.904342 82.985035 68.582617 126.246762
6.291828 13.192922 42.831449 13.602359 212.328023 59.808446 92.749584
6.343413 13.269848 42.946193 12.040926 330.219508 42.815921 -70.844410
7.103409 12.834999 42.663036 16.616867 304.411774 69.909776 -49.058075
6.334400 13.032106 42.970822 10.574571 160.022606 37.679144 -50.380101
6.798983 13.186663 43.048524 16.345289 147.793384 37.575098 62.902853
6.341005 13.163488 42.887471 7.612032 265.328111 55.659513 122.389222
6.301704 13.230603 42.943559 11.191469 177.497261 35.226367 134.054129
6.772346 13.369005 42.705924 18.351246 39.389332 82.422861 -31.044365
6.139381 12.941530 42.878081 11.062564 153.849817 59.383154 -98.399589
6.631557 13.208162 42.833267 7.437901 169.733085 43.746547 -115.792574
6.537824 12.965156 42.962798 17.944046 193.429862 60.238603 -27.109671
5.915133 13.202438 42.703127 13.518852 174.644853 45.180773 -110.126391
6.402771 13.130832 42.828059 12.814328 47.198241 89.311212 -21.351167
7.004363 13.207172 42.895554 3.839034 158.670584 22.665093 67.611666
6.581088 13.224399 42.849784 7.321441 315.193789 29.087346 -121.817365
6.191187 12.909038 42.861156 11.753930 142.615491 47.598551 -126.776453
6.759837 13.081893 42.964730 11.450448 177.650047 49.210184 -68.070733
6.407305 13.233608 42.666399 11.876890 155.238997 30.667386 109.250576
6.626129 13.252063 42.790513 4.648898 169.876000 45.043167 -92.853406
6.539624 13.519364 42.851792 17.719660 130.329446 52.303476 68.318339
6.513893 13.352436 42.766792 15.704878 141.519428 38.391103 99.696151
7.000288 13.043380 42.971577 14.895613 164.790823 14.270005 48.938387
6.259319 13.053228 42.848438 11.715754 177.040869 52.115555 -114.635736
6.653898 13.155100 42.805128 19.130423 153.405171 53.742648 -81.185217
6.755450 12.619146 42.540575 6.678796 114.981308 12.559991 -53.336483
6.778150 13.322147 43.029042 5.544441 142.808144 28.690629 78.852005
6.270618 13.024108 42.908514 4.572712 138.871571 27.485034 103.614119
6.428932 13.011659 42.950410 7.793118 317.855288 73.521600 142.541986
6.216905 13.169173 42.720216 5.796248 152.016638 24.895686 64.651628
6.901879 13.059827 42.866413 5.227621 145.193405 52.374546 -83.349318
6.240454 13.023220 42.831838 14.611796 345.096334 22.400231 176.922289
6.624134 12.953072 42.715541 12.622975 324.146514 52.614077 81.513986
6.374782 13.055061 42.762877 11.286751 29.021318 72.615799 -33.925745
6.495954 12.984633 42.715860 17.093860 144.263441 22.092311 -117.403912
6.174275 13.088236 42.918890 7.721562 154.959491 44.019499 -103.238186
6.591674 13.135188 42.973126 7.770401 137.144092 48.697131 -65.824365
5.812719 13.244963 42.827028 5.006687 159.368520 25.023594 123.913153
6.418502 12.931680 42.924390 6.152444 36.304343 53.403961 -93.764654
6.434988 13.197173 42.757980 2.703853 175.955667 33.120955 52.596941
6.486674 13.067276 42.841366 18.611044 337.682513 77.679059 -126.367853
6.464904 13.036820 42.754921 9.620365 97.720382 54.012936 -78.258764
6.350663 12.941133 43.063675 7.863172 175.755190 41.172125 -47.600033
6.570928 13.093820 42.831821 8.248350 144.201284 83.258032 -171.856559
6.310617 13.033010 42.736583 10.532170 141.455947 50.875978 -132.544684
6.799072 13.112211 42.970639 10.549980 275.440848 33.600310 22.713768
6.150810 13.150767 42.756472 11.027380 286.657748 77.333580 117.930218
6.464067 13.210919 42.800467 14.353431 196.776082 68.980162 138.941212
6.609938 13.388129 42.937673 11.336076 175.883289 28.708176 57.690208
6.518536 13.376488 42.828816 15.346028 161.796694 27.336970 102.792924
5.980955 12.929997 42.870911 14.285568 353.007963 64.844202 -103.959280
6.643184 13.210645 42.820430 8.047552 323.560687 48.426254 -106.314287
6.431028 13.010001 42.813462 14.585628 63.974897 56.285857 -102.362106
6.776543 12.759098 42.892567 16.824079 342.071799 41.707904 -104.193788
6.237876 13.035943 42.876875 4.476215 321.916043 24.325250 -133.962438
6.784009 12.863778 42.919988 5.684456 166.884729 83.539953 168.099501
5.952718 13.086273 42.822652 13.304710 336.772544 36.627070 -57.002472
6.197956 12.956040 42.928640 5.186818 355.881390 51.633758 80.868634
6.659157 13.115962 42.892522 17.848408 145.758884 57.044539 -132.657543
6.566666 12.842931 42.764342 3.509626 231.192567 29.831554 145.294687
6.661818 13.093084 42.820644 5.911229 317.809681 57.361044 -98.142091
6.648268 13.011613 42.871627 17.307995 341.665804 51.214115 -91.354891
6.403585 12.858692 43.076834 21.006500 240.300701 40.134032 127.201883
6.562881 13.178721 42.747785 8.879675 113.309184 53.251804 -49.282603
6.212583 13.362100 42.757869 7.704003 321.408271 45.712558 -49.113654
5.738205 13.100959 42.904352 16.215988 160.765651 44.157962 -95.975971
6.661510 13.209888 42.760876 3.380578 148.485077 36.027612 80.906606
6.889393 13.344284 42.707639 5.445232 153.147508 26.187257 85.614446
6.220273 13.175391 42.828403 9.394594 159.251435 41.909549 -122.412074
6.493913 12.958978 42.716393 14.336677 154.127027 52.581406 -133.792629
6.300586 12.962126 42.788481 12.619847 169.127042 59.053292 -50.397011
6.393942 13.044762 42.817136 7.847802 325.304036 30.487740 -74.342442
6.278409 13.120024 42.810898 10.470141 166.651573 31.993667 82.748258
6.973401 12.947009 42.833620 16.751378 340.724537 57.832279 -107.147337
6.413899 13.237942 42.795350 10.487411 326.822694 48.686613 -58.336236
6.889276 12.896934 42.839553 18.225940 316.212401 30.990627 -46.861807
6.841080 13.210112 42.909756 10.386911 169.407310 28.247897 77.317401
6.824170 13.099297 43.070970 5.677504 151.618974 27.416688 53.034265
7.139853 12.739761 42.883305 8.499224 156.024493 81.616110 7.818981
6.480544 13.112273 43.066923 7.237580 143.667693 40.307271 -52.991597
6.390168 13.136479 42.983185 10.332434 335.731754 69.473717 152.478536
6.561198 13.086168 42.773809 12.603857 185.067062 59.447654 -28.610335
6.555550 13.340218 42.681490 21.625400 173.390883 58.762392 -51.535934
6.951644 12.643354 42.822091 13.280426 177.630361 38.058676 -88.539623
6.572692 13.007680 42.790061 7.021501 149.979011 43.253770 -95.599250
6.442582 13.115829 42.944693 11.344321 167.465724 56.734948 -65.705241
6.001366 13.164177 42.834565 11.063142 139.556310 44.920908 -118.093275
7.153825 13.217786 42.532596 7.487064 156.350352 38.219658 -110.944565
6.223381 13.159408 42.827122 14.708398 139.563415 30.796298 56.831775
6.519700 13.335145 42.798441 22.262914 143.730709 55.572641 -47.671298
6.844257 13.419236 42.975921 16.715354 251.396663 29.272519 5.691239
6.168749 13.048765 42.747417 15.080966 347.051248 29.525268 -77.205483
6.117786 12.954882 42.895460 4.569578 108.424487 89.826732 -179.237479
6.531830 12.894599 42.882906 20.404605 44.335986 50.558473 -127.209234
6.649502 13.298898 42.892029 9.069215 234.021656 53.631694 79.375339
6.270642 13.309618 42.843446 11.311127 176.596071 51.561880 -93.762081
6.064612 13.087244 42.903057 9.950651 112.057495 83.393385 14.806521
6.717266 13.258838 43.037378 22.069923 153.027449 27.246990 46.992770
6.315100 13.136835 42.929233 10.330942 143.570493 48.012735 -104.956503
6.505172 13.179673 42.705938 8.307993 153.306780 37.130731 83.090706
6.567924 13.028922 43.045625 7.828180 193.233047 54.935699 -52.044452
6.073426 13.265738 42.829757 7.138631 171.269901 38.654991 133.477554
6.586968 13.455470 42.654114 15.935935 162.471618 32.788560 53.828397
6.245554 13.101423 42.749410 6.290323 334.717933 52.890612 -53.560118
6.214884 12.975855 42.877163 7.531530 15.372431 88.088068 -37.635757
6.942784 13.539049 42.619986 5.735292 297.391588 57.813418 -73.555309
6.900027 13.019784 42.882959 5.268944 170.020257 53.270513 -99.155324
6.464439 13.134684 42.988418 10.686746 174.562032 38.095203 114.528191
6.084442 13.160603 42.953962 8.944658 41.803386 20.867885 -106.807674
6.537203 13.128192 42.875422 8.406923 232.061641 78.772686 25.781113
6.596868 12.969558 42.757039 11.444363 150.952466 40.483644 -93.162519
6.510403 12.861910 42.601151 13.825811 336.050393 36.831247 -67.417876
7.094313 13.482734 42.662332 20.424444 161.186704 31.661569 103.955925
6.475629 12.881837 42.686489 7.334084 342.163754 37.952590 -103.751719
6.326450 13.065545 42.806223 13.377560 163.470253 44.441017 -49.210197
7.290045 12.770339 42.698711 10.517706 317.755737 41.891942 -66.939749
5.934443 13.129494 42.793378 18.408935 136.706680 52.463276 -108.806025
6.988217 12.910512 43.004085 6.377269 179.010149 50.596839 -119.563694
5.914992 13.070573 42.747707 7.939543 98.338123 26.898565 -47.433553
6.674827 13.062409 42.931492 3.894734 286.236310 24.363044 -8.213926
6.417455 12.999461 42.692253 4.251620 117.910569 59.354347 -61.620508
6.340958 13.075387 42.919676 9.998971 36.098424 64.087164 -142.937811
6.519167 13.141836 42.783406 10.181659 165.958126 24.945677 89.137141
6.198052 13.117263 42.710953 17.862729 307.638654 40.198082 -89.832765
6.348460 12.977331 42.679698 9.971311 139.572883 51.401941 -105.305523
6.392026 13.004152 42.767310 21.284555 150.121035 13.453942 107.991854
6.291338 13.316557 42.639219 9.744418 271.135675 77.754730 56.661422
6.109607 13.149526 42.807264 2.813616 336.482555 21.418803 -102.422175
6.626708 13.388272 42.633165 14.108209 298.790959 26.996706 -74.770466
6.130633 13.215296 42.746768 14.009074 152.204737 34.224792 74.813059
6.599278 13.062123 42.684026 16.036514 123.323060 70.775494 -50.806239
6.811596 13.384440 42.758588 21.236903 199.247290 70.412252 -164.486736
6.993503 13.325129 43.078445 14.185256 172.150510 20.045532 69.329374
6.526181 13.255622 42.889899 7.154153 145.810779 28.102667 119.384321
6.648433 13.228127 42.753185 12.381609 173.478285 59.610160 -96.207922
6.631323 13.170780 42.601325 9.102197 166.026406 53.843842 -117.077576
6.629816 13.365229 42.824287 16.076579 255.774881 44.059420 132.283660
6.355063 13.327860 42.884741 5.939038 159.191326 38.935269 66.074984
6.733312 12.884432 42.816320 20.841965 169.990283 49.938553 -88.797489
5.955981 12.954041 42.718838 13.096402 357.509281 57.776763 -51.414757
6.958523 13.141797 42.572472 11.719658 43.954087 80.609837 -155.345793
5.995960 13.273254 42.772213 13.746977 161.636829 21.600861 125.703639
6.506584 13.206251 42.629176 2.790322 40.412594 31.918393 66.168934
6.276972 13.056283 42.754421 13.456046 124.534279 82.793466 25.290452
6.669721 13.184579 42.797023 14.688019 149.671137 50.537554 -128.000135
6.333299 13.130525 42.880483 14.481814 45.237601 35.117644 73.314995
6.515292 12.817469 42.887704 11.662239 148.948292 21.192599 -53.444982
7.483682 13.051103 43.372858 14.757754 134.534880 80.015208 -35.187792
6.768758 12.996895 42.728889 9.423263 68.409235 47.620329 132.814336
6.123045 13.174212 42.775735 12.920002 167.464690 33.422730 127.767003
6.796615 12.953810 42.914317 10.023074 141.283513 55.202553 -49.587431
6.553487 12.932994 42.824183 5.429318 344.668027 59.864696 -124.107670
6.227252 13.080412 42.865933 12.780948 151.248242 45.810020 -129.771405
6.745398 13.004827 42.665913 13.799346 153.860512 51.840933 -121.555364
6.181919 12.946118 42.880870 15.821872 152.745997 48.133163 -130.043681
5.956765 13.172545 42.869581 18.752392 158.187900 37.865059 58.543632
6.904791 13.185213 42.739729 13.072658 257.533512 29.402466 -158.026800
6.377983 13.171377 42.779371 18.176003 137.766474 36.899347 126.396965
6.447083 12.958037 42.990094 6.344843 160.620480 43.043744 -86.717234
6.281821 13.173847 42.741313 7.868526 110.947899 75.530572 -63.920390
6.605974 13.136093 42.588454 9.103926 140.061686 57.751048 -86.801589
6.354697 12.935258 42.732682 10.464254 176.110324 87.394458 -50.397426
6.433966 13.198424 42.940382 8.910084 177.692362 54.221063 -94.149198
6.406464 13.034462 42.806709 13.300803 346.280007 32.288138 -71.819078
6.661078 13.375538 42.773718 14.961860 149.039356 12.848093 -45.190137
6.757266 12.761462 42.912968 21.959533 172.682038 45.358681 -131.872033
6.756954 13.025110 42.955451 9.648291 140.846962 58.429785 -56.609110
7.238022 13.064980 43.171729 8.411802 275.442372 70.554120 -110.380061
6.893755 13.099706 42.818669 11.427985 330.324956 34.484815 -134.247813
6.084152 12.997586 43.019166 7.829086 224.941286 48.683712 103.676626
5.840080 13.045855 42.868984 12.484721 161.367634 52.629234 -88.218825
6.192108 12.944335 42.780550 6.719170 161.587100 56.973420 -63.092292
6.342392 13.199248 42.848891 18.292867 279.147881 47.059118 -115.625657
6.376873 12.982110 42.799102 3.492091 118.600067 58.703336 -82.659255
6.644518 12.751158 42.973843 13.857793 110.283003 35.577017 -165.887911
6.834070 13.337383 42.962217 15.804586 175.749073 36.714889 73.021383
6.323505 13.227437 42.817277 14.225425 75.686253 63.825537 -150.728151
6.751302 13.002148 43.059239 12.692133 154.141133 53.406207 -92.428653
6.774710 13.382003 42.929836 5.477076 283.943151 76.167383 76.409517
6.762109 12.997414 42.576971 9.707071 187.263383 69.332771 -45.534017
6.450654 12.923857 42.818303 13.265302 95.789212 58.222351 -101.790021
6.929858 13.053378 42.852781 9.578636 178.933479 45.938544 -73.566390
6.109712 12.934793 42.799941 8.979348 356.679556 25.032882 -115.643319
6.489641 12.852371 42.892789 4.342552 83.048503 84.286183 149.744040
6.763608 13.080271 42.773081 5.008919 306.400919 61.720631 134.737890
7.037319 13.265727 42.667318 14.581771 139.727983 29.200378 89.680160
7.079262 13.161323 42.491524 13.527443 147.756131 47.087338 -46.357107
6.898562 13.169842 42.592546 6.377775 123.688849 88.775487 6.441670
6.391114 12.949087 42.744423 10.867127 53.364297 63.404337 -144.849892
6.413337 12.984943 42.868935 8.277930 51.108670 62.160401 -9.898490
7.041507 13.400685 42.708981 9.392026 162.879801 28.564111 121.165446
6.192871 13.277578 42.852627 9.786871 31.569429 83.507749 -7.770297
6.606736 13.186664 42.923981 8.530107 137.810140 20.890441 120.480522
6.223378 12.969806 42.744722 5.749997 33.500257 53.307260 39.410149
6.802565 13.040791 42.815517 6.647028 143.080319 40.923496 -62.303105
6.755083 13.262962 42.887632 14.762172 135.579739 24.939731 122.653066
6.677056 13.078520 42.738396 8.737524 4.905198 27.403356 123.654221
6.791550 12.910256 42.604142 10.333735 94.462844 46.914953 -57.294068
6.562221 12.867678 42.963844 19.188351 171.382931 25.038652 109.262827
6.997840 13.663596 43.462094 11.318965 143.773924 30.240092 69.138443
6.071666 13.192626 42.886704 16.255525 345.777133 64.735141 164.302231
6.811133 12.931194 42.855952 9.327221 174.613335 59.804997 -65.431036
6.536749 12.956221 42.762566 4.731053 357.169106 25.458283 -123.049375
6.165490 13.279442 42.803804 6.908809 351.788655 73.978412 117.251223
6.473555 13.067704 42.932654 12.921091 329.234880 42.737299 -66.270990
6.229849 12.977510 42.772067 8.726354 315.456867 31.198818 -109.988994
5.756931 13.032500 42.831049 13.799208 163.681110 67.256900 -108.441271
6.976213 13.128236 43.576511 7.287976 144.197227 36.369719 97.970794
6.205186 13.277632 42.859754 15.785867 178.546623 29.357655 -80.014671
6.622426 13.012250 42.848376 13.979233 172.935419 53.486278 -64.673819
6.717014 13.539099 42.715699 7.015418 145.880359 33.823916 70.125124
6.561800 13.205157 43.017057 8.991970 18.368885 52.409796 75.968948
6.452436 13.362068 42.646991 9.039716 98.163685 84.147885 -155.086291
6.859073 13.234314 42.581602 6.046065 115.636140 41.062825 -128.900292
6.003802 13.088845 42.869260 11.564462 165.537890 46.746966 -49.750176
6.577293 13.377675 42.816765 3.386963 143.250456 40.526391 -88.796911
5.879771 13.119295 42.864259 2.383528 178.196927 46.720522 -88.011494
6.072290 13.041726 42.896377 6.871871 174.019708 86.105439 -140.576996
6.451292 12.996393 42.868171 6.831853 352.848559 51.981989 -87.562622
6.588954 13.228889 42.748419 10.218681 164.205713 42.916144 -55.147318
6.616772 12.568094 42.970695 4.857237 174.511530 57.090338 -131.345482
6.018556 13.174524 42.797493 2.413220 159.511210 47.054274 -60.600581
6.169897 13.139058 42.953039 12.969956 3.107143 38.651400 -57.715296
6.471563 12.994277 42.697047 7.066120 171.594641 42.260889 -87.291417
6.869980 13.340889 42.639637 9.656018 108.857719 52.534676 -73.294277
6.839625 13.434686 42.715999 17.953212 145.107582 29.623274 83.251229
6.422932 13.141325 42.943667 14.758228 168.723723 53.381804 -72.937472
6.325834 13.036304 42.809242 13.953971 221.758426 75.813731 -134.965199
6.898212 12.891246 42.944329 10.301200 282.009087 30.370766 -106.214943
6.967133 13.415593 42.664139 12.381013 135.604228 65.863720 -176.184788
6.933184 13.609776 43.066813 11.162359 53.708457 70.028512 -103.946821
6.448346 13.352253 42.867727 11.275322 237.349751 53.990840 113.292194
6.454655 13.109990 42.586375 8.391095 124.536584 82.456986 137.968533
6.590253 13.210017 42.709842 8.450243 11.111138 80.294383 -139.735983
5.843791 13.186862 42.870133 12.052014 154.768177 34.100261 88.726549
6.684188 13.143981 42.604117 7.207688 168.552109 57.085679 -66.015533
6.517628 13.033437 42.960817 12.645061 159.310033 52.264743 -83.220331
6.437360 13.253947 42.752694 10.982275 135.078901 55.089027 -79.545910
6.833010 12.856255 42.806730 15.827552 95.687300 82.553788 19.622672
6.608110 13.100016 42.628193 10.687990 106.201367 18.020862 117.899210
6.190597 13.177276 42.690705 8.286508 23.468168 85.928449 135.870066
6.200621 13.267538 42.683626 4.947585 175.960628 30.885494 -90.568406
6.083758 13.297239 42.910817 13.034025 160.123078 69.859235 -57.933170
6.349800 13.176253 42.714333 11.860708 177.034922 50.163937 -123.548243
6.659550 12.781244 42.611240 8.340842 170.238805 44.717785 -63.973704
6.834644 13.152938 43.009348 4.117944 148.948102 30.577865 89.247278
6.425845 13.086605 42.810320 9.131961 316.959555 22.558569 33.299560
7.101919 12.500358 43.399881 15.589861 136.699780 71.345254 -81.843753
6.402675 12.978965 42.837857 12.983081 321.501188 24.937848 -60.911286
6.868035 13.150870 43.066511 8.673910 201.499966 45.253874 96.023069
6.551739 13.319215 42.837260 14.847043 168.508541 53.787596 -127.093901
6.269492 13.142614 43.002931 13.973012 145.078475 41.967650 -95.073416
6.282666 13.010838 42.886793 10.411689 152.209626 30.964417 91.802640
6.794822 13.430695 42.752674 11.968589 150.932039 20.315011 70.558764
6.524261 12.989398 42.608830 15.483591 106.670395 37.661752 -84.748432
6.192291 13.342400 42.708665 6.574927 163.269907 47.383463 -42.724614
5.966854 13.168400 42.851499 10.347747 329.043906 57.523534 94.315701
6.761669 12.708062 42.829292 8.415693 328.003565 32.057668 -110.260443
6.852877 12.979635 42.826420 15.281028 154.261633 53.450408 -76.963665
6.663604 13.293993 42.773047 17.725628 243.641330 55.607176 -45.644301
6.536896 13.035279 43.087002 12.568722 155.841344 54.009661 -118.191100
6.551238 13.152960 43.044647 27.700113 159.296904 23.202463 60.256840
6.297189 12.843061 42.789882 8.354751 337.233293 50.940281 -88.319558
6.628865 13.153834 43.042963 9.666280 22.922968 74.565561 -144.281020
6.635064 13.115565 42.937688 6.018573 173.860678 56.282538 -103.508969
6.348754 13.046692 43.052138 5.670200 173.616753 34.541632 -100.785393
6.841994 13.030835 42.835675 23.145722 223.426389 50.121001 -125.265243
6.594848 13.476978 42.815714 5.525582 161.341422 29.034575 122.279797
6.465647 13.217358 42.815767 15.983016 149.648691 40.126630 -127.171275
6.271201 13.092328 42.930186 8.915411 143.387161 55.759459 -130.262323
6.042162 12.953312 42.819524 2.689345 158.299496 58.381992 -108.710446
6.782086 13.141255 42.764380 4.833834 329.548906 55.533702 -57.116657
6.785917 12.978757 42.981838 4.940721 237.760495 57.534608 127.924086
6.478836 13.201557 42.735240 9.324466 258.541463 10.335590 -18.826930
6.698836 12.976315 42.807027 10.426840 3.755350 20.808418 81.701811
6.693604 12.825548 42.470725 16.611353 42.146935 47.923790 -44.104295
6.315899 13.169092 42.768251 13.272191 145.864042 47.041388 -78.882913
6.227878 12.944787 42.815569 4.703178 353.046038 37.823472 -60.461380
6.282827 13.282125 42.704126 8.035437 249.294327 48.660097 133.572833
6.588956 13.011836 42.805298 8.356508 145.791571 47.804863 -113.521779
6.421968 13.121199 42.762264 14.972210 148.745713 51.713720 -89.541623
6.653842 12.983780 42.691685 15.639442 245.846299 59.451245 52.343960
6.254275 13.119715 42.777402 10.810931 172.892150 26.759359 45.254087
6.677485 13.007920 42.755763 17.453667 174.577797 58.710956 -91.920532
7.134459 13.048023 43.188436 9.933561 176.127591 39.237798 99.174875
6.511964 12.913176 42.973432 15.566841 113.064616 66.465176 -49.623814
6.138228 13.020310 42.757321 6.120078 155.537553 53.053130 -84.507599
6.257756 13.261355 42.810800 22.004839 174.967375 84.315501 42.920216
6.466858 13.267113 43.001946 18.257333 156.684566 28.399045 117.060132
6.172157 12.995164 42.798028 8.061115 100.267964 49.903427 -56.341252
6.034333 13.248988 42.818664 13.672305 6.698440 33.033450 -61.970906
5.695803 13.033447 42.780944 10.196125 91.966824 89.814323 -151.811870
6.525884 12.904401 42.801824 11.232049 138.210279 40.356768 -90.212116
6.650414 13.016278 42.972583 12.762833 150.362802 45.840994 -125.353594
6.556356 13.017619 43.039076 13.764997 175.770113 49.602090 -45.861432
6.537683 13.107043 42.510691 13.805148 159.879494 59.865094 -60.338229
6.427860 13.231285 42.844252 11.757590 178.088521 88.670433 -163.803365
6.061538 13.231680 42.747944 3.050952 338.978055 13.825641 -25.755851
6.706717 13.613734 42.957282 10.841868 143.817445 41.227460 113.618948
6.570482 12.810458 42.673248 10.687531 179.629840 39.206360 -65.410782
6.516522 13.216498 42.795932 9.909695 136.363198 29.226876 109.439683
5.931069 13.210197 42.858771 10.160800 157.195013 28.594210 109.686421
6.708921 13.006491 42.721148 16.847353 168.587978 54.522180 -61.793183
6.428485 13.044656 42.862974 20.998695 136.239151 32.557801 -97.424047
6.543427 13.231505 42.804612 12.055513 317.455335 75.346495 -101.340026
6.706592 12.948731 43.012803 10.366099 11.898263 67.387136 89.829375
6.324227 13.396177 42.830652 5.066964 149.885048 37.884589 -85.622348
6.702677 13.343167 42.993780 15.416031 41.684499 32.211316 64.838230
6.447683 13.260099 42.800271 14.948543 288.166063 78.295266 -114.715957
6.292294 13.072019 42.813222 13.212500 341.774843 31.871351 -46.501607
6.261330 13.052790 42.856718 13.280975 97.244451 82.244229 -1.012030
6.626955 13.043732 42.782800 4.596294 158.269184 42.653968 -89.625909
7.242217 13.055052 42.593722 11.571450 359.722001 21.900335 -73.146171
6.508884 13.129298 43.073714 5.217933 344.968943 48.860674 -128.006219
6.125640 13.124848 42.925022 2.055425 141.590270 20.462137 98.517220
6.594015 13.367018 42.878055 4.778321 95.519614 85.869397 -177.223315
6.024116 13.141697 42.821111 9.692484 138.573401 63.960537 142.639885
6.440334 13.045025 42.763310 12.161281 336.066274 20.952312 -107.092595
6.494208 13.269507 42.976748 11.551146 168.440654 25.185316 102.438754
6.382720 13.223967 42.752569 7.134965 281.238185 49.820001 -115.729279
6.623789 13.152698 42.735809 19.176858 308.164122 37.514250 -47.489890
6.851482 13.154234 43.027080 4.729570 141.884113 22.432265 92.173561
6.556270 13.211834 42.840387 19.524368 355.400302 50.048229 73.268584
6.489242 12.995609 42.829957 15.195557 18.097936 81.582458 -9.201370
6.508312 13.134175 42.755858 11.443979 155.707217 22.491517 58.626629
6.448912 13.071112 42.761439 10.431100 343.704352 24.804762 -96.309190
6.223719 13.031778 42.841265 11.144021 153.314984 57.245638 -98.869814
6.256049 13.052632 42.783972 13.982332 324.211820 34.130527 -56.650782
6.295213 12.947028 42.682985 18.059111 150.733993 37.249886 36.641611
7.226424 12.887599 43.269780 17.014726 179.774436 37.455880 129.703727
7.019970 13.444075 42.914531 11.748453 147.850972 38.505004 85.604839
6.328061 12.934062 42.871162 22.626026 331.727972 32.834600 -96.532822
6.163841 13.051343 42.838893 13.105406 20.287772 16.196447 107.028740
6.740755 13.331924 42.684867 10.293580 341.555126 52.060606 -98.140119
6.419323 12.855071 42.850386 13.456646 165.784925 40.433137 -101.008525
6.302693 12.934761 42.854951 5.767586 165.907631 15.474006 124.304858
6.414412 12.795206 42.871301 7.176043 356.480242 26.730958 -82.003361
6.719815 12.774329 42.794606 17.487647 347.376387 21.805158 -132.779292
6.662822 13.058978 43.031008 14.282821 159.917313 40.435449 -98.243015
6.574283 13.259325 42.721312 8.206781 93.543174 87.119536 -55.525966
5.983783 13.030446 42.990525 8.345467 194.383076 72.488438 -8.936409
6.785684 12.781504 42.651510 15.970077 338.591442 24.683103 -117.942314
6.754731 13.121411 42.891964 8.397420 223.233866 69.023486 40.472893
6.656487 13.424469 42.887100 14.099428 303.563269 41.930358 -123.323951
6.657877 12.929960 42.865780 16.697414 162.980457 88.528894 154.869820
6.263742 13.190013 42.806069 9.039869 161.757773 24.566590 -79.105460
6.565716 13.190363 42.841958 15.102504 1.594010 88.025447 22.193456
6.353368 13.337287 42.797180 7.131018 52.298719 53.753008 -58.173164
6.450295 13.156169 42.876875 5.601854 141.200753 56.990414 -73.282689
6.624592 12.955646 42.500325 9.799370 98.251843 75.618556 -174.338935
5.942407 13.053214 42.811888 11.562592 144.735098 57.362357 -127.706610
6.794527 12.974141 43.112652 10.893125 349.890637 59.711993 39.669831
6.474589 12.779534 42.865909 13.923613 354.994679 36.594492 -46.263418
6.561433 13.234040 43.064084 14.719087 28.456715 70.828730 43.855029
6.990260 13.172996 42.997594 23.238092 170.888215 37.542045 88.538104
6.871792 12.880079 42.776658 10.780047 315.849879 57.232055 -66.948332
6.455332 12.935936 42.840460 9.345542 145.400330 46.371737 -67.011600
6.834982 13.155672 42.790599 11.604130 237.219348 47.282187 1.314031
6.486433 13.157217 42.783269 7.712253 162.617886 55.189634 -80.949916
6.783888 13.210314 43.181480 12.568992 286.631657 46.919960 122.432189
6.675799 13.179039 42.902490 13.806657 150.822648 24.702902 65.055399
6.588700 12.896429 42.694234 10.737048 113.740660 45.978014 -77.088861
6.218780 12.975851 42.838119 20.601367 319.064756 29.736512 -105.970973
7.210977 13.524949 42.865671 4.190732 178.914978 21.266447 50.608744
6.560418 13.102434 42.994802 10.285333 143.224774 42.806782 -126.006604
6.207625 13.214496 42.877495 3.311512 163.970052 41.515119 -134.527357
6.659748 13.490968 42.829750 9.701417 173.629289 35.267164 87.031413
6.344542 13.141718 42.710813 15.025136 137.530296 26.116563 127.648678
6.424458 13.299825 42.778795 14.608721 194.598611 44.878290 5.843978
6.462164 13.184510 42.770290 9.447042 149.281747 27.820849 133.135426
6.664024 13.166588 43.038421 10.630622 173.057698 31.323427 123.817993
7.185401 12.803427 42.810961 19.738708 217.359914 67.301886 98.766041
6.517630 13.122993 42.896757 15.283448 125.626589 10.250319 78.870024
6.358974 13.068981 42.827827 4.497501 353.197235 27.981287 -113.960835
6.633335 13.106586 42.900381 10.497264 13.009902 52.555468 124.207876
6.456243 13.225150 42.920953 6.504968 162.376423 24.335756 92.522980
6.646339 12.791490 42.938032 13.225957 357.108867 38.827723 -86.249823
6.513019 13.121269 42.969530 10.243521 160.603032 55.925926 -86.229929
6.470549 13.220290 42.958499 13.821773 173.077601 20.498106 126.480294
6.087761 13.212058 42.841922 9.991173 145.259588 28.307919 95.082029
6.040989 13.244042 42.806856 7.423893 217.659365 43.787451 62.837987
6.447093 13.245466 42.877259 10.224372 140.118385 46.287786 -79.162443
6.491890 13.047314 42.876673 4.720368 352.097507 64.512783 -30.084669
6.435467 12.997537 42.868564 12.532972 285.102220 46.358352 -67.234297
6.560117 12.835604 42.918150 5.042558 160.464886 44.199654 -53.566799
6.536968 12.848321 42.663621 14.102256 327.138098 31.795455 -71.128625
6.531933 13.118297 42.984313 16.167595 300.821618 42.846513 -64.136439
6.747346 12.950781 43.042901 14.402351 142.384876 44.686974 -110.699120
5.693634 13.111055 42.788734 11.530894 193.709225 59.811640 45.534833
6.953758 13.264817 42.662433 19.632745 134.679494 46.485123 -112.499134
6.406880 13.147034 42.818949 7.786555 309.260422 60.067700 -49.204790
6.459840 12.987532 42.831707 10.739417 178.657395 49.252024 -121.024010
6.216955 13.307849 42.878136 11.824569 140.920586 85.949050 -156.037219
7.101260 12.887718 43.041876 5.744823 178.450372 40.953427 -90.486449
6.510323 12.889146 42.866761 8.862454 277.693176 58.885012 147.786568
6.301035 13.095641 42.726155 5.611802 326.692012 47.524075 146.200629
6.550764 13.149336 42.957646 12.231062 232.015127 55.484507 -55.400107
6.598204 12.953376 42.870876 20.666653 319.182667 29.388749 -98.891178
6.577177 12.929355 42.879128 14.524467 303.081544 35.122981 -88.886446
6.063211 13.091435 42.949251 12.310167 144.628311 34.302333 132.537200
6.095231 13.119446 42.862751 14.256152 136.288906 28.397411 122.535454
6.543474 12.986010 42.874463 4.181954 153.974901 48.468185 -106.621020
6.337845 13.077261 42.580324 4.622805 135.296885 48.081326 -46.725597
6.392855 12.947221 42.994822 9.346312 146.340260 25.159962 130.310817
6.643780 13.207289 42.768471 13.895546 148.796315 31.117966 128.127468
6.353749 13.157565 42.851666 5.192687 169.599327 23.127768 59.549443
6.223319 12.883464 42.797856 8.516362 155.131692 58.905229 -81.649697
6.422757 13.056063 42.767040 4.049529 159.274903 51.564496 -59.218627
6.293142 13.274111 42.837109 6.666602 169.830914 88.322890 56.023941
6.309384 13.064884 42.995288 7.979231 167.253156 53.047139 -75.301656
6.848576 13.448969 43.038760 20.897524 65.485453 59.680991 46.523503
6.346622 12.975008 42.834343 9.673515 163.467406 40.195772 -98.188056
6.513865 13.153512 42.523822 8.747344 218.370721 65.764526 24.133057
6.156279 12.900070 42.651555 8.044731 297.722911 52.296443 103.508706
6.311231 13.288835 42.957158 3.322112 173.335070 38.907499 110.353533
5.731183 13.092813 42.936168 13.060909 178.976879 59.616889 -50.576211
6.803037 13.672361 42.789817 11.191844 137.905381 22.560421 61.122872
6.333021 13.279705 42.561329 11.899183 160.477429 25.585778 21.675212
6.890577 12.946355 42.663456 16.640637 140.012960 56.872861 -94.230290
6.274145 13.069124 42.826115 6.459046 318.474487 52.911618 -75.588237
6.128526 13.184718 42.752837 11.412236 343.772281 23.661585 -71.542627
6.336339 12.978399 42.858167 14.325303 160.888800 49.499761 -66.204143
6.435317 13.525906 42.715525 12.205667 239.751895 48.504063 94.890843
6.414744 13.230294 42.852107 14.240429 139.843822 27.683100 103.915026
6.204822 12.990450 42.801629 2.769902 170.417362 47.714824 -75.946351
6.575430 12.994926 43.002652 4.075105 136.695444 57.026976 -78.111201
5.952148 13.350088 42.810908 10.142406 151.019188 48.330377 -72.872086
6.767763 13.161645 42.891414 8.394439 166.977770 26.818157 122.036056
6.234823 13.221066 42.988013 13.498664 171.299716 32.555154 92.799288
6.668448 13.261258 42.870006 5.577323 202.688628 44.511815 -114.875209
6.851725 13.269493 42.808765 9.448963 171.046636 25.609830 99.013553
6.319500 13.023126 42.850766 8.116637 357.596650 59.959740 3.214191
6.410976 13.233428 42.704158 16.617479 136.487942 25.413592 132.888024
6.323135 12.946539 42.866084 13.749251 317.993896 40.876872 111.527453
6.607284 13.185047 42.872739 12.898226 84.270031 80.119172 -163.310099
6.793498 13.215051 42.862743 12.063655 170.348207 32.261028 116.589353
6.493961 12.956828 42.888051 10.122409 162.682775 51.646331 -47.637628
6.741372 12.827254 42.844881 19.444665 354.088431 38.914765 -79.734561
6.856244 13.060337 42.891064 16.392315 159.476514 37.916604 129.496851
6.092861 13.144959 42.913810 3.279862 145.184958 37.179749 56.206623
6.794318 13.063573 42.908757 8.343505 168.173852 48.494581 -131.258921
5.896379 13.257840 42.767403 13.905107 22.750947 52.952622 -114.122327
6.421681 12.857149 42.817450 15.293341 347.506464 32.101214 -77.415942
6.274633 13.325649 42.718653 3.672108 138.430095 36.922950 128.578941
6.361495 13.283696 42.764870 13.331981 175.024928 25.763936 54.518059
6.376670 13.026689 42.875710 7.008051 324.796226 21.895792 -48.636685
6.165429 13.155245 42.801546 13.684084 137.316624 30.768099 113.417321
6.362795 13.326906 42.781833 12.041877 146.178773 22.944745 122.397140
6.118873 13.063198 42.966646 15.660145 142.573376 57.675141 -49.911257
6.732517 13.111732 42.693666 12.107488 161.989882 31.346240 77.936803
7.222607 12.580350 43.044925 4.044011 356.919129 20.129313 65.707877
6.406350 13.150822 42.744793 11.963308 133.647271 85.509186 35.626447
6.803890 13.007514 42.841642 5.069158 162.464389 56.878784 -110.189533
6.895779 12.989627 42.781474 21.593446 354.883956 20.832423 -66.265242
6.060018 12.972968 42.739151 3.110422 162.175650 45.083460 -71.359306
6.323922 13.111000 42.997224 12.750146 168.792376 27.021773 91.158168
6.764730 13.442744 42.734594 4.518470 160.632067 37.048493 111.606249
6.281994 13.466670 42.913049 4.662437 30.106552 88.128198 -20.345734
7.327722 12.731328 43.040752 15.788054 200.388558 67.092122 113.846213
6.437950 13.239208 42.961066 11.710063 317.164600 69.704771 89.717970
6.182282 13.205031 42.806758 11.729724 164.923859 22.659379 94.593465
5.717915 13.069882 42.830058 9.386914 174.503563 40.667778 -104.247486
5.751153 13.084701 42.858531 12.641365 105.212034 46.060937 -91.222306
6.778542 13.222856 43.032019 9.913952 299.493216 38.783934 79.940898
6.448513 13.091676 42.869182 10.905330 137.154831 40.814097 -95.672344
6.409875 13.340621 42.736802 10.690094 158.827694 51.579710 -91.689939
5.963347 13.032006 42.955478 13.943576 147.257100 25.907266 89.224369
6.590034 12.782901 42.735891 7.930646 335.374961 38.850273 -126.997638
6.679655 13.181757 42.685205 5.828507 172.987593 49.574444 -87.250403
6.589601 13.335585 42.840960 10.553768 329.334052 21.261973 -118.251274
6.386817 13.002199 42.865051 17.260064 144.875397 47.362473 -132.339154
6.733803 13.296507 42.909266 15.043534 149.944589 23.570834 104.461099
6.801605 12.961755 42.841096 18.690904 338.122484 23.786009 -132.570236
6.365519 13.077606 42.636829 15.653416 53.141288 31.479160 73.430618
6.287356 13.128239 42.864098 12.088925 158.940526 22.315765 70.313745
7.051815 13.381029 42.676823 9.281334 165.003290 25.111140 125.579251
6.564344 13.132350 43.014772 10.192027 156.295743 52.043644 -115.998407
6.748431 13.238986 42.646982 16.087267 168.173312 47.228616 -133.753138
6.164701 13.080544 42.862578 7.817927 156.355802 47.520039 -69.181466
6.059335 13.025729 42.786517 6.371935 130.536230 27.017413 92.671890
6.225359 13.209397 42.785272 18.439185 167.540297 20.973013 97.794180
6.873725 13.054074 42.878046 19.751733 118.500219 51.179840 -87.544420
6.948286 13.247556 43.211179 14.360708 144.495931 54.435691 82.167512
6.997509 12.970173 42.858323 18.928670 357.038864 61.007443 -73.967270
6.398095 13.182606 42.773048 5.867424 139.403713 34.620221 75.163663
6.432656 12.795235 42.766854 14.916348 345.499802 31.252391 -92.422450
6.835607 12.779340 42.941405 17.821580 100.927589 45.538171 -55.813933
6.421752 13.076870 42.847502 20.724820 174.734449 43.030963 -120.649103
6.623752 13.202781 43.043995 4.927445 152.851537 29.170927 97.727702
7.304500 12.894287 42.672236 13.161079 326.586277 27.614031 -48.825814
6.550530 12.911916 42.634538 17.140726 336.689347 20.050607 -125.207158
6.222841 13.115733 42.765799 15.607911 317.321336 28.512556 -80.680061
6.371058 13.073938 42.784161 10.271017 71.137719 53.976166 -52.689774
6.403246 13.045442 42.729081 11.745241 345.942426 32.296762 -111.116868
6.607297 13.297937 42.989035 18.380991 147.406611 23.638845 111.211799
6.317508 13.173100 42.816625 5.132272 88.231797 68.745958 65.052040
6.480404 13.059478 42.802457 10.211787 148.500489 34.667577 -106.555416
7.130757 13.435253 42.639883 12.727865 96.837012 58.193356 -97.294739
6.425490 12.942579 42.975722 9.225950 150.725745 37.860180 93.309512
6.491990 13.264989 42.852909 15.293595 149.914862 27.040273 80.778245
6.703945 13.189844 42.948174 6.609408 148.821459 38.039245 110.741767
6.921936 12.998706 42.736780 15.214419 316.741016 31.929384 -59.145414
6.875109 13.391895 42.840090 10.923071 244.416339 32.745443 -132.248455
6.394684 13.142072 42.670864 12.711716 337.564348 10.398693 55.362330
6.383019 13.277032 42.849490 13.713604 146.239423 53.816318 -87.373363
6.836761 13.394418 42.911165 5.906293 165.515707 27.499313 110.705199
6.826088 13.155393 42.485781 17.422994 113.665117 42.642540 -81.488404
6.301121 13.348325 42.906105 13.409213 147.384992 38.427716 88.060818
6.545386 12.846566 42.731276 10.282034 150.486477 51.750152 -126.798798
6.744642 13.401432 42.774396 13.696097 320.158901 17.435451 72.251822
6.523210 12.970182 42.944619 13.845568 182.849103 47.738350 43.977209
6.302924 13.075571 42.683299 10.949381 132.269121 73.710492 51.802808
6.362411 13.243566 42.902458 8.635550 173.089577 36.841168 94.860805
6.845057 13.461915 42.801115 12.030418 82.178329 45.739852 -92.369867
6.520645 13.047160 43.082577 4.656564 115.969642 15.129156 -93.035220
6.654531 13.117471 42.828462 5.013760 19.921143 88.572162 -121.980383
6.679467 13.405499 42.576532 10.896563 301.537633 47.705645 -58.320259
6.422329 12.986365 42.806624 11.174682 163.837100 51.022010 -87.366546
6.561938 13.328875 42.753085 6.110778 155.014831 52.789139 -107.236190
6.286856 12.976889 42.792684 9.580439 193.627670 43.583598 120.412529
6.868904 13.110138 42.554791 13.377044 148.463661 47.671860 -119.400300
6.536189 13.164686 42.879469 12.617659 235.210926 20.473802 -130.305870
6.473394 13.422421 42.661063 12.428590 147.195656 22.625891 56.050963
6.507124 13.303033 42.840603 11.448484 330.538728 43.131889 -76.096187
6.748773 13.264132 42.754737 10.960696 165.425408 35.932706 71.208473
6.494839 12.798229 42.802858 14.943764 340.514210 31.137963 -122.828791
6.348997 12.973580 42.987354 10.786745 136.705738 40.209473 -73.124241
6.584922 13.296367 42.903876 13.320336 165.900342 88.880843 -2.173918
6.958474 13.488236 43.195574 7.223863 173.079933 32.249763 63.672053
6.637074 13.073540 42.653633 11.686304 134.389257 54.555080 -31.524565
6.655450 13.065184 42.696214 15.475100 132.238974 48.535760 125.067848
6.638565 13.255929 42.866111 15.519140 177.209795 53.673922 -82.064082
6.632244 12.971547 42.868077 14.424861 176.420642 50.424253 -57.123034
6.707242 13.021477 42.786028 5.861724 86.471943 22.739708 106.767682
6.859786 13.491350 42.923892 15.428566 9.676967 65.208025 -81.098585
6.109795 13.101274 42.846603 11.626331 285.996877 25.504100 48.250940
6.259426 12.948272 42.941537 7.530722 168.820757 42.866270 -73.816353
6.359852 13.093817 42.859973 13.240723 295.210401 33.593808 -62.437855
6.690261 13.448874 42.762084 6.392232 20.665214 86.487655 164.601302
6.612836 13.115886 42.927826 11.642848 344.709748 44.729040 -107.570988
6.517093 12.940168 42.684426 13.326331 27.210569 58.692725 -67.035976
6.773541 12.830901 42.478352 15.004664 139.266052 40.821105 95.793667
6.126877 13.165394 42.816118 12.199655 151.482974 33.251103 111.354109
6.756176 13.049719 42.677815 4.514352 39.084734 51.136161 118.413083
6.267831 12.908233 42.832823 9.928485 140.342900 54.599058 -46.208062
6.775776 13.266589 43.366649 5.028255 171.356030 49.552963 76.100647
6.283577 13.192472 42.846096 5.099714 164.053981 43.020252 -47.903992
6.814143 13.125617 42.771710 15.964425 167.269214 55.540347 -134.081186
6.529023 12.899277 42.657661 10.007203 358.901822 28.147472 -58.968221
6.524827 13.116949 42.787300 11.570520 249.694625 11.400279 134.762330
6.421029 13.200418 42.675645 15.017170 302.509711 55.560993 47.902440
6.358537 13.303006 42.869030 6.816615 143.498344 32.094481 105.865043
6.225820 13.081928 42.853986 8.463624 35.096465 28.078236 -105.538460
6.462352 13.141632 42.842457 20.670737 334.728647 41.905626 -76.881379
6.194621 13.328327 42.830772 6.669871 145.874605 27.125736 108.873073
6.445947 13.240480 42.946868 12.587286 86.612645 36.390766 78.860976
6.232942 13.184844 42.735981 11.030485 164.620267 50.945104 -133.522018
6.152170 13.186042 42.860693 5.356635 19.257254 70.808338 -81.204890
5.930941 13.135327 42.850727 11.191156 324.394796 55.032376 -45.524404
6.930417 12.988433 42.766868 14.082533 342.210603 35.212093 -111.377771
6.084249 13.195850 42.767241 6.044400 332.255789 74.148055 21.136424
6.450123 13.161370 42.601265 18.609474 319.254211 42.581704 -96.186370
6.283879 13.295850 42.845965 4.685256 149.213986 57.762775 -116.870749
6.997268 13.114354 43.088496 9.198084 350.273262 73.757543 -2.596582
6.713225 13.080713 42.721834 6.239952 36.770208 24.324476 -136.631538
7.121634 13.513532 42.996523 11.609902 317.294357 16.649174 66.384320
6.705735 13.371729 42.817234 13.168529 327.184658 37.384070 -107.823256
6.647022 13.041729 42.989193 8.087111 152.998561 23.497527 134.400386
6.139946 13.019967 42.890332 10.224342 33.300008 38.084875 96.451277
6.870726 13.141022 42.966874 15.243374 140.706414 52.040101 -66.662509
6.198345 13.038650 42.944788 15.927716 42.928474 51.344504 -96.621997
6.719077 13.298739 42.961559 10.986733 160.133607 37.008542 62.825304
6.246962 13.138178 42.937207 9.495776 144.705703 47.210174 -126.341584
6.813088 13.475541 42.765378 12.798608 161.847153 25.796665 101.776883
6.864099 13.161099 43.147748 6.456849 145.413700 79.069964 83.910604
6.798745 13.425462 42.879706 14.387293 41.352654 84.857128 106.596261
6.479745 13.237476 42.796437 8.462670 313.558027 68.867162 -162.416304
6.496733 13.038520 42.761838 15.660510 150.767417 56.447489 -73.813845
6.850318 13.013509 42.717858 18.719315 143.161028 41.215089 -49.194180
6.436569 13.237662 42.718964 14.896893 29.600971 66.192947 164.703984
6.052438 13.373801 42.755080 5.723634 6.335622 51.958261 132.892926
6.611203 13.029277 42.620294 14.917134 127.582256 29.795300 136.003470
6.721511 12.660895 42.858052 15.663307 350.170169 69.161004 -51.560455
7.253920 12.965260 42.853834 7.292658 243.291400 51.818352 80.804149
6.847856 13.130229 42.808339 13.655919 140.814519 38.596039 78.086529
6.234152 13.162350 42.795561 5.491665 171.504397 29.502172 102.560566
5.969585 13.078153 42.819833 15.721070 348.750933 30.788794 -115.633215
6.536843 13.139766 42.782840 17.074471 212.830348 59.832960 -93.066325
6.431314 12.836486 42.981817 17.896927 340.085046 29.156801 -116.376761
6.439544 12.861249 42.907193 11.364652 104.743498 47.612035 -90.997736
6.777205 13.174652 42.591266 19.529862 205.637343 49.048383 -88.911470
6.338172 12.928430 42.882366 12.114097 325.844191 22.815065 -83.107065
6.751383 13.151406 42.790261 12.511299 153.679213 45.558476 -113.837676
6.179340 13.243561 42.788326 4.904133 140.971850 36.588243 114.518035
6.472524 13.014111 42.889716 3.884012 99.769126 54.758275 -123.224292
6.323383 13.064171 42.661274 10.774448 147.107292 40.199294 -79.574765
6.535949 13.018281 42.770943 13.190614 324.241625 48.997782 -100.295609
6.771363 13.116018 42.782034 9.812895 98.475871 62.795231 -53.549457
6.744547 13.225807 42.896635 6.361373 152.213637 73.095058 141.709903
6.793143 12.712810 42.732694 25.381637 144.083713 84.317890 -98.750141
6.362858 13.124549 42.884158 6.969253 181.078140 56.101892 -44.755753
6.752102 12.782220 42.800919 5.252088 92.028580 71.177115 -82.977409
6.388584 12.852505 42.597226 13.659849 272.362300 12.321972 12.160490
6.727536 13.249073 42.666440 8.180053 167.995270 20.741669 112.799147
6.224665 13.149226 42.842507 8.989932 176.055251 35.009676 118.306732
6.814279 13.268737 42.720775 16.121854 308.169550 33.936693 -67.641024
6.503032 12.961994 42.695109 19.062575 224.200472 79.365953 -28.996216
6.656141 12.649747 42.646837 12.653436 95.652964 44.910662 -55.381829
6.823189 12.961970 42.917380 19.315905 155.461029 36.359555 -91.080297
6.238569 13.027004 42.872141 9.587056 169.576022 40.757643 -49.305691
6.835844 13.088451 43.030976 10.471850 152.517806 24.641216 73.384855
6.346367 13.273368 42.931824 9.963157 162.791091 89.611319 -109.711350
6.765288 13.279614 42.853741 6.237238 344.965461 30.053833 -42.626534
6.700107 12.759530 42.808812 8.584345 338.282489 25.601279 -131.945343
6.384689 13.246264 42.798810 10.654452 166.983773 41.835203 -104.364712
6.374723 13.189483 42.850100 14.587201 355.902833 49.904022 114.925169
6.666954 12.917080 42.934362 13.015115 149.142260 43.820732 -75.057232
6.551640 13.148182 42.987575 7.787045 67.658532 35.691393 -71.549970
6.585474 12.696794 42.710731 6.589816 358.289609 39.663757 -71.874795
6.774726 13.003752 42.566290 6.626287 331.312181 31.541151 -68.752616
6.454798 12.955888 42.751070 3.124364 175.942469 41.751430 -45.982748
6.529920 13.110903 42.856055 10.185196 151.202880 41.296756 -55.997290
6.616992 13.510941 42.987163 7.789796 152.290196 47.241999 108.154311
6.189306 13.081973 42.771766 11.409625 170.687743 15.150940 -74.583457
6.441156 13.073169 42.785038 10.769050 321.426579 27.518938 -83.930204
7.109001 13.216474 42.714532 5.825345 345.021421 40.962580 -76.037134
6.497197 13.049987 42.690600 12.447217 168.443946 53.081053 -114.246094
6.765916 13.126023 42.712502 18.665958 197.229347 28.760731 125.033457
6.891576 12.932571 42.735251 16.149497 186.136586 48.205373 92.708615
6.313499 13.083661 42.851244 6.474715 355.112935 22.563034 -131.562334
6.488996 13.139001 42.811739 8.516409 219.028089 13.613961 0.653296
7.106192 13.392048 42.661698 13.559095 355.063759 41.566533 171.863408
6.357542 13.243652 42.775977 15.702484 211.387879 68.969074 12.717921
6.144135 12.943298 42.733651 11.155449 160.416430 55.198143 -95.787932
6.254749 13.270206 42.837645 9.874881 259.911820 50.696287 -171.199707
6.858353 12.882352 42.643068 17.236456 59.237387 89.516997 145.138999
6.433535 13.043175 43.057668 12.351815 127.190071 71.318015 32.332080
6.818539 13.142958 42.840353 6.554151 221.919934 77.856990 -115.711711
6.450471 13.018884 42.838661 4.814481 116.573224 33.708469 -113.921427
6.341271 12.812199 42.813640 3.832395 175.728757 71.611256 -18.956565
6.823880 13.225258 42.658014 11.021672 272.456742 41.663256 -90.988305
6.388445 13.367134 42.820295 4.029080 160.447341 31.345610 78.147850
6.806766 12.997088 42.619704 7.480083 358.802209 36.443090 -119.482706
6.689509 12.720077 43.031088 5.178023 30.366956 88.241293 79.226848
6.554636 13.112627 42.881581 15.054482 114.564175 20.472091 176.333795
6.847516 13.449918 42.885901 5.123265 148.365060 54.384904 -26.112611
6.674975 13.063238 42.862295 11.385968 99.069723 41.485646 46.869871
6.020062 13.143867 42.871424 14.896785 171.149331 26.840907 118.924008
6.485686 13.437232 42.932406 13.203697 154.679005 37.739061 102.119246
6.495418 13.192505 42.626591 10.156557 326.605496 44.638806 -87.131125
6.055804 13.094205 42.772732 6.037684 150.835176 61.355590 -26.746983
6.595713 12.823113 42.894971 7.398775 181.342347 40.675579 -58.362217
7.075189 13.217481 43.084119 18.586429 175.877116 34.424488 111.731815
6.259117 13.149099 42.847290 15.331546 90.332501 55.423327 -63.313970
5.908808 13.120366 42.789414 7.077400 136.825813 52.045533 -60.714825
6.441637 13.272154 42.788538 17.170974 330.557730 54.801656 -48.042693
6.479207 13.144107 42.812177 16.375207 29.231937 53.105860 -68.937541
6.230884 13.190376 42.988361 11.185133 173.733163 36.891083 92.552563
6.624614 13.014684 43.055667 5.183366 149.246893 51.634215 -114.655699
6.552773 13.177168 42.835964 7.025650 139.181365 68.363604 -62.157745
6.666725 13.331345 42.981183 14.185660 271.785951 52.721966 -52.731402
6.713213 12.931960 43.266930 15.521358 179.260503 20.845568 47.995019
6.616221 12.827687 42.707830 16.519954 24.808931 68.110489 93.937168
6.318076 13.159560 42.758006 9.248077 213.600649 39.897072 13.210172
6.494204 13.052689 42.899702 7.755079 311.753256 11.692079 -100.042093
6.800908 13.041344 43.043347 11.423963 167.758455 34.756217 74.843683
6.042734 13.075318 42.972795 13.359753 164.960057 53.129423 -84.104454
6.650841 13.189316 43.053855 7.346895 128.052151 74.832671 5.149921
6.661030 13.028184 42.880097 8.766348 154.987927 40.473260 -77.429639
6.672782 13.060022 42.593060 19.082999 324.626055 29.652403 -78.833335
6.844416 13.070493 42.792553 21.285715 107.116644 75.567886 140.392598
6.465866 12.914099 42.708409 4.925748 177.164017 52.403138 -129.076847
5.927871 13.075387 42.859050 6.307257 112.620931 44.241214 -59.115362
6.534614 12.970017 42.952499 8.651416 159.675466 57.599557 -124.023953
6.184701 13.006647 42.772138 9.471446 41.291105 48.331653 -84.541575
6.149606 13.205397 42.886141 7.556988 155.668449 63.632949 -8.651720
6.044556 13.145543 42.871490 19.373132 178.485347 22.960774 125.088247
6.486612 12.771969 42.901468 10.490677 336.780917 33.465558 -114.277085
6.742214 12.993958 42.957839 3.771038 5.061972 27.982901 90.404613
6.554852 13.363568 42.862241 12.970441 314.392375 24.185169 104.756032
6.642797 13.050216 42.914836 10.051858 194.182465 47.356791 107.520519
5.992833 13.083018 42.851239 4.056833 168.924833 49.313158 -109.547593
6.017700 13.173631 42.871726 14.073514 139.958416 38.761388 97.411176
6.914289 12.755144 42.450116 17.578087 60.091791 89.262475 -35.487969
6.632869 13.275868 42.805330 13.482025 289.471217 69.038660 -95.173783
6.702537 13.440105 42.760883 13.424042 170.133553 23.481653 107.957173
6.519005 13.288656 42.886286 13.210602 177.325835 24.609955 84.658874
7.008024 12.904714 42.300747 14.008963 92.322830 45.777905 -58.202882
6.417355 13.005106 42.713193 3.950103 117.801921 72.634076 135.760386
6.241051 13.130445 42.955503 11.027070 129.874097 23.011142 -46.040137
6.754276 12.793161 42.877752 11.833969 138.120133 87.587873 -122.071444
6.291568 13.034163 42.823965 14.738017 263.239408 24.698925 67.910201
6.838300 13.321161 42.481984 4.813324 129.701026 21.563914 55.858515
6.495997 13.132945 42.674175 6.250261 171.756548 34.803360 130.573179
6.252034 13.010819 42.884762 8.203968 146.580364 49.859859 -125.012843
6.735767 13.051799 42.677449 7.939135 232.521595 52.539479 -25.719687
6.778079 13.238089 42.736951 10.911316 81.817325 86.342550 -153.302141
6.211995 13.197861 42.894699 14.333621 145.277550 33.467503 100.216117
6.848772 12.918514 43.172289 6.012053 70.303936 69.280703 -172.197237
6.540327 12.914552 42.877952 3.408160 157.133411 43.162560 -91.247702
6.434008 13.112890 42.481082 8.265724 58.163369 74.452662 -19.541850
6.633749 12.937220 42.931690 10.926144 222.018552 57.253305 47.251467
6.931961 12.934908 43.199956 3.848996 182.409841 31.035769 68.984213
6.528415 13.247165 42.861592 2.638258 176.738358 27.045396 59.966918
6.836098 13.319188 42.813299 19.142981 142.864067 32.780705 158.229279
6.216396 13.131165 42.682738 6.786527 52.489115 50.695926 68.649781
6.934893 13.380217 43.061032 6.566352 353.595915 31.173641 -43.033417
6.931574 12.823973 42.776731 6.469460 141.818184 44.494297 -60.972531
6.418238 13.118827 42.800324 15.211439 128.700450 63.231832 -61.438854
6.334375 13.237269 42.928322 9.739050 58.675601 60.313411 -49.096927
6.043723 13.066934 42.894809 6.787551 89.882607 71.838011 161.060221
6.288209 12.874322 42.827979 6.994687 164.136370 33.102012 -130.305785
6.364475 12.918205 42.844758 10.105468 110.043523 57.602018 -105.065750
6.413383 13.328350 42.827327 12.306008 158.307933 39.795469 -94.137754
6.258898 13.090641 42.789261 11.334581 118.269397 23.350181 81.981002
6.353537 12.993829 42.923218 5.956812 126.659018 71.142479 -133.371377
6.896140 13.638349 42.907029 9.015066 167.691315 56.424523 110.667372
6.630163 13.234451 42.632115 7.523549 136.300289 41.016082 -104.726512
6.466857 13.117448 42.817742 9.409632 26.473851 72.216885 68.569287
5.989710 13.082282 42.844874 5.685078 155.517545 86.008077 44.449358
6.444052 13.087062 42.746422 10.121869 172.417349 44.625166 -119.099662
6.181698 13.181810 42.820184 5.538876 142.370499 54.515803 -95.711372
5.633941 13.086023 42.858786 12.098033 349.708530 30.418645 -127.815369
6.822617 13.332385 42.853337 7.154855 157.668716 58.145866 -57.544724
6.155459 12.969102 42.790924 5.310789 333.580393 28.225202 -95.039713
5.980014 12.988720 42.934008 7.567194 163.068615 45.826616 -47.561344
6.302945 13.153431 42.799143 12.909065 138.043715 58.041193 -59.085270
6.759245 13.042720 42.894939 14.841993 285.350318 42.277256 -58.092826
6.171241 12.935498 42.931212 8.325854 166.185056 53.178125 -81.472558
6.980882 13.425485 42.566898 10.602130 171.717235 29.586420 45.199550
6.371324 13.037987 42.965738 9.735484 155.899144 28.741325 148.426145
6.729984 13.816981 42.866069 9.214854 160.022771 55.949592 134.086824
6.446248 12.821219 42.862519 12.728631 354.553598 29.398862 -47.211291
6.553262 12.897431 42.844996 9.839330 328.377668 20.638885 -92.934132
6.699537 13.239663 43.074622 14.944034 155.126368 35.484047 87.267488
6.512877 13.324694 42.893621 9.903441 162.761333 32.818963 83.788373
6.631638 13.230349 42.667245 14.723672 138.339278 36.787858 75.531537
7.077905 13.288518 42.745040 20.919260 153.794258 21.828197 107.164023
5.941443 13.208404 42.763063 10.750445 175.733261 24.107217 115.694054
6.397220 13.285656 42.796740 4.941225 102.010546 79.380442 -100.369899
6.726233 13.161769 42.855088 12.256006 279.154476 19.202165 73.445636
6.660937 13.027115 42.759324 4.744948 348.963928 67.801926 -61.212115
6.761101 12.893601 43.049330 7.186043 137.204290 27.146932 100.844313
6.667402 12.943984 42.886193 24.619811 355.390674 37.535048 -71.328999
6.605240 12.890330 42.733176 16.804896 164.993775 48.772987 -72.313311
6.617407 12.903857 42.702689 7.618569 277.770815 18.409097 -144.781857
6.515151 12.928203 42.830559 11.011105 343.872340 45.648745 -88.014960
6.417807 13.209281 42.883661 4.170391 178.306249 44.273896 -97.924071
6.358650 12.913295 42.802720 16.917863 138.089313 40.028313 -74.581639
6.476800 13.082302 42.677343 7.215823 317.118003 62.595533 -97.131942
6.573512 12.986194 42.814366 16.380599 346.612790 38.770525 -65.267233
6.060798 13.209247 42.848126 4.150934 151.082964 38.179034 82.829944
6.762554 12.892027 42.886387 8.720156 352.158238 32.670349 -47.242713
6.643395 13.221799 43.123560 7.457328 170.827934 57.210927 -31.478516
6.847865 13.467881 42.536887 7.885445 121.189810 75.468191 -147.744738
6.140826 13.159470 42.886643 7.841142 174.609464 28.240947 104.649440
6.663196 12.931967 43.006829 10.281452 151.255644 64.785825 -98.161088
6.719335 13.214535 42.782696 15.082417 123.932731 88.511907 -118.476201
6.328140 12.989053 42.799649 16.319795 346.087641 31.067442 -122.943563
6.714500 12.850590 42.694207 9.307671 167.331623 22.804477 -121.879159
6.593466 13.020332 42.710730 12.204947 173.155353 53.590605 -91.047931
6.354640 13.122605 42.794452 6.245475 157.876487 33.158241 105.716843
6.620278 13.239793 42.910475 18.098911 150.058107 25.094105 132.956022
6.272440 13.044909 42.634489 8.120513 24.633372 30.912652 99.682615
6.977888 12.800344 42.627162 11.284525 313.132725 70.113265 -101.441097
6.768911 12.803689 42.939718 6.854666 165.649400 52.592788 -132.235134
6.361830 13.029365 42.742981 9.068442 152.686098 42.567211 -47.653204
6.091237 13.205617 42.923583 12.986095 145.366551 31.643177 130.334531
6.674424 12.760681 42.878524 20.397659 317.669717 54.797735 -56.499450
6.034025 13.263457 42.813794 12.314108 311.899266 27.611478 97.907562
6.178173 13.263211 42.697268 5.679332 135.974713 66.520451 -27.348014
6.139610 13.143066 42.893097 9.210977 164.145238 39.286967 92.028290
6.339854 13.004747 42.671490 25.629929 60.067971 69.556173 -108.122736
6.724573 13.185409 43.007360 2.721365 179.122840 23.298254 76.842526
6.055325 13.150076 42.779006 11.853819 146.020768 35.522991 83.918205
6.073577 13.082637 42.822073 11.871080 351.473220 30.880617 -110.046070
7.114148 13.153708 42.721520 3.805590 280.839741 15.083576 -45.925985
6.811365 12.918125 42.794598 11.248688 10.237600 32.504339 -78.883550
6.236196 13.165960 42.769172 7.851234 141.344214 49.972053 -104.826396
6.672052 12.935560 42.745940 4.502237 334.441860 35.412392 -101.192708
6.689950 13.112196 42.788942 5.829989 177.725710 28.192626 96.357308
6.474555 13.141140 42.872657 11.510650 142.570034 44.194225 -122.708605
6.975962 13.356099 42.702588 5.627528 353.564946 52.755734 -55.299811
5.873661 13.036215 42.782580 12.434160 171.605218 52.954431 -84.035176
6.782421 12.884438 42.940856 7.156615 117.657836 44.138633 -67.677883
5.980079 13.102722 42.752522 11.366220 335.545344 29.560156 -103.352520
6.971269 12.499275 43.119529 7.383429 340.336181 29.261228 -65.749630
7.102292 13.257062 42.919880 20.357840 98.591778 58.584751 48.257651
6.416906 12.943226 42.883648 14.678867 82.038088 85.657922 139.094980
6.664095 13.030954 42.815296 11.978822 325.748583 30.130825 -99.082536
6.734398 12.815787 42.796722 10.822100 72.902871 31.070433 -77.188034
5.921840 13.158471 42.937501 9.282692 133.962121 41.138743 73.436232
6.299576 13.063114 42.894668 14.618196 154.709231 35.662327 96.191239
6.162341 13.121476 42.718725 9.042965 255.391332 53.811113 118.043690
6.335398 12.996413 42.743515 5.672697 169.700516 45.677336 -113.226923
6.298817 13.155996 42.814976 15.169114 222.628224 31.397110 65.251056
6.801994 13.180025 42.912083 20.828160 163.403970 30.915992 48.669920
6.518708 12.770605 42.868509 4.608862 167.702718 29.432009 -85.768778
6.401887 13.169633 42.968026 8.611189 305.476987 76.885687 -141.003148
6.492882 13.008052 42.859162 12.884739 178.684441 88.646008 147.563507
6.597950 13.115718 42.688061 14.086717 320.029707 18.378352 -40.173922
6.435482 13.019828 42.820217 11.062687 10.596172 44.234196 -48.526120
5.779303 13.151292 42.884820 11.877741 290.119850 59.406761 111.720460
6.498136 13.000398 42.779836 4.717063 142.268954 32.367826 -132.055397
7.571299 13.472173 43.304489 22.402954 157.209666 42.770614 134.517995
6.376125 13.273030 42.794006 4.946027 155.526458 39.072244 131.129084
6.147345 12.996675 42.785755 8.628220 325.935962 40.940568 -28.055995
5.935329 13.161816 42.809596 6.584272 242.884159 33.197221 -126.413566
6.071130 13.138361 42.857114 11.113141 164.119287 38.009991 62.673682
6.688599 13.135416 42.864971 18.845180 151.789629 33.481291 92.837184
5.929687 13.020592 42.821279 7.690679 120.656681 57.225626 -116.694255
6.298395 13.170088 42.853516 5.369608 73.314029 51.640577 25.037452
6.861508 12.891616 42.818462 4.975072 171.992016 51.272945 -69.995915
6.604094 13.146462 42.921604 10.628987 165.994555 40.459841 -61.349484
6.698117 13.236705 42.981948 8.367678 300.768848 44.188270 114.196384
5.916991 13.111511 42.895243 13.558898 359.706008 55.770860 -68.403837
6.840585 12.767005 42.752973 13.158905 143.875237 42.994168 -88.949644
6.646866 13.006091 42.781705 9.859207 135.909898 44.770748 -92.366462
6.823377 12.930598 42.757072 7.033824 135.422543 43.277522 -48.501021
6.054734 12.968207 42.863400 15.610167 333.512398 26.710530 -68.039413
6.469136 12.968475 42.897342 7.882321 186.820054 58.136371 86.448897
6.202569 12.971252 42.779100 10.949590 319.848643 29.273798 139.487448
6.304454 13.375282 42.825575 7.715503 140.167365 21.134222 80.446623
6.175755 13.129286 42.723741 8.625413 135.487519 30.415724 83.244724
6.520365 13.412059 43.148407 8.785561 80.064377 40.153413 -118.141920
7.091309 13.416047 43.172439 7.360525 208.541549 71.288774 -27.479423
6.281669 13.090981 42.969303 9.283977 135.952155 48.636407 -66.290878
6.389976 12.977368 42.928441 4.301940 319.009201 29.712094 -120.157255
7.025828 12.700389 42.552492 16.235440 122.928374 52.045115 -63.627053
6.115287 13.112274 42.855018 6.226823 19.321659 87.977586 83.311592
6.581852 12.889610 42.934063 9.180963 355.605288 50.837124 -77.074991
6.156253 12.995609 42.848506 13.856522 302.233997 29.341873 -73.496086
6.377862 13.107376 42.803443 6.365320 288.861275 39.730318 47.366227
6.332249 13.053921 42.809137 6.849855 343.762258 24.507181 -87.547925
6.283170 13.069847 42.806829 3.652260 175.645000 42.117353 -133.426423
6.426582 13.363107 42.767519 10.681420 178.955280 20.963879 69.629105
5.822626 13.191395 42.800684 8.586958 167.087710 52.177570 -107.461959
6.108194 13.098978 42.820708 3.146361 87.583345 82.416497 -163.790094
6.494051 12.926258 42.952871 6.941143 169.926078 29.841340 68.256061
6.725107 13.030221 42.582296 3.728387 334.871882 21.694013 -81.150817
6.389635 13.068856 42.721913 10.127678 281.035680 58.564304 -89.089337
6.938541 13.352313 42.723392 14.731746 154.730814 44.246422 -106.432613
6.791911 12.705490 42.779075 21.179237 175.381781 24.224649 -45.985414
6.755481 13.350491 42.868202 16.931307 146.299416 56.346555 -94.743426
6.257586 13.167182 42.905447 13.396467 166.178813 47.652146 -59.583633
6.646245 12.866978 42.684012 15.103132 168.985912 83.808948 -90.494305
6.546841 13.113926 42.684806 5.660438 149.045886 58.336783 -99.610370
5.926425 13.074743 42.912301 11.174472 166.531011 54.233151 -81.770277
6.027680 13.210988 42.858092 12.426957 152.021840 78.023216 169.375774
6.694066 13.373466 42.757560 9.718049 160.989982 20.431528 132.578068
6.153034 13.056588 42.728154 11.605251 150.938291 45.223996 -105.906578
6.666125 13.309011 42.915663 9.038060 176.138441 34.528905 67.787978
5.835087 13.145246 42.881997 9.777802 148.373010 24.952375 64.210965
6.553802 12.958444 42.828836 10.005703 328.841762 39.460398 -83.139462
6.855796 13.320863 42.920517 7.490923 170.345010 20.054174 132.479080
6.516084 13.434703 42.813386 6.514012 165.207326 33.277279 113.850712
6.263221 13.291595 42.843118 3.411666 172.625233 68.704672 -161.346278
6.452688 12.842466 42.834721 14.492791 148.407682 46.015485 -128.461586
6.599021 13.108200 42.865188 7.090310 148.383994 52.922144 -94.091109
6.387769 13.123580 42.773304 5.964043 140.767943 47.493868 -78.278043
6.710911 13.098734 42.924279 13.036748 154.919596 53.285103 -100.515009
5.997963 13.101539 42.830559 9.517859 154.862486 40.817075 -30.343072
6.873023 13.397383 43.043288 6.940209 289.732098 26.491990 109.980382
6.464903 13.282811 42.842788 15.539918 179.894032 28.320338 68.009800
6.956321 12.973868 42.566683 12.775711 343.176859 23.620642 -78.571015
6.961242 13.278177 42.734505 5.304197 330.439735 48.859247 -111.254364
6.132612 13.112429 42.740002 7.235782 156.478730 27.235947 87.716581
6.529985 13.174448 42.789230 9.315056 175.862403 54.011100 -99.201612
6.521365 13.105020 43.082161 8.908946 85.731435 68.114027 -163.113472
6.613317 13.305996 42.699553 12.560678 135.351794 26.085585 131.749083
6.498502 13.170828 42.995762 12.739179 168.830667 24.153253 143.453234
6.302111 13.132968 42.672010 6.302442 157.351325 21.993970 70.698192
6.408213 13.173891 42.816547 8.561192 136.116347 32.590500 45.580229
6.471472 13.227197 42.831876 10.220723 157.595379 35.177486 114.296301
6.045402 13.194411 42.784575 11.510415 167.979460 22.922833 102.751593
6.818766 12.622876 43.020296 12.165684 139.839958 17.184233 112.328407
6.080403 13.186692 42.851897 15.128017 10.612783 40.186145 -36.232952
6.268424 13.158298 42.811971 12.103085 163.658916 57.618436 -98.042584
6.409083 12.983571 42.958999 6.431981 174.172123 46.055346 -57.035112
6.028349 13.073220 42.772422 12.965662 179.383750 56.629567 -118.945653
6.231085 13.091445 42.877189 14.819465 176.563741 43.779671 -128.038372
6.789811 12.907184 42.647906 18.660401 332.431401 57.626925 -50.551418
5.827416 13.044240 42.873116 10.413012 158.894419 43.127298 -106.789410
6.251038 13.065495 42.849808 10.511099 335.332329 56.207024 -123.697577
6.655176 12.756963 42.871969 6.180749 333.170171 41.414756 -49.870566
6.625910 13.331816 42.937674 13.901996 21.016370 85.572170 27.440504
6.834631 12.899108 42.792737 15.981389 295.887453 63.701240 13.091541
6.170916 13.187957 42.914729 8.195494 149.810444 23.464341 98.595308
6.206331 13.103830 43.019398 10.799630 136.370908 38.371852 93.736804
6.613492 13.168036 42.940185 10.245147 166.787444 34.937033 83.342602
6.729010 13.267696 42.771005 17.241830 346.355230 74.674350 -125.983863
6.044333 12.946456 42.910289 10.393450 241.945640 56.090882 122.157075
6.513657 13.491414 42.892115 5.168302 173.227412 29.242697 131.817088
6.512726 12.933193 42.784454 3.840499 118.666171 56.401322 -118.487335
6.805219 13.236572 42.831746 10.659688 172.992010 20.044135 49.752127
6.849377 12.924876 42.770213 15.793611 344.022517 21.983626 -70.482686
6.387790 13.115338 42.758023 8.486242 196.695232 41.491229 -103.636462
6.244489 13.343863 42.766039 20.253521 140.562186 32.195374 120.654903
6.406898 13.011160 42.743875 9.833484 303.986027 58.031784 50.832129
6.686091 12.743499 42.816390 15.177069 329.427082 35.696817 -89.436611
6.681940 13.198900 42.682452 4.978680 164.921730 28.132581 86.741636
6.245542 13.104389 42.811803 5.740335 305.042915 46.974483 -83.814002
6.109626 13.063215 42.868261 8.788169 83.774994 80.941637 -151.981742
6.275366 13.020247 42.775411 7.736587 153.629927 40.318391 -100.072426
6.658498 12.995252 42.866457 4.025351 160.438302 45.630475 -101.945026
6.374452 13.181471 42.799173 9.100888 321.400350 59.315065 -89.438791
6.586296 13.150828 42.921668 11.602019 244.685465 37.450230 82.420368
6.145054 13.040135 42.955176 7.371508 119.571489 75.731878 142.875382
6.855995 13.022692 43.225926 12.459435 310.718939 28.306855 127.397451
6.189956 12.971217 42.848107 3.073025 205.190009 46.320797 -86.452993
6.207310 13.198750 42.859598 9.531552 267.621867 40.443001 7.612004
6.220540 13.091453 42.808977 10.750834 112.877026 40.363050 -77.842223
6.454576 13.006580 42.735823 21.613554 209.453716 47.358668 65.735553
6.853469 13.240136 42.944787 13.993439 91.326440 45.250127 -108.246128
7.011977 13.133171 42.615118 15.037861 255.950794 79.080381 14.360851
6.171689 13.051691 42.756569 9.673749 284.621078 36.313237 -72.221992
6.218299 12.939521 42.934208 3.832662 166.919030 51.731137 -61.784925
7.217852 13.232177 42.754195 7.395661 126.252202 56.386987 -68.165889
6.837711 12.825097 42.693998 5.188362 136.706817 50.796552 -128.210280
7.070471 13.149542 42.281409 10.631347 97.338419 32.740888 -75.244508
6.398980 13.222433 42.858460 7.665421 97.632842 57.498652 -114.821601
6.920093 13.446505 42.745590 11.596652 176.093855 26.067351 111.928855
6.613128 12.663532 42.833362 4.243044 330.642175 35.075848 -47.596376
6.730373 13.083594 43.027947 2.693454 141.768974 22.636899 67.915712
6.686528 13.039902 42.909685 8.264263 343.463344 48.309741 -94.765053
6.585435 13.065986 42.838106 4.177382 168.121286 58.898110 -50.991587
6.982412 12.670844 42.396723 18.325489 321.871485 52.518500 72.271033
6.433702 13.268420 42.686334 17.748831 350.738514 40.168003 -109.117412
6.256211 13.047042 42.921297 16.393195 147.382469 46.730974 -61.087766
6.076273 13.107427 42.955739 8.168868 287.300414 26.973559 -104.675956
6.571667 12.922279 42.920979 29.989693 170.735459 82.036386 40.593204
7.025789 12.897781 42.934055 6.118167 160.995376 56.240668 -61.058339
6.583847 13.241839 42.787359 6.081390 166.086927 47.553850 -127.218058
6.430129 13.068301 43.048219 7.792305 171.408127 84.603323 -177.802317
6.283139 13.008474 43.005517 8.416104 135.793859 49.307069 -45.392766
6.699280 13.054014 42.688784 4.793806 317.573342 24.266802 -52.970401
6.584481 12.849547 42.773069 7.916025 248.930617 46.628190 88.798419
6.404627 13.290309 42.884345 9.379516 333.423723 29.590309 -19.403907
6.374869 13.266409 42.870939 20.199272 137.116430 37.941922 57.522713
6.862554 13.264439 42.885613 8.440685 29.976405 54.724571 59.507222
6.590509 13.007805 42.770217 10.251566 155.691798 47.536061 -73.065244
6.292895 13.055348 43.043979 7.323130 63.632909 86.293685 -167.876836
6.320422 13.112751 42.801440 16.413949 69.492323 61.854293 -148.097288
6.198087 13.198240 42.971939 7.777323 173.991097 39.746566 81.700250
6.433904 12.976286 42.690180 9.318656 328.439978 26.261225 -62.866222
6.573850 12.982766 42.909010 12.434352 99.886158 87.410920 155.781154
6.847326 13.451282 42.940548 4.347284 150.831257 25.178429 72.424618
7.156556 13.436152 42.407494 9.863057 105.907894 43.883423 -45.449516
6.955082 13.162485 42.988953 5.840285 107.191788 44.642532 -106.584517
6.604056 13.185538 42.776348 9.050253 159.277946 44.278375 -103.652515
6.967276 13.557603 42.777683 3.533722 147.338252 25.882693 58.410844
6.854919 13.070899 42.740384 11.850858 132.067715 70.624102 -100.609685
6.459953 13.072242 43.033510 14.407964 159.185472 48.072209 -56.606207
6.270778 13.235791 42.811806 13.490919 166.848433 41.212798 -97.719035
6.830019 12.330356 42.972578 5.373259 290.065961 62.869288 -53.363354
6.465705 12.879868 42.812911 16.541047 336.685031 22.415713 -105.337195
6.536295 13.322002 42.796691 8.685170 143.826816 24.800727 130.407712
7.279058 12.296534 42.048576 9.282666 17.943914 83.523946 -144.569253
6.599225 13.478849 42.591891 13.744074 159.165287 55.243244 -91.183367
6.384581 13.173279 43.024277 4.379095 174.514724 30.826419 134.608019
6.193170 13.236278 42.929237 13.488810 165.897374 30.857833 57.911859
6.617420 12.928532 42.752729 4.857002 115.875410 82.351570 152.067684
6.262925 13.097567 42.810439 8.523773 86.897655 64.965993 154.402541
6.494760 13.062527 42.826005 4.352631 83.383289 28.471015 -179.828999
6.364888 12.972418 42.830789 21.624632 94.658632 30.604215 -46.196320
6.147273 13.267512 42.812868 10.096433 224.739737 58.990716 38.241470
6.079809 13.021718 42.834990 6.758339 252.083014 23.820092 142.508443
6.136502 13.152434 42.821202 6.761735 132.905855 40.109537 -133.836297
6.569077 13.220545 42.782071 7.695040 298.199515 79.571778 -98.995002
6.900930 13.207596 42.325783 11.564201 52.181274 88.954560 -28.748668
6.334382 13.159053 42.796500 8.404585 152.760952 20.163461 120.476567
6.072254 12.982045 42.784420 9.214751 151.761361 55.479848 -121.929669
6.712291 13.302768 43.130589 15.045814 173.984100 46.976826 122.589452
6.051801 13.230597 42.802152 9.029353 175.813764 36.611722 83.925367
6.576145 13.087492 42.533278 6.503565 179.231119 44.638128 -71.123423
6.627096 13.256671 42.781573 10.516298 344.514500 56.044770 -59.420714
6.868703 13.345761 43.006988 3.909581 176.615173 34.493638 91.378147
6.089368 13.283183 42.872091 15.007500 299.837664 17.905531 12.357768
6.024704 13.075808 42.627567 16.093893 151.895244 50.355626 -76.483368
6.843317 13.159133 42.671751 11.938852 156.520165 32.231756 124.024105
6.382737 13.037229 42.795969 3.816714 347.018989 73.596585 -118.424620
6.700972 13.192410 42.833555 11.716538 209.640931 45.600125 -177.479803
6.067533 12.983472 42.838882 13.403281 333.791093 43.806730 32.969950
6.135799 13.081950 42.841597 2.761250 36.551434 45.174192 76.805769
7.015313 13.724752 43.416160 15.606757 240.851784 48.567478 117.066113
7.008374 13.254314 42.557976 10.716736 119.596307 80.083828 12.525205
6.339225 12.906744 42.800350 15.356030 159.145680 46.574009 -103.461137
6.395433 12.992329 42.779926 10.347978 168.593984 44.646859 -93.004983
6.709456 12.887569 42.885605 13.791432 79.206440 18.486027 87.253416
6.715014 13.006197 42.719698 17.243543 151.280060 12.661377 171.644613
6.601343 13.171654 42.676778 5.237129 236.859233 37.213296 -178.096744
6.389588 13.024023 42.921132 8.550023 154.708980 59.363166 -128.370363
6.887834 13.087924 42.440679 14.140838 91.003829 82.880536 -33.120662
6.396601 13.024905 42.936189 6.838145 166.240227 52.003428 -73.968202
6.367959 12.976018 42.738548 12.941057 176.309472 50.463539 -70.949612
5.864435 13.187503 42.897043 10.404395 153.565728 33.693907 58.943562
5.644973 13.171208 42.770499 9.461296 321.877349 23.986659 -82.272971
6.483494 13.308523 42.851747 10.167873 150.835405 45.165113 -86.771475
6.199827 12.962182 42.907505 11.717359 253.595984 41.318074 -55.507180
6.641573 13.338570 42.679344 7.028113 162.597825 32.097554 94.783021
6.682625 13.349156 42.719290 20.832426 162.830762 30.462686 86.831780
6.240913 13.027867 42.845325 3.373608 128.327021 58.956072 -90.930979
6.416642 12.892693 42.962572 7.579169 168.741216 48.314083 -59.907085
6.782133 13.118066 42.883973 4.157699 144.031497 42.767202 -52.719394
6.414266 13.199074 42.946804 11.037986 163.578756 57.598381 84.398556
6.375811 12.962113 42.716370 5.950799 353.555263 45.938430 -116.077910
6.133477 13.084833 42.824440 13.657367 68.812260 53.084946 -74.367098
6.388307 13.084096 42.825247 18.892850 265.752751 45.174513 138.667641
6.621543 13.347591 42.867844 3.811447 142.323888 33.669195 -116.699348
6.755305 13.224956 42.915528 12.457147 171.529438 30.592167 51.953036
6.819925 12.968998 42.707169 7.354236 338.730578 57.317831 -70.212163
6.730566 13.161830 42.793374 10.020544 152.204089 54.429397 -103.499211
6.842297 13.560589 42.718863 11.874027 90.315042 88.562247 -31.824745
6.729972 12.755148 42.846327 13.950232 332.868441 25.518331 -105.538804
6.885430 13.719931 43.119309 19.906712 23.016699 43.358936 132.360376
6.398584 13.346942 42.658392 3.726387 108.970143 65.747935 -49.518216
5.934734 13.050221 42.790131 4.425823 316.815480 45.577053 -91.903532
6.341655 12.926090 42.874389 11.162000 47.808250 61.362141 -2.264814
6.770550 13.093421 43.022415 15.178658 316.303784 46.348419 -73.597374
6.264428 13.115182 42.755596 14.837578 314.452711 36.463033 -85.675951
7.202019 12.833257 42.622687 18.073629 282.452765 31.383756 -115.239679
6.207839 13.052009 42.781772 9.095089 327.467494 33.950417 -101.455485
7.425105 12.164410 43.260066 10.411623 112.600638 72.614023 -1.094059
6.656231 13.059591 42.764329 17.546641 324.275415 32.424723 -118.367999
6.847064 13.342782 42.905016 6.398253 178.620245 89.802843 55.577667
6.096824 13.107760 42.844969 11.675022 169.674168 50.739437 -87.573101
6.423394 13.159464 42.861207 6.209848 259.850062 39.136833 -117.182553
6.313336 13.181801 42.673427 7.376756 318.478787 45.351255 -57.463442
6.769823 12.779914 42.873452 21.324577 339.618812 24.691776 -124.652538
5.932276 13.071915 42.864173 9.642784 204.331473 60.806725 -155.855615
6.386348 13.109753 42.894882 9.641780 164.375314 57.719637 -63.755615
6.582411 13.274773 42.719529 6.908535 154.514270 21.405347 124.199198
6.626893 13.462938 43.024426 9.825968 171.845455 51.397672 64.866510
6.744474 13.088781 42.864445 7.267097 113.321357 45.676900 -152.699878
6.300399 13.144021 42.746235 9.134111 170.030530 28.763304 111.105115
6.086214 13.131851 42.825930 13.071599 186.292315 31.552723 -64.650190
6.497792 12.836842 42.989101 11.103260 163.000023 33.714416 -77.442481
6.605561 12.680796 42.658677 7.270851 346.659972 20.511246 -58.400135
6.806949 13.081038 42.840778 14.911305 343.509092 31.774036 -81.933697
6.531542 12.999713 42.964600 15.768594 312.281237 51.317828 -88.873632
6.436317 13.234086 42.834576 4.560887 141.930236 26.885969 96.144856
6.011574 13.169039 42.876052 13.758622 165.146152 40.304037 -129.575643
6.886458 13.073576 42.995079 15.126584 151.888591 30.044834 81.505305
6.395277 13.008292 42.918188 7.213823 161.741111 40.022706 -55.845049
6.569386 12.874681 42.721272 9.370294 116.715110 59.659327 -99.141261
6.599466 13.273687 42.875870 10.713830 173.957601 48.711238 -132.260673
6.118015 13.282097 42.825364 8.718369 169.430607 83.942076 131.470580
6.012804 13.115615 42.845349 9.239599 337.088552 52.084400 -70.983958
6.786166 13.258328 42.674267 5.323991 334.418950 48.096482 -90.705586
6.121331 13.287274 42.892008 9.365723 293.486109 51.036550 113.656718
6.455544 12.811141 42.982955 5.792017 140.036703 56.891999 -127.535252
6.266329 13.157825 42.825033 2.725600 151.946084 42.219885 -99.213965
6.607813 13.104438 42.895801 9.834275 115.393602 72.382044 158.605374
6.825677 12.989403 43.065360 12.152250 165.052752 47.663518 -96.839865
6.498791 13.117719 42.986398 4.926219 157.409946 48.325769 -133.679283
6.658560 12.639370 42.707408 21.935768 354.688313 51.432270 -75.420156
7.066664 12.394687 43.464342 17.857950 351.056635 45.406648 -132.269577
6.384914 13.153485 42.926977 14.168621 307.311904 68.262087 17.192067
6.793614 12.827474 42.913974 15.680563 315.308679 51.134393 133.313934
6.613579 13.267776 42.865546 10.584075 145.365690 27.440092 81.086364
6.682535 13.162029 42.733546 17.660411 142.568776 47.805117 -63.051464
6.333679 13.165254 42.662292 19.258073 159.772198 28.365786 -121.101565
6.378082 13.244930 42.886528 12.906279 175.757343 55.271701 -116.725186
6.681175 12.702973 42.924089 8.711957 103.746938 34.342845 93.050413
5.686356 13.016608 42.856956 15.910111 106.585711 24.048358 83.446486
6.481240 13.043815 42.925585 8.833508 166.816657 27.078055 54.950225
6.449984 13.327265 42.955525 18.472222 4.313258 35.211301 52.930370
6.947391 12.997425 42.732907 14.419181 66.050758 87.160393 -138.022712
6.735040 13.441575 42.737965 6.377295 161.807676 35.315003 97.136400
6.618980 12.939370 42.838183 20.718561 328.305110 23.475625 -81.531041
6.942563 12.914155 42.987590 7.263705 142.840897 54.091903 -72.544075
6.669342 13.268699 42.824678 3.414584 353.814398 27.494245 92.696046
6.385710 13.045610 42.865542 9.366938 102.007044 55.784631 -92.007438
6.184695 13.068904 42.913613 14.484319 336.303014 26.571416 -103.618081
6.421762 13.183171 42.905012 7.811251 84.266639 72.052842 -58.027472
6.639622 13.433095 42.918172 12.171045 139.968111 25.596722 93.679610
6.304878 13.010912 43.003094 4.030968 114.644399 40.752284 -66.455077
6.712639 13.339189 42.958526 15.488349 165.926213 67.445803 -175.771912
6.307369 12.997531 42.728983 14.934530 142.782666 50.929212 -70.717571
6.393128 13.102485 42.730650 11.612411 336.981463 20.102274 -93.516243
6.225227 13.145014 42.834118 13.633264 158.324344 48.389133 -88.831642
6.771362 13.257160 42.608644 4.719904 7.835465 54.085877 -45.880686
6.846360 13.233569 42.717095 15.045455 157.631634 38.387698 49.322807
6.507158 13.315256 42.808621 17.431198 171.392180 62.219985 -118.027252
6.341698 12.977074 42.814834 27.324483 173.244605 40.465810 -71.305787
6.501541 13.011069 42.812092 12.271910 344.542775 29.047449 -85.668972
7.011852 13.268852 42.906229 5.002012 155.724689 41.344802 126.714279
6.618821 12.906503 42.890690 10.768134 90.622303 54.652915 -120.869487
6.618656 13.096236 42.822567 11.878727 122.914817 89.130946 154.972524
6.276157 13.017071 42.840386 14.326851 147.675548 47.267772 -47.876630
6.342176 13.218950 42.756463 7.972001 136.756107 52.921454 -115.626489
6.718861 13.206695 43.021783 12.561423 155.265195 20.075786 116.753353
6.241958 13.272829 42.884711 8.112532 141.399150 41.322769 -67.488481
6.328320 13.210691 42.725409 9.041752 0.273095 59.796337 39.235089
6.798553 13.171328 42.850509 11.783142 141.722189 41.013014 -96.436571
6.322256 12.969056 42.773631 1.987165 344.221569 21.127612 -95.410742
7.043318 13.347883 42.848888 6.691849 334.788129 64.971099 -81.735187
6.005609 13.075362 42.920917 12.317452 316.924634 50.447293 -105.731932
6.184225 13.038976 43.019526 15.197019 146.617938 33.711864 106.939449
6.132717 13.033589 42.888845 8.209772 206.589555 32.935175 -85.424672
6.047941 13.161574 42.876396 13.277013 172.706345 25.537700 62.921005
6.696338 13.204611 42.821441 11.549386 0.059976 84.294321 -164.324110
7.125050 13.598515 43.208961 16.780964 151.196376 57.350087 83.209712
6.828806 13.296751 42.616600 9.033643 164.990465 43.423376 -49.526636
6.478257 12.976013 42.852688 5.348344 315.674735 28.760028 -128.752176
6.696651 13.152742 43.060039 10.963073 273.897017 74.187896 -6.886802
6.180279 13.062947 42.811888 2.166093 33.007945 19.260051 110.643786
5.935018 13.150088 42.845192 22.287939 344.210544 77.776978 -108.396804
6.373602 13.066475 42.665281 14.199947 164.444435 50.550285 -126.658214
6.058547 13.309883 42.784784 9.538633 228.161046 53.706786 100.777149
6.125195 13.029866 42.874072 11.916466 72.240188 44.098421 -80.604649
5.574274 13.137218 42.883822 7.568225 156.164462 50.318617 -89.811070
6.080974 12.966334 42.673738 11.943948 199.818497 56.121424 -74.550950
6.234237 13.243719 42.929320 3.428285 275.801786 75.924051 -144.390343
6.149473 13.123510 42.990166 20.412954 177.677559 45.134993 -86.404765
6.341389 13.364163 42.833667 8.093671 351.295115 36.178281 -48.546953
6.770084 12.989426 42.839196 8.931972 320.912835 27.672542 -90.501004
6.842192 12.879087 42.912422 7.711902 64.195662 87.422275 -8.658641
6.429867 12.978378 42.924310 8.050500 170.770921 46.695014 114.467884
6.815425 13.176809 42.718820 16.877139 180.612249 74.551400 -142.333896
5.509536 13.040270 42.801102 15.065549 125.132845 46.466113 -97.668694
6.216546 13.235738 42.806148 22.596820 54.990114 17.585866 82.809198
6.908212 13.079296 43.057258 10.779824 240.127259 44.329714 -107.798248
6.177392 13.013494 42.738016 8.287859 333.524486 58.691789 11.276349
5.774678 13.004066 42.867135 8.606533 165.643466 42.052681 -47.248462
6.351001 13.138693 42.778836 22.386369 135.178842 52.774960 -83.986175
6.973380 12.836552 42.819720 16.714088 58.929537 74.415265 -121.310877
6.703682 13.040354 42.951182 7.667137 311.272873 27.049854 -123.569155
6.426784 13.301220 42.924336 13.317996 153.855811 26.061175 72.002854
6.624451 12.996348 42.810907 17.321314 338.933667 33.343032 -124.909416
6.410629 13.230767 42.878324 13.308351 32.383497 43.030862 -82.250921
6.675131 13.308491 43.151843 13.103004 156.922024 22.844688 99.448332
6.689182 13.147891 42.773463 13.416539 173.449378 20.589518 -45.589995
7.102999 13.137870 42.507386 12.248714 295.520744 32.002875 101.937223
6.313591 13.117349 42.858027 16.057921 151.869199 56.725105 -56.972588
6.401146 12.972845 42.823696 6.396818 140.373502 52.076660 -49.992268
6.593558 13.104482 42.764278 12.937336 154.506536 54.831501 -63.936949
6.586761 13.147666 42.761006 12.725937 152.418559 36.678151 63.068774
6.889550 13.193217 42.793207 5.267007 143.379087 33.794492 89.399911
6.561541 13.213327 42.837166 11.483261 161.394508 51.356366 -49.870249
5.935671 13.071650 42.702097 3.859315 101.309481 53.945753 80.332072
5.894556 13.089219 42.768289 5.233527 148.477254 44.631620 -60.926329
5.929530 13.162965 42.808933 6.002791 335.256335 45.728226 -56.689883
6.277380 13.070955 42.682957 12.183240 173.217221 47.552868 -68.442347
6.154474 13.219618 42.791539 9.579113 157.292917 48.562526 -79.371173
6.721776 13.230213 42.765224 8.908235 208.050462 79.988598 160.748298
5.856420 13.019309 42.888493 4.878235 150.521322 43.860365 -121.596192
6.430575 13.404504 42.737185 8.974795 165.482099 37.896413 -48.102450
6.907548 13.467136 42.577379 17.184617 178.861354 37.786226 73.940161
6.556071 13.128367 42.906393 6.092442 165.956391 40.755946 -78.381723
6.615391 13.236470 42.992164 9.817494 308.245653 17.006008 27.164996
6.333408 12.959575 42.861443 13.919547 96.943286 63.406176 170.168642
6.502944 12.949806 42.734318 12.029680 156.328934 50.086677 -68.443869
6.762984 13.053186 42.949914 6.299951 125.398874 44.610542 166.201344
6.969969 13.029021 43.137070 20.900204 39.184913 89.940851 -38.480337
6.874962 12.927561 42.970506 7.038392 165.853707 43.069637 -119.847896
5.996731 13.156477 42.833521 5.434355 29.319241 44.107455 -115.746808
6.376278 13.013865 42.888093 19.137465 149.161525 42.049470 -89.950173
6.351887 13.174910 42.876077 7.167237 162.078837 34.746921 45.429006
6.702501 13.114189 43.022815 9.233840 292.305799 47.039772 92.744256
6.880554 13.078338 43.110014 10.775643 136.603235 58.840097 97.984785
6.841365 12.782189 42.468267 8.700159 145.227703 59.421352 -60.602447
6.446817 12.873199 42.698117 10.936636 345.935677 25.147583 -80.701178
6.493731 13.175615 42.822977 16.287575 90.510567 63.481387 -179.437706
6.292086 13.050982 42.727893 10.887855 321.968887 33.870053 -130.325755
6.975204 13.000228 43.329098 11.876143 322.102859 79.295802 160.759483
6.426095 13.076967 42.717443 13.563038 173.134678 40.862518 -45.823039
6.293591 12.977968 42.904603 7.762673 144.491533 50.679636 -84.620339
6.605257 13.052973 42.826534 18.386169 146.369121 52.764866 -82.725594
6.910174 13.302847 42.909556 4.456051 140.354121 25.321267 65.338008
6.656033 13.077955 42.810745 15.852955 122.146105 42.990843 -116.574328
6.511211 12.977587 42.972089 11.986821 160.735116 32.428923 85.403939
6.626341 13.051255 43.023822 5.640130 275.248283 51.434561 108.838354
6.756846 12.850020 42.978063 3.577000 143.565960 34.786433 96.314266
6.618091 13.336347 42.816510 5.032117 314.261275 33.422492 -140.977691
5.801728 13.143642 42.814050 15.976959 233.798548 52.864614 121.604220
6.373754 12.889847 42.886760 20.930975 327.714051 72.244219 -109.267281
6.649796 13.170812 42.765972 11.196476 324.209658 65.100682 -57.242960
6.496289 12.885175 42.907485 4.148733 150.706728 32.607201 111.628294
6.038557 13.038962 42.826289 8.893369 135.506528 59.294431 -58.189145
6.200468 13.225374 42.874843 5.543851 144.485750 54.077650 -56.432173
6.140473 13.138877 42.800703 19.343794 178.732715 29.535768 111.050752
6.364683 13.083863 42.722139 9.119387 318.435555 48.678177 -52.580291
6.161475 13.237300 42.844202 12.127689 144.212232 40.586770 -97.527488
6.273918 13.061609 42.853965 13.985881 6.078702 77.953954 -120.093190
6.161638 13.161888 42.854767 9.588912 162.177938 53.689895 -67.984290
6.722807 12.942226 42.789996 14.338722 342.639618 35.986081 -130.871958
6.645070 13.105672 42.776021 13.635884 250.951885 36.346635 144.478698
6.274375 13.312718 42.931965 14.043323 144.820193 22.595279 99.932185
6.589522 13.302133 42.747922 8.354457 135.412088 20.633569 128.466017
6.395226 13.090213 42.920153 9.865600 348.452011 31.014394 -117.449052
6.157695 13.330116 42.768689 10.168914 160.263056 21.153053 68.162872
6.661544 13.319358 42.706483 14.262391 31.333258 21.810643 -65.531557
7.081067 13.228940 42.833060 17.538473 323.683266 15.885558 -51.229637
6.384964 13.125044 42.899066 10.034817 165.638608 58.814146 -61.261836
6.704862 13.069183 42.588715 11.203660 163.366182 41.283354 127.041100
6.652360 13.065928 42.970571 19.141102 337.055630 23.500573 76.118542
5.986068 13.085157 42.778375 9.111144 158.749430 55.691092 -73.920089
6.528590 13.245953 42.839837 14.406872 164.806840 47.866183 -86.342023
6.958682 13.302712 42.566488 15.128520 118.845016 45.593730 -120.184336
6.502871 13.121607 42.848573 13.185142 171.491192 59.525635 -72.804809
6.745587 13.277582 42.573086 21.237167 211.202613 56.936621 -73.528256
6.596676 13.100380 43.044770 14.506010 157.652833 28.719762 73.088263
6.718110 12.880964 42.964989 15.176051 19.088466 54.729433 -66.557996
6.038795 13.143716 42.811333 12.255926 348.065062 69.059773 -80.589751
6.833025 13.461880 42.707978 3.832221 141.415634 35.055692 93.333619
6.767068 13.626238 42.909115 14.575101 292.798831 43.801794 57.331616
6.686643 13.307244 42.587048 8.471378 289.396459 39.282715 -107.581465
6.648249 13.512670 42.931017 6.541367 308.056361 41.205946 112.271234
6.542518 13.070403 42.847510 6.598840 195.774831 67.130821 -124.456702
6.536242 13.355342 42.915450 13.084008 145.051010 22.098798 127.928685
6.586511 13.166374 43.044320 6.393302 312.740357 36.608387 95.509687
6.959555 13.541590 42.923700 5.035958 239.974395 45.034739 124.833877
6.674004 13.018024 42.898508 7.230151 166.492768 45.967679 -96.306799
6.013898 13.091087 42.763575 14.553441 184.985307 47.674266 124.219802
6.678936 13.271154 42.709636 10.823949 209.002003 51.738673 84.422722
6.860079 13.102975 42.977802 12.152281 176.869245 45.686060 -81.383252
6.208637 13.239432 42.754349 8.126924 152.058350 23.993673 97.476619
6.066479 13.048349 42.705969 3.806593 201.111626 46.648076 90.304165
6.741246 12.881712 42.738810 3.859580 241.054755 24.724735 148.708580
6.836782 13.604665 42.464176 10.157643 89.644751 88.402344 146.346487
6.169999 13.101537 42.834695 15.024184 78.473929 18.828655 95.415114
6.887794 13.318356 42.913004 15.146359 70.901644 56.315356 -45.755578
6.753450 13.110812 42.711209 16.513196 153.418319 28.026899 66.695030
6.995348 12.638811 42.650729 20.293540 166.311765 32.962032 -97.067627
6.234326 13.111372 42.816960 11.820975 148.678494 22.384930 79.296348
6.002448 13.123833 42.854545 9.095574 151.584767 53.418101 -103.876358
6.881523 13.303186 42.591864 5.588916 143.280362 48.671229 -57.083103
6.642600 13.005995 42.761754 7.223446 177.881749 53.638628 -104.660256
6.712504 13.164507 42.582741 9.501457 266.815150 38.411457 98.025842
6.534627 13.063181 42.931643 3.266840 168.318278 40.403480 -130.363390
6.544282 12.952733 42.950535 18.430072 220.776533 70.299729 -148.693679
6.314266 13.106550 42.775199 6.606481 317.596273 51.477194 -73.933026
6.685990 13.197434 42.606649 5.984233 289.931027 20.287384 -117.492102
6.669719 13.085354 42.779102 13.436092 13.029177 50.902227 -92.037114
6.833214 12.641815 42.785560 19.838418 340.706174 31.049897 -83.746026
6.578697 13.179398 42.813976 16.335564 169.041290 47.133838 -127.928958
6.087065 13.040373 43.049096 12.753684 23.354915 53.237450 171.405999
6.531672 13.142029 42.889912 5.292536 162.283834 36.246391 126.852941
5.942946 13.048945 42.857320 12.366428 154.344505 57.905097 -46.875410
6.098164 13.093596 42.928102 10.472937 167.809081 48.292024 -59.234876
6.535536 13.235167 42.882487 5.406331 176.778097 83.887945 143.716425
6.415483 13.010693 42.794425 6.177091 44.569335 47.138367 97.535674
6.053279 13.147341 42.885503 6.456166 153.361086 31.031218 121.806698
6.129068 13.262193 42.816774 7.187554 304.403306 47.622487 -67.538480
6.306389 12.933743 42.773478 8.333663 178.184253 40.803400 -95.617378
6.450507 13.142103 42.866691 14.533246 65.942687 58.044671 138.935221
5.895681 13.195942 42.794001 8.660386 304.126986 29.209248 -113.557905
6.538240 13.265673 42.885495 5.524018 145.331906 28.333723 72.379845
6.696362 13.114781 42.833395 6.744049 148.237198 31.075671 79.547571
6.438906 13.355655 42.783813 8.719986 150.514895 51.808214 -63.393047
5.979313 13.057738 42.797871 11.042991 311.458328 53.699588 74.767091
6.194176 13.167097 42.782817 8.364835 176.532967 37.987401 112.763244
7.160889 13.409369 42.508286 16.569851 157.989105 21.282157 113.682963
5.931323 12.996684 42.885763 12.293488 97.523717 49.298604 -122.573356
6.805695 12.694905 42.840365 16.401664 354.420377 22.011004 -117.257392
6.210063 13.131320 42.801067 16.864137 320.162994 56.680108 -164.449445
6.507564 13.315229 42.923711 9.830164 168.988302 29.720771 80.909809
6.454454 12.946055 42.737103 6.287709 150.468317 53.339480 -105.531402
6.544949 13.070005 42.796827 12.070970 177.576633 40.263178 -114.215387
6.301898 13.171938 42.875775 12.395863 345.860269 79.874035 -68.767385
6.513193 13.073937 42.775756 11.616790 184.175992 44.786043 -16.361035
6.743670 13.070300 42.897322 5.260675 151.970584 59.558870 -52.801194
6.907913 13.138837 42.330878 15.395248 13.288593 70.137264 74.272543
6.783360 13.553045 43.016901 5.727165 173.765550 48.567900 125.804554
6.769619 12.982253 42.995849 7.399757 149.841557 38.276583 85.024426
6.335319 12.999205 43.071741 17.580281 338.353688 21.278875 -132.465740
6.787472 13.312932 42.722780 11.788228 82.435509 38.862357 76.067242
6.650341 13.224341 42.900190 14.004627 94.349633 53.098421 151.959831
6.388160 13.466699 42.966874 9.548766 51.090808 53.819816 -34.555909
7.031546 13.424794 42.585843 18.343822 122.227076 65.779918 -161.832149
6.407510 13.027505 42.784100 16.428510 339.943348 40.512662 -113.251064
6.439088 13.117825 42.780099 6.286800 267.299407 57.041757 97.858221
7.170962 13.197837 42.424315 23.086638 99.628676 47.219543 -80.869076
6.246192 13.023080 42.857745 11.028393 335.679297 33.610484 -111.053210
6.528380 13.174710 42.943814 5.242841 135.494046 34.500794 92.705296
6.385747 13.392122 42.683921 13.152057 58.248876 51.891265 -70.540151
6.230778 12.969248 43.024553 8.311034 270.314534 57.284743 52.329426
6.490669 13.092920 42.917564 8.871463 141.870006 50.096743 -71.802734
6.422616 13.296288 42.820890 15.097554 155.957741 89.825599 9.811851
6.563435 13.386015 42.661659 14.022075 346.556640 51.765471 52.798924
6.107107 13.107923 42.674225 12.421693 315.921768 55.610170 26.856998
6.749191 13.010689 42.808182 14.398965 154.566944 58.943671 -108.400526
6.553333 12.910365 42.837946 7.007211 137.768500 52.562360 -55.137160
6.488425 13.139690 42.850277 14.293899 152.132117 35.355107 79.022065
6.769127 13.167457 42.841228 15.217858 142.255484 20.895926 54.222773
6.827989 13.377036 42.572504 15.675637 90.099280 63.662879 166.086800
6.330571 13.147049 42.910510 3.412724 339.887228 35.038983 47.396891
6.340214 13.051740 42.917926 12.499947 152.399252 44.198212 -53.636631
6.537933 13.057391 42.608331 9.799501 354.163935 29.373685 -56.274726
6.812015 12.896249 42.759858 16.497042 201.110491 56.476997 37.759646
6.013217 13.079387 42.900870 4.833728 164.180758 51.807521 -77.889671
6.231615 13.136350 42.765876 10.771825 156.119448 56.850065 -129.309796
6.765038 12.904994 42.875481 4.849166 309.201296 57.582457 -61.790947
6.658150 13.059353 42.726946 11.852890 178.935291 47.145963 -94.287350
6.524862 12.859892 42.948725 12.536569 35.321969 51.764696 74.902989
6.910822 12.984626 42.822204 11.319698 137.001566 52.127586 -46.750743
6.918756 13.038673 43.249306 12.617398 139.359218 23.059081 55.943794
6.751945 13.359337 43.053595 7.476539 167.240093 27.324495 102.959290
6.028904 13.045136 42.966580 8.325862 148.313321 41.796559 -52.585496
6.293718 13.305647 42.821539 8.198256 179.224777 54.288105 -99.870424
6.736851 13.057823 42.675370 12.359091 138.516039 17.690939 -111.789405
6.624971 13.451191 42.712930 9.417295 172.405591 20.447343 119.697541
6.589609 12.791516 42.598371 5.835081 325.518610 26.947146 -63.286425
6.267923 13.038382 42.914672 10.609928 174.509227 37.185629 56.516013
6.692486 13.561899 42.720484 12.691676 304.587867 66.163860 -166.959730
5.882334 13.195388 42.808342 9.840105 160.021051 42.320324 -100.330696
6.484873 13.410590 42.667848 12.262227 355.884389 45.781604 -63.413474
6.525779 13.304022 42.774489 7.923835 98.328499 88.986822 57.143082
6.411738 13.016252 42.798908 5.452644 168.014830 53.690815 -171.749864
6.657158 13.266951 42.693544 4.269094 172.405904 54.268171 -58.974981
6.537513 13.140120 42.680732 5.619643 131.319456 75.760369 -78.283522
6.773974 13.421422 43.184889 8.843599 308.017798 51.350064 49.523370
6.471915 13.060541 42.831084 3.086530 309.255907 34.400920 -110.584858
6.659302 13.135950 42.813733 20.462311 156.522196 27.166404 -124.196714
6.914342 13.368420 42.798214 18.162496 151.288667 34.699498 89.858320
6.187115 12.981817 42.840868 8.948347 141.388413 47.137917 -99.112472
6.358401 13.186509 42.856764 19.058132 154.177667 46.431572 -129.514346
6.718777 13.390239 42.689298 20.898943 169.795657 33.766331 96.901995
6.592941 12.856629 42.871349 9.478039 21.027212 33.915043 -63.575870
6.891209 12.963911 42.690296 6.628645 331.051595 25.192202 -103.410502
6.023116 13.134421 42.800283 8.547328 138.026963 39.247044 49.082243
6.142305 13.153222 42.706193 14.906659 37.184026 75.167708 51.870034
6.667001 13.331500 42.967001 12.940594 150.589513 35.333875 112.526118
7.270075 12.123390 43.227971 11.813321 329.953183 23.023574 -90.514620
6.706981 13.139619 42.935633 8.838700 282.019756 56.191796 -115.324410
6.663296 13.049667 42.777669 12.469146 195.230761 49.789081 -164.904439
6.771887 13.384925 42.643304 7.478824 116.338584 56.629665 -128.959695
6.520930 12.987328 42.745086 10.764241 270.219915 24.324512 -65.499190
6.451427 13.157556 42.767581 11.311208 235.618185 37.815841 -173.488910
6.625863 13.104009 42.873322 9.889358 350.845081 30.919614 -50.087370
6.260499 13.162927 42.798695 5.890813 149.317903 40.038456 -127.985782
6.173164 13.170151 42.799932 9.878111 355.459569 50.659628 -68.694012
6.403152 13.135941 42.849106 11.401988 145.068274 22.602488 -122.637852
6.622402 12.809770 42.870704 22.284008 114.465767 33.584969 -113.697487
6.355763 13.018560 42.867182 8.922914 343.961098 51.431160 -105.738061
6.838473 12.740803 42.903304 15.803131 321.402395 37.804691 -54.928920
6.613541 12.956120 42.729847 9.104864 359.253504 21.268716 -49.514323
5.644290 12.998030 42.797374 3.122375 152.861458 48.021998 -126.578361
6.145149 13.296352 42.788760 9.306546 310.555416 56.462804 -84.954860
6.776235 12.975781 42.560567 7.234090 236.351831 53.032479 101.251427
6.915788 13.182265 42.563967 18.631411 286.223467 53.072516 -92.598868
6.439511 13.157993 42.816140 8.757548 152.622862 28.579522 53.955766
7.021466 12.812476 42.836642 7.058198 223.468359 16.833148 -64.580743
6.409705 13.245476 42.621744 3.985070 138.924166 50.531718 -90.961193
6.314112 13.023464 42.679846 5.621344 101.896409 33.574466 45.948722
6.299913 13.037544 42.739112 12.429144 122.048935 24.884646 53.856298
6.750235 13.434630 43.056290 15.532406 166.713999 36.347815 102.219818
7.007320 12.749219 42.327044 5.129205 109.517547 43.247365 -116.463570
6.616996 13.010194 42.684996 16.391708 289.806547 39.166214 -58.202659
6.153878 13.043676 42.793249 11.073240 345.438584 54.837090 -92.073971
6.423999 13.139231 42.710936 7.249415 356.901322 56.843090 68.877691
6.140713 13.137771 42.771136 5.860454 135.458872 38.484508 89.936513
6.499694 13.186047 42.958423 10.793627 70.564986 69.938378 -70.383706
7.138757 12.664794 42.576218 7.677622 338.996685 26.888233 151.625364
6.383748 12.963798 42.934724 20.772138 236.260233 53.215534 -133.221983
6.423841 13.217156 42.776276 9.391395 145.739968 23.410581 -100.421910
6.818025 13.474386 43.175636 17.353057 132.523620 17.072959 70.446289
6.185319 13.015580 42.753442 11.345590 118.721540 78.432937 -37.964104
6.521933 12.793999 42.868460 11.371709 331.459546 62.847594 -117.499126
6.454457 13.132985 43.022085 18.736813 207.352512 50.618957 -71.772560
6.762406 13.368163 42.538833 8.325122 353.328908 69.524607 33.261900
6.358368 12.959227 42.930305 9.494709 196.340234 13.326303 93.422710
5.855576 13.163199 42.820090 12.687532 319.699416 40.892969 -110.771892
6.720119 13.462663 42.711205 3.782687 163.153887 39.990759 51.995152
5.948263 13.156334 42.845790 8.712321 173.706455 39.825270 78.583220
6.309312 13.133415 42.804795 7.330193 359.657861 40.775396 153.856895
6.898291 13.534889 42.883305 9.669327 139.131570 59.082095 72.088510
6.595243 12.789287 42.460632 20.023491 232.399101 20.583896 -165.545003
