7.166094 12.876943 42.787316 10.287828 166.356432 41.884299 -71.230017
6.448534 13.077840 42.697268 14.254670 144.419312 81.672986 7.884011
7.192406 13.754574 42.833555 7.267089 149.306265 57.173307 90.490600
6.494655 13.271896 42.804929 3.893709 130.522843 22.786931 169.237336
6.813244 13.503197 42.583394 8.842422 154.985926 38.043913 130.663473
5.990799 13.180665 42.852676 15.346825 214.399797 31.207571 106.373117
7.030054 13.640652 42.944942 8.863204 350.453376 41.941235 -63.908347
6.297288 13.174016 42.839538 4.501828 166.470223 25.897103 86.345414
6.837464 13.062089 42.908110 10.940568 145.756911 37.286684 106.890384
6.661722 13.161055 42.857229 10.673350 229.483949 77.125423 -73.462100
6.093307 13.178733 42.890950 15.540574 140.117233 22.013254 128.887387
6.296747 13.215250 42.721326 16.221757 296.335149 31.194833 -87.761084
6.493016 13.186596 42.614886 14.927133 107.062157 47.841807 -61.971122
6.439756 12.904741 42.718624 7.128047 154.771239 26.386842 -67.972143
6.431976 12.967394 42.945371 12.310052 147.454899 50.653308 -79.209044
6.749296 13.199182 42.966120 9.009886 301.907692 41.863604 -75.048892
6.735253 13.386266 43.012714 8.868620 151.984165 32.093863 69.552314
6.557583 12.880264 42.797293 9.543333 32.889575 46.735121 -92.710610
6.899813 13.356855 42.905459 10.447571 156.797375 30.557800 58.747012
6.659494 13.040286 42.869644 8.895905 3.162527 41.790732 66.613424
6.382982 13.285669 42.677285 9.502473 148.857957 24.832452 80.435554
6.234482 13.293638 42.762240 13.209858 135.240371 42.011156 -64.869061
6.627321 12.793501 43.227195 5.173983 159.889521 56.131403 -97.047441
6.489853 13.001842 42.714330 6.977760 158.616114 30.660250 -89.953372
6.592778 12.893075 43.058203 12.153776 31.921344 41.518744 79.338159
6.720872 13.085228 42.585635 17.061856 310.549204 57.863012 -62.127819
6.481710 13.407080 42.898767 15.634293 153.685232 27.198652 119.642299
6.173640 13.051347 42.797618 8.750611 328.469799 26.559123 -107.822321
6.411298 13.111743 42.859467 8.572229 166.534599 20.075145 -106.540424
6.680244 12.992337 42.658262 5.823489 358.410368 35.578345 -122.529774
6.547643 13.041675 42.884137 14.603784 167.646370 27.418763 59.689881
7.131246 12.586078 42.444134 16.409476 298.482982 68.316423 -130.636328
7.292868 13.593812 42.981751 15.157111 103.693415 44.061846 115.013756
6.438201 13.301020 42.763983 12.830563 315.713914 49.809225 -100.953991
6.530870 13.299345 42.892511 3.380849 149.430181 30.091706 77.774863
6.730342 13.604243 42.823136 11.371326 161.776817 35.228192 67.684493
6.494224 13.210255 42.846436 15.794913 163.288708 20.651289 99.832710
6.341808 12.967729 42.750958 11.125734 253.601090 58.787669 78.762291
6.570767 12.975751 42.695343 5.052296 324.199261 22.545745 -129.372368
6.464081 13.156739 42.785797 6.860962 150.280076 34.304609 130.999300
6.111807 13.116249 42.908542 7.633851 142.336715 55.221126 -57.559611
6.729648 12.870189 42.751149 16.637430 283.860625 39.228114 -64.491339
6.108052 13.283103 42.862143 3.156361 152.948392 84.896034 -175.744260
5.712172 13.136348 42.807624 7.406236 149.192995 22.991557 109.617357
6.408839 13.193398 42.823705 12.485630 156.729316 28.315199 133.002537
6.695985 12.926721 43.009210 9.689675 155.516374 30.563290 68.077602
6.538389 13.214996 42.921769 6.927119 293.883662 36.339794 68.402553
6.237915 13.287618 42.714875 19.712739 58.597954 42.274926 173.072985
6.252360 13.171656 42.838014 9.225341 64.694257 24.157614 87.458908
6.235365 13.288188 42.743535 10.617476 165.462010 26.097525 -145.231143
6.103102 13.309434 42.889609 14.103428 178.871883 24.251912 128.332562
6.278714 13.243328 42.641516 14.801505 176.161677 24.010425 -85.219460
6.089800 13.178598 42.741955 13.496993 165.712100 27.666895 81.080305
5.941501 13.160257 42.885559 5.969740 326.004583 42.508909 60.454550
6.499621 13.048100 42.736409 16.580668 140.414437 57.400797 -51.158320
6.717190 13.366537 43.006155 18.251233 174.703165 35.370495 88.976428
6.597150 12.720376 42.795390 16.863838 319.809505 33.076058 -128.210859
6.204531 13.117830 42.734210 11.359890 158.391974 39.373439 61.404608
6.576406 13.092725 42.738913 10.064169 169.828912 48.462947 -68.801354
6.772849 13.246724 42.731200 8.872433 268.020952 49.583772 22.354119
6.392166 12.986386 42.767473 12.260188 344.511405 34.540555 -81.173094
6.111158 13.102539 42.843918 12.164142 59.388246 83.007953 158.641820
6.575093 13.143599 42.877799 18.292192 170.003953 55.649441 -114.970577
6.917831 13.087649 42.686629 7.992858 9.830381 40.833688 -77.091690
6.292131 13.006331 42.769861 7.094861 325.329251 27.670359 -131.748300
6.663688 12.988943 42.680211 6.422163 323.214655 21.831780 -68.802513
6.946105 12.809505 42.876148 6.099639 334.026990 36.608555 -47.447800
6.866932 13.043519 42.861611 11.195537 341.448604 56.546325 -121.414280
6.869780 13.099071 42.722445 31.839559 354.756215 24.962101 -91.778540
6.326673 13.122227 42.843960 9.119581 161.268307 36.782303 132.735309
6.803788 13.414275 42.618592 6.902807 186.909421 37.502534 -43.695813
6.887164 12.976215 42.930911 17.487497 75.902665 56.878439 106.823104
6.045212 13.149399 42.831535 15.989098 152.325815 28.684575 56.960157
6.486441 13.294318 42.684445 13.772057 144.235520 83.530753 15.408715
6.565490 13.008878 42.867418 14.173158 174.179626 49.566023 -60.099686
6.795217 13.397436 42.714438 18.630475 154.508312 59.561805 -80.762378
5.904495 13.113286 42.735880 6.410131 145.145615 59.036691 -71.747218
6.220638 13.138654 42.778140 8.691407 91.375319 43.506416 -165.446936
6.429616 13.439007 42.826631 9.945933 237.960225 65.875153 136.927580
6.719908 13.167725 43.050382 18.860462 171.080053 24.036229 68.005949
6.342917 13.161480 42.742062 9.476463 42.005816 53.708176 100.699495
6.181835 13.195276 42.831638 10.065602 145.540754 67.468225 -68.330087
6.233932 13.063189 42.744682 10.442175 137.256350 44.623832 -108.972137
6.135313 13.059114 42.821520 8.404716 168.481454 47.612186 -99.200923
6.917981 13.311154 42.931854 10.888187 147.374448 11.400470 86.663020
6.334312 13.133704 43.016720 19.193083 135.029112 30.395278 75.702991
6.632419 12.871054 42.775762 17.055398 129.503552 44.169550 -66.215104
6.461769 12.924088 42.868577 15.842851 176.592591 58.488776 -105.789664
6.184149 13.053980 42.821483 14.444679 179.686588 59.846758 -67.041672
6.250796 12.954856 42.835874 5.696169 177.258977 48.160567 -55.941594
6.767633 12.910352 42.774937 5.558953 285.136290 34.442806 -155.354860
6.480329 12.945937 42.806180 12.568696 325.653068 48.435153 -38.597593
6.696525 13.152488 42.667020 4.907699 144.419606 50.462362 -112.470375
7.075089 13.490657 42.855502 4.997571 142.609276 20.434024 61.274751
6.471416 13.235833 42.835730 14.290171 147.005738 21.180128 53.445695
6.228034 13.045284 42.743555 8.485671 345.812245 27.783430 -95.042831
6.709449 12.990624 42.812218 7.653416 150.718693 40.569640 -49.091726
6.288844 13.135636 42.824801 14.235142 144.406441 21.936537 130.433448
6.508324 13.176528 42.744315 5.051690 135.043495 27.004586 57.369717
6.760962 12.936745 42.846506 11.694838 179.643280 49.937474 -60.737643
6.822031 13.252933 43.018110 3.189856 107.428350 26.728165 67.020756
6.783942 13.314095 42.930590 7.959429 78.055467 23.597350 11.753525
6.512900 13.180622 42.625649 8.575250 117.887349 45.767976 -46.562179
6.401549 13.305455 43.048566 18.911974 241.926339 44.370095 -81.325796
6.285612 12.858102 42.898872 11.110532 45.374914 35.849442 62.401840
6.637932 13.117850 42.779536 10.800145 279.563968 34.478664 -138.390939
6.997595 12.902469 42.784429 8.473021 349.487858 22.517143 -115.370412
6.489107 13.083320 42.826561 6.177026 218.937894 48.704168 -39.858754
6.927113 13.278102 43.019658 12.167331 179.350904 24.960836 112.741809
6.900880 13.368444 42.632542 13.161402 138.720084 43.660956 -55.581313
6.391620 13.278697 42.643604 11.533007 176.783854 57.994284 -59.972370
6.802624 13.342256 42.732387 7.326427 75.960236 57.702767 38.700832
6.387473 13.118178 42.897020 11.950348 357.147204 32.788086 -74.236887
6.863834 13.293346 42.673640 14.287057 35.230291 83.246098 -163.915549
6.509486 13.178558 42.921488 5.273680 73.471761 56.872626 130.726062
6.904046 13.108538 42.987604 13.341980 157.019818 49.227503 -128.923795
5.692710 13.080851 42.818027 12.042047 345.809884 27.862055 -51.992869
6.661685 13.259932 42.721598 4.909483 170.525826 31.246310 67.621457
6.472144 13.128707 42.778356 11.066581 143.040935 30.190011 84.905776
6.312527 13.004433 42.922605 7.664275 156.843235 74.709159 26.838076
6.401035 13.078367 42.896539 13.907510 194.463738 76.617989 140.487971
7.022288 13.380865 42.996957 13.927891 171.260120 37.730385 88.704180
6.128206 12.951522 42.726209 2.757024 356.151808 27.731197 -57.140940
6.635114 12.944731 42.905294 8.330098 148.292856 51.707425 -79.683128
6.162525 13.140122 42.782253 11.522975 150.851808 27.770976 77.263533
7.007760 13.694833 42.837837 14.889838 311.310355 45.068649 -49.695665
6.379227 13.203674 42.788411 10.957744 157.582810 63.946770 -88.953421
6.650841 13.291282 42.652012 14.070588 160.230205 55.950631 -82.396812
6.708773 13.192043 42.574676 17.183225 142.254548 59.533541 -64.897667
5.966377 13.088046 42.898572 10.878048 236.651730 21.992251 -106.504033
6.814849 12.882942 42.782024 6.295317 135.089869 85.065514 121.795097
6.678343 12.616906 42.803863 14.858608 137.064940 87.732538 -79.676454
6.558895 12.582220 42.805170 10.621065 45.810447 77.548530 -120.326268
6.255480 13.230719 42.798907 18.024876 160.333900 36.529141 113.696821
6.403603 13.188066 42.812417 12.985561 309.266675 62.179770 -176.320952
6.225891 12.952267 42.776193 4.838535 333.325591 38.595207 -82.680105
6.315234 13.146837 42.920712 11.404236 158.305818 38.400888 64.112223
6.196001 13.027300 42.756071 19.574622 52.779883 45.559804 57.237024
6.450759 13.150471 42.710662 11.115886 170.143804 23.654242 77.265456
6.549605 13.140453 42.974538 8.072975 137.123349 46.657750 -103.176959
6.155978 13.163671 42.873096 3.301725 74.437950 69.189456 -177.033793
6.626436 13.235832 42.725533 18.964265 123.284477 51.004019 -104.013721
6.249908 12.834731 42.861495 12.956983 328.396379 37.743375 -53.090608
6.406327 13.085752 43.052801 6.677164 161.716976 41.194846 -79.983280
6.641026 13.193112 42.830632 9.027422 138.796951 36.026358 101.924935
6.386798 13.138307 42.894581 9.650241 199.424839 40.154118 49.245555
6.556098 13.089100 43.067700 8.159866 80.625402 58.337612 -53.165240
6.346840 12.900891 42.892886 8.384962 164.323950 52.987910 -118.240714
7.031458 13.016672 42.543763 11.578795 347.809286 37.448696 -81.687865
6.422154 13.012318 42.700174 9.798275 331.192520 44.949554 -71.693639
6.182844 13.048144 42.865247 12.405668 128.020870 26.743539 -122.979008
6.655272 13.212856 42.753168 7.631463 230.807073 31.308821 -136.833444
7.113049 13.114012 42.704072 11.589906 179.265987 25.868577 53.804346
6.864124 12.850931 42.824205 9.897063 137.927755 58.609123 -71.127292
6.613026 13.269287 42.780840 9.374258 333.774182 60.387535 -117.129962
6.668428 13.039245 43.064059 11.510948 157.440587 47.532439 -108.236562
5.933315 13.205235 42.812420 14.009876 161.713986 53.643436 -68.468007
6.511044 12.832011 42.835126 12.474286 166.946617 46.414757 -69.506087
6.484746 12.876363 42.765599 9.657889 41.097605 70.248137 -146.546150
6.322305 13.226389 42.753590 14.876876 154.122528 37.898437 132.486381
6.408540 12.790062 42.934246 7.194352 324.429334 31.165607 -80.406307
6.625794 13.136956 42.814250 14.893902 169.281271 42.373626 -126.598208
6.488023 12.887469 42.633072 11.270975 24.581602 45.940386 52.642071
6.576826 12.848230 42.801231 13.793745 342.528019 30.991147 -110.701991
6.667634 13.503718 42.657258 7.351569 142.600215 36.574481 126.326522
6.590951 13.193482 42.644677 9.692366 355.287927 58.424189 -106.492605
6.738094 12.654595 42.856164 6.101843 349.142953 37.615237 -98.376004
6.631413 13.085402 42.908205 15.234821 98.594261 43.256035 -107.843553
6.292351 13.160163 42.795637 3.972701 173.386417 41.752730 -61.704644
6.817124 13.081406 42.622870 18.107740 90.194184 53.616558 -132.695958
6.970848 12.793824 42.674421 5.292367 343.213849 46.065464 -22.032702
6.046646 13.077273 42.908535 8.792687 166.773528 55.810296 -51.090705
6.413576 12.955299 42.877820 9.218898 162.776761 55.006636 -84.204037
6.753733 13.023509 42.928287 4.456706 139.942599 42.340869 -105.314867
6.422980 13.101038 42.677352 12.965344 166.195745 49.693778 -107.863727
6.471736 13.280817 42.803674 6.769143 217.951731 47.632345 111.310622
6.619310 13.066365 42.996308 9.724296 175.464247 44.143307 -55.940986
6.387491 13.012000 42.949376 14.158432 154.892719 48.521898 -68.224087
6.705360 12.992998 43.038514 8.390108 332.023406 43.466979 -102.456293
6.805851 13.136044 43.100437 12.950239 147.281661 26.077176 85.346764
6.202238 13.041518 42.859173 10.889126 145.463754 51.170014 -97.988061
6.174255 13.058822 42.758020 10.369663 172.145872 53.100690 -84.862350
6.777870 12.918718 42.766287 8.988025 359.283759 21.933712 -101.895708
6.900970 13.181874 42.718551 8.807626 336.539439 67.488751 -150.912890
6.785461 13.107237 42.878059 11.525815 316.735764 46.965894 -70.464900
6.398707 13.242532 42.931840 9.456110 312.316525 43.235104 111.255696
6.430698 13.178161 42.920837 2.833699 164.418745 36.225181 123.528135
6.442529 13.011339 42.913948 13.204418 34.864095 84.405996 74.877312
6.474469 13.104427 42.851228 4.641896 151.527441 44.488675 -66.396644
6.186668 13.265018 42.854411 6.858134 281.128074 28.814325 174.075247
6.631987 13.098816 43.082645 5.280395 145.068108 20.720095 99.122892
6.561904 12.783174 42.909679 9.937415 329.133175 33.392026 -110.716791
5.970961 12.929070 42.874133 6.038779 162.196068 59.883052 -84.943403
6.297184 13.087301 42.693208 18.950336 171.086434 48.846634 -97.851141
6.453783 13.147488 42.909033 16.721970 154.641959 83.273185 -159.202621
5.853015 13.124892 42.809557 15.016101 149.410314 46.730684 -72.533626
6.506212 13.158424 42.877339 22.338335 224.728993 44.532969 -17.920773
6.826711 13.160469 42.767768 20.602210 171.816771 24.968622 127.427732
6.632565 13.024579 43.019839 10.466123 173.911868 40.829956 -70.279870
6.552273 13.241753 42.766994 21.202355 128.791869 71.035184 -106.658218
6.575590 12.947771 43.074945 6.606312 141.547632 43.868105 -119.302574
6.062399 13.134657 42.726554 12.303405 163.869063 53.298994 -96.427849
6.943715 13.206933 42.920142 9.271112 49.661755 56.236344 -84.477034
7.215093 12.905111 43.026356 14.747950 155.802979 39.957239 -50.548739
6.855751 13.090783 42.580646 22.015342 353.454034 33.864827 -104.700457
6.751051 12.754115 42.799729 5.254541 78.416522 71.480110 85.163775
6.269309 12.872025 42.923914 14.105334 141.746817 56.540878 -49.813649
5.996899 13.006276 42.708266 8.742484 144.255060 42.098823 -53.447875
7.150135 13.406255 42.872781 5.850922 178.895884 43.068020 -106.331184
6.714692 13.289498 42.922418 4.760502 334.104224 55.009227 -134.324650
5.837163 13.111119 42.837729 1.974806 148.560934 24.315188 96.093357
7.152703 13.188960 42.401826 10.306006 40.691953 20.553934 -114.287072
6.438883 13.013388 42.832723 12.970333 142.789384 59.110458 -74.791413
7.110713 12.971792 42.627666 12.456460 315.904491 58.496287 -84.289083
6.368328 13.183912 42.775846 10.935745 273.250315 32.314114 -62.889909
6.987392 13.023812 42.714612 17.077359 169.697020 51.049073 -108.047817
6.277869 12.995193 42.886096 10.705654 170.559807 54.397133 -89.838839
6.460204 13.236819 42.836173 7.928381 347.099198 56.255938 -124.347980
6.685259 13.385832 42.952974 5.128237 276.318474 78.843386 43.732137
6.619259 13.013434 42.965839 11.922265 176.551208 48.949455 -123.290872
6.830404 13.990412 42.761931 6.027259 168.963234 53.399071 106.414192
6.773801 12.808008 42.658784 20.678112 357.832579 34.735929 -117.998019
6.504716 13.192044 42.749022 11.212446 151.872310 52.119111 -86.637704
6.117608 13.128454 42.756847 10.147898 173.236788 35.411635 74.141743
5.931982 13.152750 42.854809 13.001166 153.463039 81.736805 165.790214
6.278404 13.025539 42.785808 4.716551 144.685465 54.983158 -121.177652
6.676093 13.416474 42.870343 9.056095 276.676003 55.147155 113.414349
7.213407 13.255052 42.690937 7.528531 227.599789 37.022723 -140.389573
6.237298 13.293225 42.734279 7.659434 122.475195 52.495847 -123.575704
6.467452 12.862754 42.712072 11.572026 316.935091 71.449755 20.202264
6.793440 13.257168 42.717392 10.778298 357.786144 79.020453 -72.552934
5.816939 13.011107 42.955324 12.762748 66.917915 58.465102 -95.267206
6.867165 13.442086 42.962045 16.483886 8.296600 30.052235 133.510250
6.314749 13.244015 42.813391 16.570830 37.032078 45.999901 141.120815
6.513280 13.212883 42.828741 10.216729 179.424626 54.812270 -85.809497
6.310899 13.043701 42.818779 11.957408 179.582180 61.569886 -57.572040
6.804841 13.101140 42.730523 16.022463 134.940216 84.498656 -43.673637
6.317331 12.978609 42.686631 5.880578 316.142625 39.352266 -68.312056
6.808953 12.796532 42.933810 3.852330 358.293924 36.491685 -49.208309
6.504200 13.126466 42.736707 4.412769 111.786745 87.498707 151.415948
6.479092 13.023233 42.893724 15.974216 144.398577 54.650723 -79.595771
6.496377 12.912631 42.971642 8.228944 239.025887 43.170251 86.305109
6.508490 13.449210 42.876584 5.738535 142.420063 29.997969 116.872660
6.403475 13.005971 42.903248 15.870039 323.877235 61.842541 -173.354258
6.656487 13.453237 42.621318 3.719757 316.397784 42.522059 -63.617214
6.549878 12.775073 42.785493 3.026880 344.032452 22.243421 -125.644522
6.556653 13.017489 43.157906 3.159970 108.076484 37.023598 127.144772
6.356617 12.940383 42.815600 5.100375 126.756882 43.761733 -132.007097
6.546091 13.091962 42.877997 3.797684 152.160714 49.074392 -116.395005
6.373806 12.997649 42.915927 11.918454 158.888655 21.438447 107.341996
6.274872 13.100352 42.773639 8.501227 141.237798 64.273190 177.707132
6.497611 12.834416 42.836499 15.038946 166.277007 25.328432 -68.108453
6.517089 13.243859 42.912370 8.065144 57.748989 48.487864 33.301460
6.106402 13.187782 42.953423 10.347653 178.789941 30.757432 -134.086272
6.539511 13.214910 42.807398 7.539900 154.031528 37.337419 68.491563
6.990685 13.115333 42.994119 9.767719 179.968203 25.823502 106.444532
6.736951 13.148490 42.636807 4.929808 93.231753 42.165459 -101.517424
6.108417 13.191894 43.045096 11.224611 280.191417 40.545512 55.137709
6.637974 13.412495 42.637266 4.361235 151.175154 58.570051 -73.528436
6.580698 12.791760 42.905647 6.716010 120.735022 52.346558 -48.038127
6.848974 13.105000 42.565171 4.996969 156.779588 52.734124 -77.021863
6.218440 13.100052 42.733149 10.576092 28.484402 58.483194 98.567690
6.097488 13.094337 42.839358 7.666545 170.361576 28.332905 -103.343794
6.385579 13.126411 42.769453 9.076599 293.060114 67.532310 14.692457
6.711603 13.442212 42.949121 7.542604 257.234917 46.557157 150.531008
6.319809 13.102873 42.762612 10.478098 139.023460 43.274788 -67.184839
6.420054 13.094655 43.021452 11.273717 283.776044 59.493693 -97.519322
6.535283 12.981700 42.860801 7.868428 354.580872 21.684988 -133.604168
7.019405 12.955193 42.939331 23.003590 150.754218 54.109707 -59.498405
6.531536 13.190969 42.934129 10.484446 117.658305 10.652169 -86.557797
7.087678 14.044550 42.269151 10.787477 107.348782 36.376039 119.554449
6.102417 13.222759 42.910466 9.401183 302.462073 74.501220 143.911895
6.443005 13.243477 42.656330 5.681517 166.664725 58.403437 -47.164330
6.338756 13.019814 42.834372 10.422986 20.599607 84.256737 119.934834
7.354044 13.263323 43.062198 28.463537 63.733345 22.733769 -113.641425
6.072355 13.172683 42.791434 5.081637 159.018938 29.388222 90.356412
6.727174 12.937552 42.643617 8.204362 337.338238 36.578355 -48.362504
6.634415 12.910918 42.925575 13.021607 149.882136 48.949196 -112.736923
6.421221 13.272537 42.792023 12.917804 174.322981 39.502567 73.569446
6.160471 13.068974 42.825748 2.536923 348.750809 22.953354 -50.733685
6.385862 13.229474 42.771693 3.167270 149.364910 26.884458 -92.583678
6.883801 13.127987 42.831141 13.419123 195.006411 52.497897 40.432128
6.350809 12.838710 42.724453 11.841169 126.979481 14.070850 -100.733599
6.304916 13.190188 42.783073 15.674719 119.322927 41.870822 -100.385090
6.543401 12.782030 42.902185 14.449086 336.000150 46.274865 103.082153
6.599258 12.983326 42.779567 8.882471 152.247550 86.757850 -6.076359
6.564864 12.898945 42.852760 8.520768 353.647594 21.606531 -116.642993
6.528073 13.217394 42.939428 15.823652 175.689608 30.538716 86.520121
6.362004 13.093452 42.740907 10.445142 328.261848 51.080436 -11.962004
7.102487 13.434216 42.831629 15.157637 311.613904 47.501737 54.170563
6.852879 12.976203 42.614607 9.019509 280.546275 40.494050 -54.840980
6.099177 13.094461 43.005798 9.423768 144.675105 29.839986 59.292943
5.869219 13.082094 42.825843 6.121698 359.037707 37.318858 -118.105174
6.278186 13.123025 42.900023 6.636260 147.166029 55.180666 -128.628748
6.765644 12.916316 42.815683 5.311461 85.566157 69.079177 -16.522184
6.490979 12.835498 42.763551 10.871575 153.184389 51.109664 -92.651276
6.410062 12.950722 42.910681 5.217873 169.665277 48.198466 -99.892102
6.125246 13.070614 42.824704 9.037988 327.756039 52.266613 -52.251688
6.321408 12.985263 42.964235 14.951812 156.732655 53.393634 -70.703688
6.926133 13.214034 42.951245 5.163729 138.395966 37.811610 70.601712
6.339845 13.060219 42.913436 11.840107 279.482520 50.325120 -125.045392
6.641887 13.322314 42.908975 16.500948 203.387692 10.537632 55.328416
6.715322 13.282451 42.833603 20.351617 3.388233 50.557743 -114.248904
7.078787 13.388060 43.014247 4.976356 163.499403 23.263469 61.526767
6.501340 13.076714 42.981233 7.686461 296.456779 45.631863 -115.796462
6.724375 13.159155 43.000920 18.280589 113.898311 40.842960 48.665255
7.094906 13.127172 43.188836 17.829713 176.814107 39.543575 123.551466
6.367278 13.055223 42.933170 14.434524 206.377143 57.454141 -75.989008
6.593624 13.439763 42.790040 10.398393 0.212008 80.250425 -30.943907
6.202478 12.929443 42.951295 14.159344 123.401225 82.830376 66.591120
6.293666 13.317058 42.725219 13.371877 184.106119 60.927314 -8.722204
6.088803 13.117370 42.675377 13.611216 146.536056 36.336642 104.135600
6.012520 13.149462 42.790801 10.791905 151.067352 29.267620 46.651032
6.514179 13.182631 42.922999 4.186949 284.017390 68.901558 47.117010
6.687479 13.080539 42.765659 10.612240 144.027916 57.583863 -126.936765
6.719401 12.852750 42.734473 17.077249 92.495538 25.007619 -56.753335
6.377767 13.017545 42.834735 14.313260 279.717785 31.936323 -94.528551
6.096011 13.086991 42.836116 12.436811 158.953669 50.793747 -95.794784
6.727498 13.015036 42.686321 5.981486 151.849389 54.906547 -110.015120
5.985778 13.315044 42.930582 13.196114 278.575598 21.107359 59.356995
6.511750 13.035364 42.725287 8.907460 138.011690 40.236508 -72.066262
6.267936 13.054215 42.846586 10.960684 179.725684 48.770157 -69.554964
6.686841 12.859995 42.685372 4.095858 169.481830 47.980360 -45.877959
6.073122 13.173623 42.893481 9.318809 358.196985 50.813731 112.369032
6.370702 13.279201 42.846493 12.013989 249.808169 50.227965 -173.534559
6.727485 13.215268 42.807659 10.984527 269.128102 27.291424 -131.609590
6.207158 13.177945 42.777658 15.396035 160.029727 27.660698 104.799681
6.447690 12.933335 42.858723 13.239841 156.212174 58.317959 -107.516246
7.143880 12.948510 43.009628 11.728076 151.142464 52.514150 -165.001215
6.009730 13.202404 42.788963 9.740169 260.126563 25.356956 -84.042398
6.653243 13.207685 42.948349 10.873580 239.303597 22.383704 22.085913
6.317234 12.878289 42.846124 19.870191 315.426378 33.398988 -115.031766
6.278343 13.160756 42.829125 9.942668 159.831612 28.627890 -56.912114
6.081534 13.091357 42.818301 9.004611 159.308050 61.894785 -132.664069
6.656608 13.033669 42.632847 8.326384 237.722696 52.079106 -123.800182
6.627388 12.880414 42.941436 9.453826 291.848272 18.517520 -5.539420
6.423350 13.073314 43.014312 15.635060 171.655953 31.419027 91.139428
6.858373 13.001134 42.789340 9.968089 136.745365 43.228518 -100.996110
6.757537 13.499693 42.647781 6.750276 120.753677 63.542272 -168.209081
6.126189 13.087818 42.891114 2.951639 143.636818 39.641158 58.463833
6.768475 13.439658 42.891454 5.048230 103.922298 62.167246 -115.997362
6.434175 13.110943 42.754804 9.733766 139.548483 51.853632 -69.407842
6.791409 12.866534 42.857225 8.385786 157.110586 58.447027 -104.234874
6.091991 13.158789 42.865457 6.790547 94.937852 20.292040 -27.109610
6.469298 13.123254 43.035807 16.148069 159.158384 55.519945 -127.120164
6.844524 12.558542 43.269583 17.373132 103.313968 41.105401 -89.684762
6.531577 13.115612 43.064734 6.102093 161.547064 49.921912 -108.352187
6.231558 12.997932 42.757106 13.071480 345.969849 36.419875 -115.295938
6.349439 12.788561 42.925897 19.223422 179.596468 36.773570 -63.091299
6.897609 12.741781 42.851778 11.140234 315.303539 28.332709 -87.119214
6.350941 13.001898 42.625571 3.102925 52.651186 20.045750 10.801046
7.026986 13.160469 43.314014 18.928833 141.827963 34.876674 71.539594
5.973316 13.029875 42.868472 17.370440 154.661120 52.607633 -117.810793
6.792277 13.070462 42.867582 7.200421 356.319955 57.635425 -41.614182
6.986614 12.827904 43.019431 5.708808 135.046648 53.146449 -81.857206
5.845740 13.197591 42.900553 9.903997 207.618659 33.253052 129.481931
7.150443 13.459155 42.421818 11.697628 103.528848 49.944411 -87.973902
6.501202 13.143860 42.953485 11.821296 159.438513 57.314107 -73.413369
6.478584 13.224866 42.881747 5.411935 135.947789 28.603507 77.330505
6.623391 13.277727 42.803413 12.056489 169.574498 30.366320 132.637734
6.391022 13.076380 42.748436 11.395604 342.356494 25.020791 -90.376968
6.211988 13.146461 42.838618 14.509504 164.622273 22.892863 57.698967
6.471605 13.306601 42.886065 10.968328 298.516201 10.203852 86.321333
6.306679 12.959329 42.754902 3.540174 178.666649 47.796851 -49.046632
7.271291 12.562078 42.535961 22.263463 258.484002 25.446323 83.748553
7.000629 12.858359 42.831033 13.816345 287.350896 42.801306 -130.802330
5.998286 13.015461 42.831941 11.024404 55.662518 82.267496 162.506632
6.262391 12.994805 43.001741 13.294579 330.817483 49.642322 -116.396977
6.571854 13.152684 42.942059 12.751630 176.522697 37.971181 118.921198
6.314904 13.182489 42.860080 13.344803 92.144560 55.828074 -94.813108
7.176243 12.753058 42.686600 6.691281 44.285389 50.223116 -40.428791
6.446922 13.031125 42.797313 3.535929 286.086964 53.335836 -114.331540
6.010337 13.072870 42.810133 10.122654 48.624774 85.677900 -43.357762
6.081355 13.355987 42.743365 5.364928 201.681393 55.957239 52.040896
6.313555 12.982326 42.947199 15.169339 162.186332 55.249898 -85.698874
6.538961 12.935051 42.834513 5.306176 202.918669 28.506422 35.702337
7.380228 13.236564 43.120620 5.591320 211.181282 29.355903 141.011748
6.541695 12.754900 42.804619 3.901947 326.576723 38.515509 -109.001137
6.279038 13.036014 42.965801 10.465523 178.073866 34.399708 118.706702
6.694901 12.740623 42.519306 8.783006 144.767029 26.518857 -84.132498
6.296469 13.225818 42.875433 15.240862 174.208278 57.644066 -95.500391
6.690256 13.350799 42.856623 6.607701 166.172352 48.565422 -77.265620
6.532907 12.969365 42.837843 8.923045 153.023181 57.520919 -71.823836
6.484932 13.198726 42.824589 17.395244 321.137388 48.098056 -96.274623
6.909406 12.914441 42.891852 22.296120 77.534361 82.389663 -31.144928
6.485236 13.143548 42.849076 3.935008 174.396204 28.022367 111.432800
7.022318 13.086425 43.006718 11.121354 94.670649 54.572349 -46.157433
6.389427 13.221651 42.923764 10.087448 135.604286 24.940506 102.323817
6.565411 13.048054 42.817835 9.405482 212.757833 41.822434 59.692977
6.812440 12.907688 43.119676 6.800511 165.919494 29.169470 126.756593
6.359467 13.014815 42.937712 11.061919 142.177493 46.247318 -123.995081
6.629364 13.003803 42.772919 8.120831 82.582399 52.462626 -56.306316
6.005060 13.146638 42.974586 5.430773 158.185167 42.407297 -124.171524
6.665500 12.992146 42.979228 9.546347 139.143878 52.125988 -52.311908
6.395159 13.260258 42.991047 14.149455 10.318699 88.607791 -4.006354
6.164094 13.045705 42.759483 14.378838 348.579022 32.328059 -46.634528
6.984742 12.819067 42.592744 5.353427 352.283796 47.848903 127.892626
6.780612 13.174748 43.139660 16.824711 134.987398 38.157582 -102.100194
6.822905 13.063402 42.975879 12.005764 328.081444 78.920874 -119.554877
6.515988 13.289514 42.827053 4.418495 142.693220 80.835143 -27.309585
6.808718 13.044624 42.949273 10.012553 151.386996 49.821433 -122.731310
6.615571 13.065333 42.635296 4.484098 337.473076 26.058099 -49.067548
6.427725 12.962901 42.825969 11.538402 159.807862 40.444071 -93.984592
5.985675 13.133232 42.899085 8.310584 147.630251 50.191727 -121.500342
6.616589 12.903206 42.938423 9.587759 333.043333 71.621393 -103.287230
6.315405 13.115592 42.831728 8.468405 219.077201 17.766862 56.385603
6.631567 12.949961 42.851681 12.156823 83.639063 81.267450 -151.287138
6.603010 12.875811 42.915919 16.430472 137.240022 46.341305 -107.783495
6.430115 13.111596 43.064829 17.606847 316.295779 53.159036 -118.310972
6.069894 13.151953 42.783140 19.829038 145.956493 51.640149 -49.877361
6.620836 13.077413 42.893308 5.354574 268.636367 22.538844 -173.438689
6.622033 13.273388 42.733861 13.012964 140.451735 28.054650 77.832397
6.350243 13.160863 42.875930 13.522967 95.626839 55.580770 67.682287
6.376763 13.125946 42.924509 11.561639 279.324236 78.468599 -50.286269
6.382509 13.249190 42.902561 23.863613 235.540494 35.707970 55.155128
6.052351 13.249491 42.750229 7.256291 281.244447 38.719105 -93.362825
6.964853 13.231109 42.793759 6.574098 178.796121 31.615363 92.133423
6.599911 12.853039 42.631774 17.167766 324.951134 20.154603 -108.760810
6.936444 13.180940 42.867005 4.639386 159.102747 40.936103 -53.405392
6.794895 13.085325 42.720145 7.404928 104.933237 75.190407 -86.220120
6.664288 13.157606 43.091434 6.610031 134.078985 37.806234 -89.007895
6.550910 12.976539 42.832825 10.864063 339.627976 22.050014 -112.814777
6.424742 12.868578 42.697355 17.032854 88.387561 87.875216 -7.181816
6.581139 13.130977 42.859538 4.027767 171.506205 55.145008 -109.708181
6.271301 13.137048 42.718128 10.658356 153.350591 38.715065 115.908391
6.525702 12.666352 42.922229 14.226464 136.435792 26.391909 -110.852512
6.207026 13.114240 42.891277 14.150722 141.022903 30.296385 131.300537
6.109083 13.245978 42.720176 7.862853 169.328441 51.878314 -67.948545
6.718100 13.514560 43.081726 10.691681 273.997905 43.139142 148.693964
6.529826 12.954625 42.926936 7.314516 157.674385 89.139381 122.727883
6.700003 13.167032 42.984576 8.873011 138.162099 32.464988 117.197250
6.057334 13.123522 42.829372 8.327628 178.524201 31.495598 49.718432
6.333801 13.101195 42.696805 11.598633 91.107880 35.847580 22.488364
6.635623 12.894784 42.622597 19.157598 343.491034 20.563383 -94.634769
6.273803 13.095125 42.865379 21.526249 111.628631 48.340134 -94.596467
6.434436 13.373574 42.718923 10.664429 179.411494 59.475874 -53.577067
6.235337 13.037835 42.786869 7.580268 350.505215 30.592356 -104.136514
6.825223 13.002932 42.730152 5.221438 140.576824 59.749292 -82.186744
5.950469 13.336305 42.830084 11.362852 141.570188 31.028691 73.120587
6.649023 13.096844 42.824906 7.320617 99.669032 52.593078 140.510212
6.565255 13.164524 42.830097 10.652183 153.408393 35.536860 115.656759
6.582599 13.097032 42.770885 16.409772 151.219683 51.728266 -75.314260
6.663235 12.932745 42.879197 15.024084 0.072194 48.879956 115.759682
6.326329 13.157002 42.763175 7.689225 164.429812 27.647312 74.512040
6.733734 12.977969 43.060378 12.549572 166.622402 54.555859 -70.771383
6.561700 13.300363 42.614655 15.582611 97.506062 25.896911 -46.514452
6.050193 13.206909 42.797610 10.583782 231.090664 54.216483 -93.197258
7.027517 12.800711 42.859191 19.756078 316.127906 36.725763 -71.239800
6.550765 13.252518 42.874311 15.090318 153.095254 22.064432 110.699838
6.634518 13.457921 43.002640 6.200618 145.564710 41.637514 109.438262
6.213469 13.204685 42.700911 17.049721 56.771743 86.137479 139.203099
6.201825 13.201729 43.090641 4.560857 103.673642 58.411233 124.649808
6.511640 13.152697 42.690525 6.367567 340.812647 47.442656 50.964623
6.578005 13.033210 42.805437 10.626143 169.364584 20.296373 -106.983503
6.132949 13.039575 42.780851 9.660316 316.065160 39.677662 -118.362037
6.537850 13.177715 42.773527 4.502197 268.635259 17.403398 57.070282
6.783111 13.087774 42.990839 8.968494 49.677022 67.617283 -101.737694
6.851122 13.091043 42.849213 13.063785 349.381808 29.084234 -69.611822
6.360786 12.822284 42.814035 3.862312 160.507983 88.789228 -79.431924
6.296166 13.170104 42.701658 7.231345 156.547723 57.937068 -83.326104
6.793705 13.602894 42.997700 18.109727 150.923390 78.026435 -102.219721
6.243713 13.097225 42.841958 21.904797 158.908389 43.936654 -66.552683
7.054191 13.565294 42.906767 14.282722 171.727635 44.679759 54.783443
6.703683 13.121527 42.914499 11.616028 176.936718 43.901940 -82.413653
6.212118 13.031887 42.822104 12.715495 358.404055 51.497222 -122.539406
6.585839 13.298964 42.935531 11.131191 324.715522 59.199405 73.310312
6.359465 13.178893 42.631604 4.330598 113.441806 49.647885 -74.706080
6.388815 13.166484 42.820527 7.991173 144.740342 28.054824 50.558472
6.479306 13.154931 42.689831 6.119828 140.364758 15.392187 -135.044211
6.486679 12.758590 42.668702 5.753102 62.017308 42.821663 103.393604
6.990998 13.929936 42.987099 15.039930 29.607984 88.165687 -39.222254
6.139739 13.073997 42.745216 14.407228 350.717990 33.007578 -76.305976
6.235388 13.088960 42.684631 11.779129 358.854933 32.532073 -119.650054
6.764554 13.101975 42.680099 10.135031 174.444143 50.561558 -132.745274
6.512619 13.353339 42.699999 22.161943 133.113276 39.497618 47.438235
6.708002 13.239210 42.672534 9.603986 30.990827 82.736872 -5.674228
6.550966 13.173523 42.957511 7.540581 75.049869 88.328618 0.819852
6.388220 13.099935 42.886359 12.174329 163.549468 40.410775 -64.667211
6.793055 13.499327 42.822736 20.075629 143.877886 25.401990 58.665798
6.590618 12.882882 42.832601 10.446244 297.495007 62.376526 -100.066431
7.147216 12.520472 42.299247 12.615696 109.661268 76.139196 -66.503964
6.214478 13.369725 42.829512 9.349935 140.845579 41.392248 -112.828974
6.579437 12.669363 43.066908 8.293995 174.850330 56.701535 -87.942555
6.737761 13.194598 42.772510 4.624783 129.031912 55.116312 -132.974811
6.400956 13.226167 42.942691 17.431270 178.766092 33.954254 70.230031
6.756627 13.301848 43.078043 3.255622 161.590789 29.966631 50.776375
6.651294 13.103541 42.630767 7.001371 132.199582 59.515506 -68.969484
6.326192 12.831103 42.857140 13.821737 144.262549 47.974856 -73.492075
6.876312 13.035980 43.031516 8.076924 177.795956 50.915369 -79.078665
6.239070 13.171615 42.906901 14.440518 164.447719 20.741172 133.484871
6.903775 13.363818 42.752110 11.270173 297.646003 39.918448 163.871108
7.157611 12.956589 42.460503 14.041362 94.780063 51.520426 -110.188742
6.412446 13.114739 42.714251 7.914120 284.622585 54.008207 75.900012
6.641607 13.103479 42.646824 10.685235 176.744355 58.833236 -126.615390
6.338641 12.948993 42.938734 17.230710 152.586374 49.785763 -69.884016
6.471931 13.019560 43.030798 13.457414 139.783984 39.527620 98.641976
6.573288 13.298896 42.840046 5.554422 173.287880 28.866625 65.784958
6.750429 13.077897 42.663051 12.165486 140.920401 43.149368 -120.505710
6.764568 13.273472 42.847101 5.213187 111.359927 67.592707 -110.758746
6.524210 13.148950 42.751062 9.812567 331.884317 36.669082 -99.079606
6.574140 13.163986 42.871383 5.000094 143.840363 51.478338 -123.094820
6.338871 13.150323 43.083799 10.371191 166.034142 32.009523 80.107120
6.544811 13.103761 42.811989 6.400960 352.906040 69.918339 -88.620046
6.352692 13.156760 42.774266 7.993830 244.902786 27.619498 -104.771865
6.121872 13.094302 42.977292 9.737733 2.126527 45.126883 30.458724
6.027311 13.057994 42.848744 14.321609 326.411706 69.869930 -118.922415
6.194875 13.124537 42.779351 5.856218 179.727917 20.927493 76.225058
5.790308 13.160827 42.893730 11.570578 160.458952 33.336706 72.867374
6.538474 12.719381 42.732596 13.554946 330.829889 27.494374 -46.293735
6.791949 12.944906 42.921864 11.604566 143.477206 58.298727 -134.046767
6.517717 13.343057 43.055552 11.675379 149.812633 23.349142 70.543792
6.784285 13.167638 42.966905 4.598382 287.322632 50.522049 87.045109
6.544360 13.101483 42.673873 6.707385 137.492564 42.301433 -66.609676
6.833813 12.770130 42.822617 8.955676 335.558601 23.686273 -55.245238
6.052506 13.159954 42.896759 5.512366 163.078070 36.857386 47.043050
6.324758 13.139664 42.768583 10.333164 100.255461 51.302180 71.581583
6.547950 13.116472 42.690390 13.539520 198.028564 55.691677 -49.381487
6.989491 13.357499 42.553332 10.089623 170.405767 42.870391 -69.349936
6.248166 13.173203 42.914486 6.677684 352.442902 44.389801 56.577158
6.383220 12.894447 42.698597 13.480305 321.756251 74.511775 -56.238149
7.106423 13.076469 42.775890 9.732154 157.442845 55.765493 -75.189911
6.854739 13.083825 42.925062 7.880535 128.287663 37.891338 96.507949
6.844933 13.318215 42.781434 13.693394 132.700316 45.575197 54.819289
6.301591 13.304370 42.907012 14.346313 170.261834 34.771575 65.305792
6.659345 13.185097 43.032127 14.724513 170.888903 31.789648 123.299578
6.757645 13.416819 42.606356 9.940605 56.912996 41.323014 139.797139
6.397973 12.812564 42.961669 12.852105 141.495009 50.648319 -125.504476
6.558199 13.239987 42.831249 13.234204 155.964101 24.096749 89.274044
6.634183 13.101699 42.786936 9.387488 168.715416 42.224693 -57.810025
6.895260 13.033389 42.952256 6.435455 319.329382 15.840988 108.775819
6.047174 13.032163 42.869421 14.846880 356.989349 32.971928 -100.507659
6.121833 13.012409 42.802184 7.920196 253.650606 52.603175 -107.157764
6.713986 13.217824 42.673427 12.378212 50.399553 40.308233 156.128911
6.031162 13.112693 42.736317 10.348207 144.953686 21.361725 58.009044
6.706762 13.305393 42.480235 7.180374 145.994929 53.331761 91.989670
6.220754 12.953771 42.839410 2.889431 4.428211 50.842512 55.615000
7.051479 13.395186 42.528285 7.199837 259.324555 72.625315 147.909714
6.896156 12.819969 42.576484 5.927357 358.085292 30.135497 -71.103170
6.026758 13.083479 42.842212 4.969628 151.513685 55.997114 -123.006337
6.235596 13.019859 42.835420 11.200614 291.245829 72.495735 -66.316937
6.418535 13.175893 42.790177 6.916244 118.079117 75.409551 -48.261403
6.063175 13.200322 42.945761 11.116197 21.830977 28.629916 70.448800
6.255434 13.018912 42.764744 15.147113 158.753153 71.778789 143.042820
6.585338 13.363014 42.906588 13.865343 52.246309 84.045387 -170.963726
6.403384 13.267756 42.668239 15.429793 154.625932 56.106183 -87.909313
6.321297 13.012587 42.926682 8.409979 178.760945 59.920272 -57.689537
6.809971 13.160203 42.892862 8.978528 337.197005 69.441707 -133.037640
6.304265 13.041968 42.885011 16.433511 92.467663 46.782288 -119.865214
6.625167 12.983358 42.769279 8.085754 147.518546 44.739484 -59.697471
6.367626 13.416826 42.895117 8.273855 304.144668 44.403320 104.078601
6.665257 12.954103 42.890998 11.724559 78.502771 82.796636 -47.417275
6.524460 12.981484 43.003576 13.964432 174.654499 39.396699 108.584559
6.500405 13.152673 42.731148 14.253036 352.686838 56.663715 -64.772629
6.837123 13.155516 42.738310 6.334390 334.250728 67.599758 -126.657561
6.371895 13.104200 42.876934 14.709975 41.953467 42.031412 -104.989308
6.659423 12.941517 43.029827 10.448824 170.926052 30.201676 109.177878
6.417122 13.301658 42.723927 4.024082 313.501238 78.129355 27.719472
6.654548 13.226944 42.756716 9.506695 132.240557 60.875863 -17.914399
6.267837 13.169375 42.951032 23.996528 103.290358 63.565343 61.172423
6.523522 13.198273 42.973729 13.590542 145.875271 16.001161 115.393413
6.022148 13.180597 42.883385 10.699289 288.423103 62.580644 11.757683
6.537780 13.106894 43.118080 10.943703 145.309416 27.690651 48.372875
6.667467 13.049454 42.957974 7.331898 153.919820 27.334335 118.483668
6.430441 13.139713 42.823632 3.465813 148.402145 51.837211 -52.200536
5.841170 13.095081 42.796389 9.479903 328.063019 32.317966 -66.445871
6.510654 13.237012 42.747751 13.504690 333.483710 28.531798 -57.550535
6.881949 12.530773 42.748064 20.141761 123.415235 59.365216 -58.830653
6.563787 13.156181 42.799134 8.074399 136.203478 39.839061 84.956573
6.191017 13.272964 42.690759 11.166405 305.557489 42.840593 -54.676144
6.127144 13.163988 42.900715 7.916178 290.216316 39.742385 -167.186041
6.316370 12.949142 42.798522 8.738078 174.096673 46.954506 -46.620418
6.770698 13.035643 42.848012 11.869949 41.457890 29.553266 46.056662
6.644121 13.033379 42.720403 20.471020 318.813224 58.883560 132.660994
6.528678 13.014062 42.739600 10.955585 51.162931 49.552028 -129.326497
6.395965 13.048823 42.927036 5.636265 163.287766 80.639534 -84.065827
6.497917 13.259844 42.599811 11.174494 142.803701 30.925412 60.019639
6.859637 13.205377 43.130945 7.949087 176.059143 36.230681 -7.574935
6.388662 12.973571 42.859455 16.694571 348.877572 20.406520 -124.832626
6.260855 13.001632 42.935576 12.896654 199.841908 21.091332 89.726748
6.093651 13.167118 42.957789 9.031104 340.312451 50.731212 -122.055766
6.253495 12.880726 42.712149 8.304766 140.080532 56.139912 -83.023846
6.672183 12.714400 42.760876 15.048242 324.022034 39.199437 -130.415669
6.223962 13.100232 42.852621 13.950619 173.114299 55.968792 -124.893488
5.786210 13.156348 42.810327 8.098166 157.699449 37.410973 -124.713842
6.478217 13.176452 42.854556 9.612472 161.191739 33.383180 52.405281
6.506756 13.082934 42.843062 8.986563 143.287278 58.996154 -53.803734
6.346883 12.891445 42.652019 13.756338 229.986142 45.309377 117.176433
6.508830 13.078507 42.950491 12.449205 343.077445 28.744415 -124.390474
6.737886 12.872397 43.025001 14.654958 322.990895 79.496479 -90.651390
6.625510 13.013109 42.851781 8.813015 143.723277 66.143519 -118.715714
6.650413 12.745070 42.862458 7.208076 38.509599 64.168907 -23.504764
6.457569 13.143039 42.800199 12.071988 285.832818 36.397249 -56.509846
6.339771 13.093816 42.902668 12.051778 174.576350 47.929998 -54.338032
6.064298 13.094840 42.880495 9.739603 153.428314 49.541794 -64.765136
6.221370 13.036900 42.780759 6.471670 276.870626 63.315694 102.893623
6.484230 13.110748 42.997693 3.281563 359.032889 38.955351 -80.727269
6.769220 13.117009 42.816753 7.211660 179.392030 31.013071 80.804207
6.982158 13.093142 42.821724 15.081070 355.878100 26.977160 -102.318832
6.732794 13.235705 42.887899 13.336084 147.374584 23.039457 98.645906
6.382218 13.117317 42.667232 9.858378 8.005664 40.320702 99.765427
6.767771 13.282182 42.866970 5.884686 210.514660 49.076633 -109.732226
6.807483 13.145246 42.967124 4.014163 166.811786 39.014151 65.098538
6.468110 13.141738 42.730920 7.246750 296.225306 38.375039 75.338226
7.025941 12.707096 42.880954 15.846112 346.819958 31.065778 -88.410392
7.015480 13.037548 42.631706 22.405408 186.410358 28.815072 121.157480
6.662025 12.926286 42.753117 11.254630 111.318972 57.137440 -93.983510
6.222002 13.103147 42.644888 13.760026 312.158956 54.719970 -111.700842
6.479465 13.237052 43.043035 6.342810 321.486233 12.987990 109.277922
6.177463 13.174235 42.678556 2.999059 163.501908 38.105947 -102.511794
6.744752 13.338162 42.904762 4.831453 15.445377 36.278905 -158.665247
6.668188 13.139860 42.897484 11.476836 173.920845 51.826706 -65.505561
6.210689 12.953887 42.919139 5.303514 146.374312 51.868646 -89.641093
6.631540 13.454110 42.835320 14.536193 162.367507 35.136677 109.490239
6.476302 13.049766 42.868825 13.566008 59.176457 55.223132 134.465284
6.258946 13.237136 42.705874 11.263233 168.005489 58.483289 -55.752920
6.454165 13.158836 42.790832 11.412746 114.490953 87.554620 150.852622
6.595068 13.128202 42.949738 17.120280 330.813953 49.476771 -93.507474
6.906515 13.331599 42.865248 4.003029 175.577584 26.169064 75.740138
6.733910 13.284932 42.908220 19.928474 166.625332 22.975147 94.799448
6.904094 12.993632 42.725085 6.592877 289.253527 20.775985 148.936709
6.306721 13.158533 42.875637 8.839615 138.739533 32.377294 58.987006
6.257594 13.335435 42.796967 13.160141 69.106901 72.700033 107.664348
6.684573 12.754422 42.841014 9.470853 356.516736 41.227434 -134.701424
5.930343 13.059816 42.798731 9.361714 356.203841 50.233082 -113.249449
6.452278 12.951375 42.937256 13.705908 94.779582 35.852206 -132.339454
6.246483 13.024485 42.825591 10.179537 316.785334 27.065065 60.442918
6.526081 12.833507 42.778886 14.884593 319.980924 30.900929 -49.657858
6.191428 13.148555 42.888348 4.154459 304.382673 74.505536 -178.175803
6.207156 13.060505 42.820731 7.743926 195.338447 58.490512 -81.804406
6.540776 13.047166 42.835021 3.646825 98.678391 48.718557 58.120358
6.626107 13.177682 43.062479 4.695097 89.870997 71.977626 -57.353521
5.811732 13.059206 42.902236 8.186423 145.700062 49.569310 -95.169739
6.643024 12.840333 43.109456 7.986000 316.935891 67.369793 -107.859598
6.165073 13.061375 42.873630 10.125480 135.862090 59.187172 -72.423125
6.375333 13.136441 43.017286 19.049142 3.304600 81.308669 -9.685957
6.212017 13.170302 42.783011 15.227073 154.243438 35.925428 50.013007
6.532220 13.030781 42.927415 6.184649 142.180854 52.935234 -85.445224
6.466122 12.910505 42.981242 10.293137 330.452921 43.450282 -122.227883
6.198203 13.035945 42.742255 3.035741 121.317146 45.485152 -84.425314
6.705309 13.438923 42.561325 14.967035 126.615569 70.347457 -141.962902
6.261965 13.265558 42.713209 15.543752 175.852403 29.851889 121.151675
6.249042 12.925223 42.876446 6.748519 22.373284 83.381318 166.379301
6.394350 13.039580 42.897626 7.415127 166.394027 39.653335 103.364895
6.651516 13.180391 43.052848 13.593161 167.660985 34.304878 49.503016
6.244547 13.109696 42.870950 7.226174 157.165548 34.740602 94.237468
6.508987 13.195161 42.766003 8.549448 111.985554 42.830431 43.113956
6.377395 13.166026 42.816126 9.940863 177.615049 25.320909 119.859937
6.463693 12.876762 43.032014 12.804770 139.028921 41.808711 -104.873230
5.740501 13.192599 42.787397 16.383908 226.895033 41.528669 132.277553
6.182277 13.132305 42.865201 2.611057 169.805916 29.350832 133.253034
6.385064 13.364667 42.956392 6.247176 176.077929 22.974127 126.325441
6.444694 13.184023 43.049343 28.935848 110.648503 77.823067 -127.970063
6.447833 13.088043 42.867680 9.200500 337.246383 40.350772 -80.922571
6.769181 13.256343 42.722723 18.310109 165.247798 34.569779 133.058888
6.553863 13.344978 42.693524 9.280076 178.861835 47.831706 -73.863623
5.953363 13.009378 42.793473 10.128341 126.656514 81.031275 34.922641
6.833448 13.409011 42.635139 12.348325 87.278330 20.012568 103.487715
6.346240 12.975252 42.894920 11.744836 17.408700 87.891640 -117.660974
6.605603 13.214726 42.838936 4.615912 345.578677 32.191478 64.406020
6.342612 12.963424 42.720479 9.975454 356.552794 33.391347 -86.939669
6.708096 13.433240 42.608140 15.639783 159.751454 73.336914 -76.048112
6.401041 13.153904 42.898811 22.855340 144.158782 35.131424 81.818172
6.664544 13.266079 42.797108 5.105118 99.169519 87.643685 -178.355462
6.384324 12.996615 42.726287 17.711223 107.158615 89.969515 -30.077110
6.258795 13.024930 42.750573 3.517216 93.727972 77.813719 -34.701394
6.557455 13.373186 42.859418 5.584192 149.108610 33.476667 -88.024991
6.465959 13.125172 42.922300 12.692255 161.246977 56.088326 -72.231421
7.131497 13.662584 42.558382 12.169035 36.748345 55.731138 -118.690030
6.781345 13.382925 42.811251 5.512847 187.965097 45.425222 -112.180855
6.141921 13.149078 42.750796 11.142459 57.638320 42.122620 60.381105
6.093430 12.887368 42.796562 10.397912 281.920728 25.337150 -107.661403
6.853564 13.089480 42.760644 13.175092 250.254948 72.803550 -78.683863
6.474479 12.907854 42.827580 5.779184 356.638143 39.382148 -115.812074
6.695885 13.000918 42.919718 14.542068 136.097900 82.456044 -101.374536
6.829902 12.829782 42.805181 12.463838 333.772535 58.561916 -34.308978
7.215999 13.524132 42.255303 7.691259 67.752301 60.826467 -81.771785
6.933425 13.022928 43.057609 12.012804 356.855120 21.974214 -125.962132
6.117117 13.049213 42.829445 8.081894 331.224235 27.287749 -65.177801
6.632184 13.149111 42.896384 21.181220 144.670882 44.377610 -66.733978
6.340026 13.011372 43.056443 7.695221 161.165590 77.917335 -96.024785
6.266356 13.217978 42.769315 9.857516 140.631528 38.588337 -88.794683
6.511861 13.300834 42.905658 9.985985 177.428079 28.909121 93.570038
6.790455 12.937143 42.796888 5.434942 138.235851 46.841047 -52.315969
6.350499 13.206314 42.888948 8.479831 139.313758 20.350574 78.636598
7.321678 12.591125 42.892184 6.881502 1.268403 42.204714 160.286501
6.753618 13.573414 42.763951 23.331115 50.449777 33.637308 -88.149604
6.792231 12.999772 43.009987 12.748123 108.511328 46.706381 -109.266542
6.413844 13.163202 42.825399 11.813562 138.780222 24.164796 105.802028
6.063740 13.115250 42.826844 6.346187 346.414206 53.544898 -81.439842
6.049721 13.002699 42.876316 4.067807 345.333503 35.598286 -133.658541
6.230900 13.068817 42.836067 17.802931 159.287014 47.274129 -119.880645
6.570890 13.240101 42.830737 8.171602 175.602855 31.061121 75.769201
7.054719 13.040424 43.108669 4.807788 176.296523 23.664162 89.634859
7.186723 13.326559 43.211783 7.127815 151.155696 55.795228 120.503844
6.193963 13.134450 42.776828 10.935267 159.279816 22.715042 78.461202
6.763826 13.228121 42.984083 8.045416 30.975830 85.639992 -145.332975
6.108588 13.091869 42.915956 13.595322 165.995930 48.561256 -80.211260
6.465028 12.992272 42.745971 19.918347 162.292173 50.752740 -65.611506
6.831342 13.408973 42.871297 16.018083 179.014542 53.045207 -63.204561
6.394321 13.195598 42.859596 14.538259 162.227103 20.443991 71.508215
7.045146 13.231285 43.288620 10.802090 174.328571 48.195903 -105.963140
6.117673 13.006633 42.703374 11.728813 176.896777 55.583701 -58.026067
6.729593 13.417308 42.966346 4.405515 114.638313 36.635380 67.261473
6.328465 13.061417 42.778842 12.276644 149.780716 42.887577 -69.240693
6.347194 13.004939 43.043697 12.697141 153.752307 52.325819 -50.670981
6.288939 13.162677 42.786864 15.589870 172.756409 66.187262 142.280821
6.244212 13.420200 42.733577 10.465087 157.750130 26.343263 68.350587
7.131757 12.741404 42.760757 20.125329 329.271698 33.090056 -118.057882
6.851943 13.025614 42.799346 5.262537 145.204459 57.759429 -103.972272
6.305708 12.931855 42.961339 7.982365 170.213504 55.362092 -80.031206
6.528557 13.030898 42.870739 8.421638 353.968644 32.132146 -64.689047
6.563726 13.385333 42.816281 11.419179 149.404946 30.089122 81.641340
6.852603 13.003517 42.868547 4.911940 347.028354 50.864668 -76.171565
6.504177 13.290095 42.722244 7.423647 41.454759 41.475402 69.515765
6.907084 13.438008 42.874946 12.987983 164.118193 20.306128 47.166247
6.118635 13.163928 42.757469 9.030343 328.221123 44.834168 -76.553427
6.609860 13.315849 42.786167 14.966178 33.253347 16.854340 -55.555046
6.864653 12.848327 43.078537 7.129067 150.324103 48.377241 -114.979814
6.635702 13.098937 42.792956 7.644990 168.342777 47.066962 -56.255460
6.261603 13.150948 42.738721 3.790093 166.221199 39.491303 104.002321
6.113274 13.010845 42.845341 10.698037 138.439730 51.120025 -95.347423
6.808741 13.276022 42.907190 3.060767 168.877785 25.453062 118.783747
6.836895 13.026753 42.892688 9.969493 3.887919 29.554208 -59.743444
6.671094 13.128337 42.889429 18.426741 38.408988 22.119323 52.105092
6.263234 13.026172 42.903110 10.812587 141.342428 56.391224 -86.281605
6.586889 13.315391 42.700484 7.788810 355.630257 77.020981 -88.098746
6.263784 13.070819 42.966521 11.428396 165.393734 59.003645 -52.602011
6.664598 13.178439 42.935054 4.988451 143.681843 20.489832 71.196808
6.938472 13.303820 42.724609 9.105598 137.443095 32.624159 55.227626
6.809288 13.072230 42.707359 4.967218 126.977709 55.775418 -94.093554
6.740388 13.047586 42.817865 15.436762 21.352313 28.310681 126.723314
6.662428 13.033080 42.717656 8.998233 330.029401 22.772706 -65.687275
6.331404 12.805585 42.759252 6.572578 316.796011 44.138169 -86.588954
6.685109 13.048985 42.879005 10.240145 354.483325 23.046713 -101.950117
5.979127 13.121726 42.823050 15.449170 99.496498 57.317366 -82.303274
6.605935 12.928330 42.746072 3.296072 328.827931 36.132981 -55.417862
6.242888 13.123937 42.804985 10.440422 311.430677 31.647505 -108.751229
6.933149 13.228016 42.619643 11.687289 261.267709 28.645642 75.575144
6.460038 13.169976 42.756158 12.840548 287.671768 63.347471 -139.124169
6.500559 12.902387 42.719749 11.577021 321.589950 13.840340 111.379704
6.767732 13.572364 42.776156 8.266856 223.584209 17.997077 46.080098
6.608745 13.268494 42.805154 8.291896 125.626424 31.752212 132.653749
6.543033 12.955027 42.804783 8.504062 331.789257 50.293695 -88.054500
6.517170 13.143837 42.803796 12.299474 25.464060 83.134939 -22.130471
6.906635 12.971609 42.937661 12.031143 18.828408 62.893827 153.400869
6.387386 13.208818 42.949804 11.592521 178.368305 37.562446 107.823513
6.694453 12.736681 42.747008 10.694177 145.566885 25.980989 -90.629339
6.543585 13.053418 42.756978 16.389758 172.374853 43.992815 -49.817335
6.070172 13.076966 42.971186 10.008069 157.349206 39.115461 71.916268
6.415994 13.223095 42.709939 16.912681 165.809110 32.185115 114.314395
6.464254 13.012451 42.774324 14.333121 168.375228 44.612852 -71.427032
6.112345 13.112902 42.860029 8.253182 176.481692 32.130279 93.780382
6.351602 12.987919 42.846221 7.156480 6.039200 47.864305 -5.027554
6.554904 13.090617 42.904738 10.123138 175.963470 30.396902 88.809169
6.896365 13.509577 42.975691 14.974391 185.316585 66.421053 -29.714021
6.657775 13.036731 42.776655 6.295640 327.038119 32.612531 -132.710183
6.541833 13.034136 42.861735 9.328848 341.739656 59.504316 -64.561205
6.567756 13.140098 42.803629 9.729822 225.020865 77.885624 78.762044
5.956957 13.236000 42.854006 13.451035 344.106933 43.810903 -32.202995
6.787453 12.964294 43.038801 7.509313 21.805585 84.826030 -171.424811
6.050545 12.987315 42.847889 11.224675 166.938782 52.958658 -45.727037
6.669344 13.208457 42.667111 5.823902 93.867802 61.258621 -98.836148
7.111563 12.808884 42.726240 10.733043 345.681304 28.946526 -116.338616
6.525285 12.868400 42.760811 9.561152 354.357435 34.874964 -82.947125
6.346054 13.093163 42.723591 13.500908 152.067568 41.123627 -128.920460
6.537873 13.170914 42.956604 7.601294 260.583492 38.374087 52.785096
6.482145 13.036977 42.867223 11.698305 47.028054 27.501965 -124.168442
5.887374 13.031723 42.876396 12.964993 344.356346 51.476836 132.794540
6.529009 13.077691 42.893458 4.484057 99.932120 82.392009 -166.334921
6.262092 13.156976 42.796348 7.098594 141.897634 49.214702 -124.676468
6.819877 12.771403 42.567746 3.950915 291.775583 13.840818 -97.633936
6.146647 13.176137 42.799477 8.129295 274.511419 33.122114 177.767804
6.664975 12.856409 42.685129 10.017608 156.815100 41.362924 -105.247404
6.894763 12.502705 42.985616 12.010599 316.888964 30.699912 -114.580596
6.958721 12.744154 42.999183 5.622472 127.426573 54.206934 -65.862181
6.711105 12.883901 42.631870 15.942128 143.983821 35.757294 -61.080528
6.456142 13.035752 42.754212 7.533747 318.576678 38.246463 -122.534033
6.568011 13.210869 42.810412 8.282479 283.900690 38.859629 -72.021661
6.364499 13.033515 42.825203 19.038478 348.764972 62.030174 -71.122987
6.337245 13.068957 42.933330 9.518346 125.102249 75.074509 -88.460744
6.867466 13.178613 42.553759 11.265341 316.486765 39.671893 -104.319590
6.902146 12.976630 42.836970 13.892537 93.267831 53.287683 -80.732315
6.241744 13.299724 42.780527 11.025986 160.478068 40.499688 -99.114835
6.565876 12.967317 42.728614 4.500611 225.074902 51.330003 48.878960
7.164139 13.647324 43.088664 16.017541 306.073047 76.766914 131.923816
7.296810 13.215883 42.159002 19.008008 295.641677 42.138902 102.280399
5.896215 13.122777 42.841906 13.201688 335.243923 65.511517 -115.036790
6.316426 13.164097 42.872830 15.650266 167.175538 37.327533 80.898022
6.007938 13.153332 42.929673 2.395438 271.795413 41.234268 69.408324
5.981860 13.218777 42.870085 8.956330 145.859317 52.907122 -70.318414
6.529942 13.043514 42.747027 17.718750 138.948814 59.797203 -127.562816
6.299776 13.110658 42.795701 13.511010 151.053403 22.846081 57.437261
7.133334 12.829889 43.141973 16.780086 140.057862 53.036466 -83.302711
6.571182 13.268968 42.608423 15.004104 100.815110 42.923654 -113.130955
5.994825 13.067404 42.887163 11.000893 161.817407 45.452785 -99.069475
6.378492 12.998442 42.691587 11.212402 354.669851 69.949453 14.109157
6.729962 13.124298 42.635751 17.372413 350.456474 51.232125 -119.378494
6.587535 12.774660 43.019980 4.305353 324.981771 24.932466 -76.830382
6.405856 13.090106 43.014928 5.193662 157.917592 81.895946 2.964692
6.552933 13.366230 42.811150 4.568717 144.677314 54.365052 -102.281785
6.507213 12.871081 42.909141 18.770311 153.459219 55.535044 -109.753114
6.228987 13.152933 42.843696 5.132082 11.538975 75.788224 32.642679
6.605670 13.044081 42.833042 13.023675 25.312114 47.578332 -106.132413
6.395290 13.214687 43.003239 9.770166 162.434412 33.040428 112.403546
6.432688 13.059648 42.823736 7.598369 117.449095 70.130709 -167.870570
6.885643 12.940860 42.776742 8.981237 327.129251 20.336525 -70.959951
6.163836 13.140843 42.751180 11.139723 159.489407 20.093277 112.284943
5.752133 13.112128 42.810662 11.534637 159.306627 48.358504 -56.160430
6.586570 13.424713 42.825149 16.767786 356.622652 48.760540 -94.135922
6.667446 13.005169 42.990757 7.009624 156.456075 47.723707 -87.786218
6.580372 13.257842 42.677902 14.652146 170.062207 27.522149 103.252275
6.879523 13.459874 43.018830 9.160369 140.408475 52.027319 81.884202
6.345123 13.079464 42.594761 9.627476 148.416027 81.213847 -1.712108
6.805702 12.411350 42.650556 10.185772 338.472485 37.540097 -4.352542
6.438957 13.289924 42.673678 7.337458 139.675163 35.527865 79.772472
6.389177 13.060402 43.032798 3.810199 137.916898 37.640809 -106.989392
6.269894 13.182913 42.755581 7.841390 140.982647 32.242911 96.987644
6.558680 13.152394 42.864978 8.604027 252.094550 22.218478 132.245098
6.750431 13.151152 42.703563 12.193752 20.757425 52.783858 168.421168
6.390257 13.046415 42.775450 9.022963 334.395474 22.104858 -57.097166
6.581289 12.957866 43.031644 5.492488 167.547659 42.810878 -47.327814
6.441363 13.202712 42.737635 10.780021 149.940623 45.509406 -93.892728
6.716141 13.211478 42.793690 12.974655 162.838989 48.166307 -120.445311
6.079540 13.197986 42.792916 3.082259 169.216716 55.951121 -51.391141
6.217018 13.205314 42.854539 13.766532 316.531216 11.436224 102.628152
6.420359 13.185684 42.880650 10.689764 109.933908 56.702824 -80.943994
6.445323 13.260797 42.800876 22.964233 143.141425 30.701842 124.932159
6.455439 13.242113 42.791486 9.981722 351.399769 46.713994 -82.524802
6.896618 13.621653 42.612351 13.514261 143.410176 32.238410 67.119360
6.341395 13.133939 42.885988 17.408436 177.886081 38.992579 65.567055
5.965072 13.200415 42.932082 9.748985 138.968082 35.006700 120.676448
6.142165 13.125186 42.831672 11.446427 161.696227 28.450627 63.103796
6.431242 12.961125 42.757007 17.712333 168.888360 43.831080 -67.295339
6.664538 13.348895 42.930022 8.061587 114.210016 79.898097 -88.581228
6.411560 13.038926 42.859220 7.349825 153.421677 49.074957 -96.090127
6.234173 13.006740 42.803057 15.719418 161.046881 54.787251 -81.220555
6.784840 13.014307 42.516360 4.590089 266.914782 50.317857 114.427958
6.526760 13.149343 42.867472 7.210826 142.235998 41.570856 -125.301335
5.996900 13.166130 42.872604 5.927401 143.396987 50.519528 -83.742244
6.398504 13.191813 42.675759 12.839517 101.092641 71.179277 -134.520662
6.559036 13.167475 42.601585 8.935238 107.636282 56.052266 -126.488870
6.965211 12.843629 42.838906 7.001964 315.047330 31.096696 -63.987645
6.430907 13.477765 42.721390 9.822324 132.554845 22.889520 -62.745882
6.583956 13.242474 42.874134 10.087722 137.886773 20.069333 73.481025
6.256559 13.233643 42.929101 8.914712 33.204112 70.841228 80.820643
6.277336 12.990371 42.744929 11.176407 295.403419 77.199565 80.253089
6.317875 13.218860 42.898041 3.187814 90.305612 52.531907 -17.686487
6.778865 13.223541 42.949181 19.236378 150.872889 37.650361 122.891395
6.956667 13.241459 43.077664 5.311488 345.496807 41.247560 -97.163066
6.020044 13.061008 42.748648 10.260892 319.707046 20.135019 -121.533785
6.449180 13.032905 42.831029 10.064656 172.051418 49.932050 -111.939941
6.848677 13.154609 42.914900 6.764479 147.930628 21.159612 131.472760
5.943024 13.284959 42.828401 9.453814 236.127416 12.409325 5.947016
5.937844 13.031027 42.806817 3.897115 141.432030 52.390638 -136.746911
5.999108 13.252337 42.648725 2.639270 168.987543 56.571477 -96.065702
6.550475 13.257143 42.956834 14.880949 172.597893 33.764269 111.163359
6.549819 13.144415 43.082797 9.589588 162.035539 47.903634 -50.112276
6.285757 13.043851 42.807344 7.336114 323.181595 63.679812 175.742703
6.293712 13.376816 42.827534 7.902097 70.617762 88.948705 -22.233852
6.718090 13.183777 43.018735 10.413658 172.063767 26.827539 60.010096
6.107534 12.885684 42.994431 11.114423 337.121846 38.775663 7.857506
6.197170 13.171013 42.875505 13.062442 171.974107 42.624244 -135.327884
6.378737 13.191927 43.023137 2.825708 160.710231 38.173499 75.118086
6.908800 13.152880 43.254493 17.433353 146.713159 24.330505 123.159953
5.838628 13.265601 42.837788 16.489265 131.812306 31.401306 -60.018777
6.766283 12.982951 42.698170 8.601342 229.975305 40.033661 -28.236035
6.496949 13.142530 42.707631 14.922605 148.921743 23.045541 63.173911
6.633017 12.919363 42.910742 15.811120 164.552341 43.360996 -89.242216
5.807307 13.134882 42.826941 10.623613 151.840668 22.852508 -114.519774
6.028209 13.163313 42.808247 18.083643 140.936259 32.186181 91.079991
6.989374 12.800998 43.088664 18.974553 161.769473 63.391564 -99.408160
6.642885 13.230220 42.952956 17.517019 138.871656 26.476543 92.600144
7.281594 13.620289 42.492473 18.963794 118.675296 69.745544 -137.911789
6.885432 13.375517 42.860067 9.810178 90.775177 58.313119 -49.253878
6.734139 13.263578 42.948897 3.177968 137.193643 23.094701 100.387930
6.111589 12.974353 42.839058 11.435719 149.799590 46.680381 -133.276147
6.409779 12.963283 42.793337 15.241882 135.926337 42.867155 -125.685436
6.287685 13.292997 42.869842 5.226798 342.891851 49.548636 -56.523175
6.568270 13.251841 42.710172 8.599393 177.006315 22.423988 56.037451
5.989903 13.059916 42.903108 11.279746 164.292001 46.831739 -48.822999
6.767679 13.275769 42.966957 6.218373 174.538470 29.756645 53.969391
6.033015 12.978313 42.948576 9.814389 143.699249 48.614916 -90.188899
6.787731 12.860346 42.960213 23.141060 318.226971 78.075493 66.540617
6.268452 13.151453 42.812817 11.161767 136.680302 72.510508 33.708182
6.633795 13.284860 42.906464 11.740022 147.245477 24.694376 51.167560
6.253305 13.141169 42.741855 2.613002 152.758818 31.408964 104.668583
5.858585 13.167439 42.729441 18.128364 151.504372 37.108037 84.091778
5.867550 13.063418 42.935260 13.002011 153.235382 29.360687 105.743798
6.692465 13.376035 42.619572 9.245117 158.782611 79.098939 1.774653
6.276403 13.203309 42.973971 4.483225 156.867721 34.306028 131.499448
5.934776 13.138537 42.901623 8.450305 140.195670 57.651343 -89.148121
6.470916 13.155317 42.799483 13.898307 149.726519 39.072241 96.416781
6.884623 13.235098 43.034763 4.790816 125.639694 46.421953 78.302907
6.303814 13.020733 42.921557 10.753082 138.459287 26.647132 88.728147
6.258330 12.878036 42.799644 4.674721 296.734485 28.774291 45.744924
6.585416 13.346611 42.708884 4.532539 144.708780 36.514521 82.558861
6.477242 13.023984 43.003406 4.082957 111.503217 70.343851 -128.951352
6.691589 12.581689 43.035959 10.664608 344.391949 57.872604 -119.581226
5.966278 13.187045 42.844417 16.220092 323.772248 49.014903 108.690648
6.815781 13.672647 42.988041 6.291473 164.719547 43.297268 119.669390
6.387653 13.132878 42.754153 6.814585 339.754558 57.309418 -45.099976
6.286525 13.031707 42.887212 5.373380 260.535164 61.146013 -29.051323
6.863007 12.681040 42.857980 4.532128 355.768817 20.139419 -49.771996
6.872154 12.822916 43.067077 13.395306 27.703107 63.214284 -121.105109
5.803105 13.131002 42.812836 8.483329 132.588622 59.084589 -91.384311
6.535452 13.206664 42.840955 18.518385 185.705738 25.696796 -59.345376
6.885585 12.865407 42.674575 13.988092 198.798313 43.578111 150.921483
6.324458 12.938001 42.768405 14.210603 110.138841 44.268323 -49.662295
5.960287 13.098938 42.831550 12.316317 285.263507 42.091029 -46.089881
6.712873 13.239989 42.881000 12.441132 154.655815 48.011030 -132.275786
6.935803 13.376308 42.909346 9.441691 176.244325 89.691443 -6.076859
6.770858 13.120923 42.483454 15.500943 179.594913 40.104906 -96.403335
6.666899 13.214856 42.898302 6.767374 86.998041 85.842589 -174.728413
5.565743 13.149250 42.832589 9.965344 160.701552 27.018532 111.935148
7.196419 13.208653 42.787453 17.994336 165.242245 40.262508 -78.859572
7.060783 12.998712 42.658716 9.011670 134.878569 48.868815 -93.098353
6.674494 13.090989 42.880717 11.938696 179.324040 44.540480 -52.116824
6.350986 13.349691 42.855589 2.881820 175.871042 41.663839 -131.281507
6.627638 13.389933 42.753511 3.492962 161.374780 28.134869 75.849365
6.441967 13.186800 42.873062 11.073613 318.562067 67.465376 -23.519801
6.592276 13.014513 43.002758 15.767426 155.993750 39.296838 118.944739
6.387900 13.204653 42.884140 11.972378 148.333099 39.286751 103.730560
6.867450 12.617432 42.730001 3.701006 304.793211 23.294243 -128.828691
6.846530 12.997936 42.721214 10.250545 82.391361 47.810795 165.061863
6.639076 13.155467 42.661003 6.540754 307.560725 53.198433 -59.403628
6.105225 13.073009 42.824369 13.712645 283.737530 23.371545 -145.189409
6.394174 13.044239 42.832527 11.856157 326.478816 24.293989 -95.589899
6.328255 13.168492 42.851025 19.804371 135.425312 55.839411 -126.950419
6.533217 13.078445 42.813335 19.938440 177.286687 57.717907 -113.148760
6.565145 13.171537 43.069583 6.722187 165.256560 23.239689 100.553711
6.593870 13.273069 42.801191 9.144733 92.449525 31.493672 71.352595
6.520873 12.828600 43.026078 12.134404 178.546672 58.165907 -76.259601
5.821596 13.144012 42.777834 11.899362 154.985078 32.406628 97.649451
6.248988 13.174555 42.910328 14.397892 266.938093 39.066080 105.799332
6.869526 13.410125 42.673378 8.900395 80.606117 53.633369 -50.964071
6.632180 13.427388 42.728881 14.272918 215.365686 60.760124 64.052745
6.180041 13.402228 42.777129 10.489483 23.553549 19.218412 50.117078
6.307406 13.007372 42.780330 10.544414 321.323457 20.071727 -48.940578
6.032311 13.125596 42.877758 14.770372 64.423675 85.994143 -29.424058
6.599751 13.423321 42.893400 9.462879 172.318612 22.330561 67.684451
7.002340 12.666618 42.882815 23.177888 104.956997 11.851843 -120.243052
6.687600 13.437880 42.987461 15.242520 83.495005 85.564053 -164.188225
6.609727 13.042396 42.761140 14.364338 90.064133 80.721630 -2.305262
6.705930 13.481864 42.925388 9.479903 135.661962 44.148817 124.301053
6.468031 13.080720 42.896242 7.498377 145.365500 59.149110 -51.582010
6.434074 12.877013 42.822261 11.781449 147.863547 58.361324 -83.402220
6.734984 13.343542 42.755220 7.526811 160.796111 43.075547 -91.592398
6.229452 13.082341 42.903930 4.593555 304.581591 77.128711 -92.357676
6.332715 12.908271 42.956293 8.776634 173.659683 38.211596 89.760049
6.742588 13.153945 42.801940 11.755746 153.249043 86.618625 135.819850
6.056291 13.060034 42.865821 4.992840 318.669758 21.833065 -47.803956
6.934214 12.735698 42.545805 7.219109 107.877786 81.495016 44.301649
7.165533 13.636950 42.255892 24.914523 104.997735 42.392558 -122.685107
7.099026 13.149132 42.645490 15.820011 303.135209 35.698978 -69.156837
6.162613 13.021351 42.877696 10.418636 231.321001 39.067864 77.997115
6.724987 12.780613 42.532427 4.771070 271.119465 60.004420 -70.410233
6.293459 13.136081 42.750929 14.270790 136.676732 29.919474 73.666948
6.623564 13.267706 42.738122 19.842564 176.132597 21.109829 109.060216
6.608853 13.394281 42.758349 6.756731 141.208312 87.598357 163.820525
6.841694 12.936062 42.600563 8.789922 322.511993 58.855243 -90.147550
6.830136 13.192851 42.769114 12.242261 142.642248 36.416659 62.008092
6.451473 13.289247 42.842623 11.960110 123.393991 51.860528 -110.555909
6.419713 13.038056 42.791178 16.529019 149.141920 50.442717 -49.961235
6.296867 13.099144 42.883267 14.227640 165.882158 55.028966 -63.628725
6.320703 13.055309 42.899081 11.681271 124.132506 84.381883 -67.613288
6.291437 13.008138 42.997667 17.152833 292.687388 57.321932 96.973474
6.634192 13.193786 42.847056 12.256024 142.362569 36.674677 72.451976
5.886271 13.151024 42.807770 15.280694 158.986203 46.198432 -127.598648
6.746134 13.103714 42.717865 15.128760 140.476249 41.886645 -53.069023
6.651927 12.978925 42.869587 8.104874 48.175681 46.980004 -96.121650
7.064183 12.940794 43.147980 11.062873 292.493152 18.311790 74.783048
6.813828 12.999491 42.940994 15.448240 334.381994 24.206906 -123.847055
6.477865 13.068449 42.747098 14.682664 280.815301 23.765138 -48.755924
6.302701 13.095049 42.812243 8.754334 306.371193 70.586724 -62.023761
5.832631 13.150516 42.847000 12.576053 188.579971 46.477491 -55.098410
6.191588 13.072056 42.746703 18.316146 337.996009 31.705938 -126.363127
6.339957 13.202882 42.833831 6.254426 146.191185 54.021494 22.005632
6.670843 13.010902 42.573025 10.931407 123.177672 40.905571 -51.558284
6.387593 13.031139 42.872619 22.427619 351.844405 32.621594 -134.398788
6.321882 13.180515 42.759077 3.266133 259.846793 32.504312 -60.940817
6.729321 13.036387 42.834643 13.385810 157.301711 48.430597 -90.290072
6.503146 13.084528 42.812495 9.469167 96.490756 48.064906 -55.061126
6.711021 12.949772 42.838169 8.526656 315.434464 55.396222 -122.894656
6.726855 12.935987 43.084033 10.944657 154.710969 30.877391 61.243689
6.965775 13.375404 42.445728 11.143026 278.336699 49.009592 -78.751217
6.363564 13.055926 42.709279 13.384542 48.403354 80.563927 144.017752
6.578399 13.220408 42.784150 14.128407 21.238670 47.064048 117.568788
6.172271 13.155634 42.821561 5.674956 148.107948 39.158278 90.882010
6.398807 13.208212 43.017474 15.647869 166.625606 30.615929 109.079827
6.784407 13.595754 42.847776 14.320771 267.431889 44.745073 101.662269
6.358531 13.051041 42.756021 9.727577 166.198405 48.457155 -62.602063
6.757209 13.052507 42.686265 7.846743 164.866789 57.316526 -121.901116
6.285121 13.050303 42.906027 12.246527 138.392625 46.789421 -112.787966
6.717754 12.873363 43.002166 14.532874 157.467376 49.808599 -74.436783
6.854635 13.224263 42.763104 10.223371 150.269929 37.162353 122.667386
6.726592 13.025114 42.794274 12.509633 345.063411 21.387982 -52.067275
5.836798 13.044610 42.730382 13.003383 75.714647 25.379262 10.442055
6.815402 13.157744 43.103943 8.779880 157.430088 38.110082 84.472642
6.490464 13.180130 42.861770 5.165860 140.765388 35.154949 73.254572
6.558047 13.293607 42.732330 9.978869 161.768710 43.553651 -76.644989
6.781514 13.188554 42.779165 15.589520 172.271327 57.386126 -60.808495
6.593544 13.362212 42.771133 13.318968 150.091520 50.429634 48.965293
6.722382 12.931981 42.616012 21.576245 339.018275 54.431343 -125.558578
6.408343 12.850144 42.962770 23.007769 156.305433 50.569635 -92.510363
6.576105 13.287548 42.771568 8.630716 178.926590 47.202334 -64.596654
6.408900 13.260959 42.692362 12.890913 53.658931 55.359542 -112.270952
6.886946 12.547782 42.726301 20.572495 317.829632 38.295926 -130.579798
7.310782 13.482982 42.770472 7.805702 86.350510 52.775481 59.901698
5.838602 13.104146 42.787975 13.940185 96.762391 27.459604 -66.321576
6.947641 12.798657 42.798828 7.063120 210.735747 52.309813 78.648840
6.587450 12.849796 42.971378 11.206849 64.100879 24.422651 -83.941319
6.453497 12.783810 42.979988 13.304195 154.557164 45.988761 -93.342623
6.698041 12.996169 42.951544 2.996995 136.768448 25.574473 50.109753
6.829863 13.146546 42.883032 14.385371 134.977187 55.843328 -72.538013
6.152644 12.951484 42.760210 12.972552 166.060971 44.344382 -80.810064
6.711812 13.147471 42.559724 8.528981 244.555781 50.467447 72.035757
6.604311 13.056180 42.841425 16.982792 357.298446 27.148219 -129.159240
6.401737 13.341118 42.859036 8.484954 99.460781 58.028961 -66.979659
6.801206 13.079674 42.966340 4.975042 137.813740 56.742512 -117.902622
6.278264 13.190804 42.918988 19.506400 151.785960 36.939950 86.420245
6.755566 12.990296 42.980294 4.624294 150.035661 36.889801 120.182865
6.606173 13.084785 42.712688 12.402854 171.127284 41.824192 120.855240
6.602462 13.274012 42.614700 4.792231 135.330170 82.474375 25.119375
6.256468 12.945868 42.862117 13.529417 323.646190 38.703257 -72.743980
6.614069 12.949713 42.510092 7.794490 316.662426 28.342827 -90.190303
6.331156 13.107290 42.722070 16.196612 179.990102 85.621746 -154.866228
6.733290 13.245626 42.677438 12.681264 43.527181 82.874225 -162.351854
6.311434 13.147958 42.896687 16.523207 121.455888 51.662173 -51.567478
6.950010 13.308977 42.931233 15.180514 159.138868 64.782630 26.543224
6.643687 12.896442 43.069180 13.911787 120.091296 59.044847 104.705729
6.783079 12.994101 42.847398 10.100036 357.337096 39.602839 -51.512249
6.597033 12.991640 42.832918 9.740754 316.642981 40.471491 -115.944326
6.463123 12.972590 42.840335 12.234483 146.751862 51.619126 -119.621645
6.521270 13.400137 42.762418 7.175501 121.538420 48.372305 -56.988213
6.413023 13.137427 42.878913 10.452521 76.362998 76.278559 -52.628338
7.129670 12.672963 42.673707 10.163334 317.272674 25.942999 -126.951029
6.681976 12.790512 42.680951 11.804257 322.251418 55.079159 -15.328840
6.395358 13.187114 42.947677 13.049919 149.370777 25.406116 71.481980
6.843155 13.168868 42.794196 10.919529 140.411533 28.245604 92.553551
6.473562 12.976932 42.813759 10.389620 137.033610 82.264599 -25.646423
5.988789 13.047316 42.828726 17.065063 320.527438 29.843458 -107.531071
6.921811 13.051935 42.724120 13.048543 301.581698 68.270623 137.529620
6.537387 12.947918 42.836063 13.876251 145.839364 55.759786 -106.017162
6.735075 13.010772 42.823587 3.978115 141.420873 42.536223 -58.281624
6.467470 13.123109 42.510368 14.371138 37.610212 52.544843 111.214437
5.854879 13.030440 42.864852 16.620102 123.063722 43.620574 -102.593572
6.476126 13.165215 42.869818 4.659697 177.807872 22.654852 107.394630
6.587594 13.087015 42.571103 11.600470 14.701242 33.252584 -28.619857
6.013470 13.183808 42.868218 9.791344 155.463678 21.257575 121.630728
5.799537 13.171177 42.806204 18.184610 157.452846 27.864772 95.986441
6.309998 13.149873 42.843280 7.410160 146.866134 25.584415 72.518596
6.141303 12.996195 42.752533 9.287953 119.426017 27.050660 -88.517115
6.235529 13.102826 42.811942 7.624986 325.812902 38.702364 -65.275926
6.710284 13.371323 42.792068 11.946696 335.629434 57.822349 -81.447664
6.462808 13.240477 42.910155 7.925023 178.304007 19.406066 -80.503114
6.546921 13.420300 42.953717 5.966460 168.134082 20.521322 103.913893
6.663369 13.250454 42.941862 8.638425 136.909697 23.101668 132.617796
7.028206 13.395340 42.572656 17.146312 100.281114 71.594619 -145.666800
6.696958 12.813953 42.979584 12.274166 238.927961 24.849226 -129.650809
6.860456 13.030238 42.569507 5.740838 343.621287 38.493331 -63.104414
6.835510 12.934283 42.486859 27.705858 338.054232 37.319175 -76.392129
6.585713 13.035015 42.747342 8.473120 164.052194 48.160027 -83.576499
6.538944 13.098786 42.796786 14.659853 164.746513 51.756821 -100.515392
6.539470 13.406434 42.877356 6.622301 91.100997 22.443257 -87.631034
6.595750 13.066983 42.951606 5.730672 235.446356 15.748050 82.699995
6.828269 13.308520 43.016134 22.691725 162.338439 22.788549 85.944497
6.541872 13.002926 42.660805 9.920862 109.052658 60.218004 147.041603
6.179950 13.234865 42.870796 12.556686 99.288941 88.255461 138.499967
6.588170 13.200865 42.668088 15.224588 135.263207 31.124332 65.860153
6.463290 13.106478 42.884283 7.819991 147.531924 41.086727 -109.191727
6.619538 13.094349 42.810525 13.411305 259.857630 24.080071 95.422249
6.333468 13.297275 42.695603 7.749986 167.815753 58.571210 -47.170420
6.262429 12.995786 42.760451 5.546669 246.279006 77.442870 -138.057306
7.211771 13.377583 42.577714 6.701952 302.584331 26.088127 103.577334
6.083120 13.294138 42.766736 4.592262 134.804793 37.348600 -127.513979
6.299181 13.072694 42.902885 9.119882 171.332764 39.964953 91.901735
6.556724 13.261818 42.938083 3.584669 139.286998 33.448404 106.482512
6.263590 13.313405 42.926106 14.658647 310.341539 41.353578 119.966145
6.523243 13.045270 42.924208 10.608373 161.085341 58.799588 -73.280898
6.390102 13.104630 42.814698 17.420434 51.557142 84.333942 163.485460
6.833168 13.273763 42.834109 4.451459 341.956147 44.414037 -91.694629
6.121340 13.072815 42.851163 10.811545 172.725711 40.795992 -62.213104
6.807690 13.169954 43.007902 8.155502 156.639240 27.310945 113.168495
6.288611 13.152843 42.791979 11.504774 179.049294 59.503794 -121.825032
6.621246 13.007368 42.942464 7.567664 145.136931 52.334172 -118.307223
6.301849 12.934540 42.907846 9.116454 136.028360 48.073356 -81.640357
6.244228 12.960497 42.840063 11.844212 177.166669 57.949192 -106.590568
6.265645 13.143883 42.838181 12.007597 345.616606 56.690522 -0.475281
6.391250 13.043337 42.800592 8.253969 342.116239 48.034342 -48.489132
6.812257 13.656888 43.035147 10.563453 177.932983 46.314128 119.184334
6.263642 12.966654 42.800172 17.395588 346.257079 26.978528 -115.022645
6.339512 12.990006 42.824843 9.926586 346.607906 21.958101 -86.389716
6.529515 13.202709 42.921115 13.940326 227.488291 37.285062 110.918215
6.577181 13.095473 42.788000 11.818539 149.200559 53.201013 -108.113718
7.185216 12.858303 42.691760 22.118322 139.575624 36.669997 -90.623489
6.935851 12.858059 42.891658 4.067324 315.019478 33.545783 -48.944026
6.449160 12.920511 42.760388 7.414045 20.619390 80.162036 -18.800341
6.576960 13.105479 42.981878 12.612690 97.591655 56.079014 -91.335909
6.805102 12.731236 42.945554 16.527465 145.164303 87.190770 -63.085599
6.539197 13.177181 42.790359 19.887167 153.001455 20.980217 68.302886
6.815176 13.367774 42.897111 12.682690 4.555971 71.158879 54.245322
6.512801 13.429912 42.812366 7.705259 3.864299 43.391953 25.900994
6.726267 13.093661 42.852654 8.768973 162.391989 41.649448 -83.370382
6.063481 13.186954 42.764417 17.344593 243.143033 76.131808 170.672963
6.051868 13.128225 42.888453 10.551865 218.852258 41.216093 125.443047
6.630166 12.687961 42.753049 5.282155 349.612400 26.014670 -102.238109
6.292982 13.160265 42.900098 6.608466 146.576775 23.378242 64.903429
6.763711 13.193542 42.898067 5.161350 141.141175 20.097164 108.244872
6.736082 12.887229 42.658630 10.164778 340.618319 27.413198 -133.366710
6.492439 13.142063 43.004715 3.419694 153.152280 46.577632 -65.960535
6.605132 13.299682 42.785670 11.803937 160.659575 35.500104 65.865517
6.444402 13.228588 42.784183 5.227956 147.535560 52.775054 -116.125845
6.562937 12.852025 42.675341 10.181303 348.790684 36.624103 -69.982401
6.798571 12.824094 42.674231 14.464204 140.380776 10.164574 96.857065
6.157616 12.969816 42.899218 6.209126 161.015994 34.752078 -92.217247
6.721509 12.943921 42.940698 9.512796 100.008673 68.890398 -99.251425
7.031663 12.761115 42.964453 12.313882 160.238903 48.797447 -91.700862
6.433006 13.057962 43.075975 18.379577 236.443718 30.525940 -107.434623
6.474227 13.029436 42.947219 7.697587 112.735975 23.706238 -75.213946
6.034105 13.180674 42.767806 2.775939 140.378262 44.753785 -94.875698
6.186079 13.006475 42.769886 4.101207 173.682129 52.635960 -77.699847
6.578574 12.959011 42.632278 12.418060 296.630121 42.823002 -68.526914
7.158514 13.470346 43.276985 11.809202 225.015896 74.157031 9.036895
6.836386 13.110588 42.791946 8.950813 332.201860 26.674099 -133.227552
6.888226 12.730192 42.784541 13.089167 49.440522 59.515070 83.452171
6.590554 13.132552 43.126771 10.225548 140.781129 39.380970 56.930123
6.121776 12.981207 42.855406 13.142116 29.093538 46.068645 -127.469663
5.983742 13.094329 42.994327 17.486013 159.690716 44.411561 -63.502596
6.817238 13.293284 42.780192 17.475223 167.897517 37.302853 130.931355
6.662231 13.102966 42.993138 6.570973 153.084992 59.143325 -46.698414
7.057586 12.861346 42.834493 9.401413 69.856059 76.764222 -141.508423
6.185833 13.259332 42.812562 9.150103 166.205698 44.775401 -104.145317
5.972982 12.930835 42.837521 13.644700 39.163196 47.061949 -11.742040
6.798116 13.141179 42.706954 9.276337 53.909077 44.898098 179.808936
6.843752 12.976886 42.900972 8.255457 151.222074 45.609920 -129.717823
6.200344 13.172810 42.905238 17.972567 146.815329 72.012740 -134.699328
6.740537 12.803408 42.999835 13.718374 311.534124 42.865522 -97.375349
6.330236 13.106327 43.017066 15.388815 128.273753 87.483929 -45.532558
6.064729 13.083295 42.809970 13.764858 210.278560 41.888276 164.129055
6.329671 13.098521 42.819505 6.689399 142.065464 45.417187 -121.049335
6.084663 13.150887 42.857793 9.589728 317.288813 64.799947 -164.392769
6.570288 13.295519 42.821959 7.381544 329.537916 75.299088 -15.981825
6.653107 13.104576 42.666994 15.196651 104.890830 52.713269 -118.657782
6.426818 13.092338 42.864739 4.074504 236.480600 79.700493 -157.337059
6.655461 13.148116 42.714926 5.731160 177.956532 44.472246 69.555926
6.767649 13.159485 42.857414 12.074758 105.816979 87.466479 -105.821854
6.514874 12.851263 42.775550 14.511111 144.837064 83.501517 1.550285
6.646899 13.355317 42.722822 13.507616 155.789306 26.709487 64.614888
6.748023 13.520320 42.772705 14.648077 147.912660 85.227595 75.366581
6.160727 13.138573 42.844414 5.778909 143.180687 51.128554 -57.303216
6.455694 13.155549 42.949322 17.393234 138.197387 25.333813 86.114952
6.634011 13.077861 42.760689 11.822412 319.021254 54.133013 -78.856159
6.276472 13.237880 42.831615 12.608723 168.424964 72.349719 -73.474258
6.292083 13.026083 42.766080 9.902220 65.637733 80.448087 -10.784118
6.548268 13.067009 42.896500 6.666984 148.797191 40.215236 -100.993383
6.281072 12.984818 42.901668 4.883436 137.133006 47.061516 -62.688199
6.545262 12.944944 42.940593 11.502433 98.642657 70.562677 -135.748161
6.911729 12.795434 42.379564 17.218615 113.691941 52.808950 -63.099290
6.879065 13.125646 42.832694 4.153709 154.668640 37.340627 132.316392
6.476444 13.082188 42.813584 16.047409 30.026183 38.368621 -133.791166
6.665839 13.117655 42.866367 9.660159 4.136932 84.540173 29.194383
5.739962 13.115554 42.856084 11.593092 164.507469 78.940657 4.191659
6.803492 12.936780 42.932127 5.676345 134.807353 75.913095 160.650182
6.622365 12.689928 42.822077 9.967322 32.292730 87.662527 -75.715086
6.124117 12.942814 42.960971 12.481426 347.552841 71.707213 84.004601
6.798949 13.011013 42.998270 10.449730 138.902117 29.727581 46.024837
6.716059 13.523711 42.829595 6.571934 192.154830 49.131761 -83.037097
7.236157 12.774605 42.787263 12.566992 295.889740 45.683281 99.208732
6.336765 13.091910 42.738848 9.008267 204.017314 40.407483 -119.271353
6.758660 13.017744 42.613447 16.384291 91.377010 46.938249 -64.060801
6.328586 13.229521 42.928067 11.139290 160.424765 24.587924 90.710850
6.014063 12.976719 42.791576 3.276816 233.049910 43.713556 46.214173
6.170472 13.167161 42.742970 5.807635 157.965917 45.085542 -55.612209
6.118340 13.281845 42.941148 12.469164 358.440673 16.932664 -61.615418
6.832410 12.906034 42.867862 17.737586 96.933346 81.024438 23.608869
6.799115 12.787801 42.857325 7.160981 320.481825 56.178859 -65.459548
6.789165 13.298031 42.673907 3.814941 151.942604 26.095613 81.642883
6.591892 13.313496 42.914466 7.821010 152.834773 28.937093 57.962403
6.466298 12.579280 42.801618 3.126289 320.757007 20.643307 -109.413103
6.489743 13.088037 42.907795 14.066424 175.775442 48.160788 -80.577264
6.696818 13.027971 42.519366 5.134063 132.313177 78.732102 -90.368251
6.184543 13.150872 42.879665 14.507691 321.054369 59.897613 -69.145813
6.652694 12.792060 42.846332 10.148446 148.148019 87.094899 104.974071
6.481571 12.990489 42.891584 18.158217 150.027095 48.685336 -110.386263
6.001572 13.060180 42.885060 9.467110 2.545240 48.037340 -58.376026
7.212896 13.385921 42.512413 7.257651 276.255316 55.033498 89.596851
6.737149 13.211087 42.815527 5.022449 109.046803 65.637090 -120.069264
6.618171 13.011137 42.782278 11.345756 179.103984 57.404260 -58.686914
6.102106 13.159470 42.798459 15.505865 350.708377 50.298733 -9.278757
6.535303 13.142608 42.870142 17.905258 143.049057 27.280277 48.525983
6.310146 13.158928 42.912247 7.625400 148.969432 31.083401 56.767400
5.855502 13.173896 42.823554 16.105654 346.150646 71.230630 -60.748818
6.473599 12.996395 42.880387 12.815182 166.627848 41.060948 -95.663916
6.133235 13.105068 42.844701 13.731204 270.493345 64.526131 144.526804
7.360342 12.696579 42.629101 17.359459 70.506992 84.532668 159.250603
6.512627 13.122345 42.711181 5.587556 139.381618 44.031873 -56.841237
6.858805 13.471558 42.909997 9.856483 154.726514 40.603801 107.861322
6.368222 13.149003 42.820861 11.428903 152.217342 38.441071 126.233813
6.535231 13.249069 42.713591 11.773633 167.914285 57.067365 -53.308206
6.763215 12.676301 42.624544 14.308390 331.784580 39.905809 -86.273857
6.771760 13.093690 42.941734 6.946815 176.245422 57.100700 -46.156282
6.164555 13.153834 42.812156 10.199295 246.514862 46.567813 -48.425586
7.011532 13.555003 42.533438 18.016815 97.796692 67.544886 166.739617
6.719536 13.184524 42.697433 6.500187 97.703257 58.353067 -96.809920
6.815948 12.985747 43.068200 19.434503 37.066700 71.339413 60.305881
6.251194 13.255154 42.721489 7.455386 136.907886 24.502557 99.262437
6.443123 13.200225 42.871229 7.744549 167.168791 37.094890 115.440706
6.403808 13.266957 42.794014 17.482820 154.100684 73.145523 86.402266
5.923111 13.153356 42.869517 10.259205 110.553267 38.956162 -72.047362
6.334350 13.159284 42.788855 11.720274 160.507474 21.465977 87.266745
6.721983 13.340157 42.752721 14.727458 217.237692 58.453944 -73.107507
6.380777 13.307774 42.982475 15.350694 207.551524 34.215933 18.157702
6.140163 13.124084 42.736806 11.052279 172.833249 59.447751 -92.263195
6.063367 13.124147 42.906954 6.257145 165.639172 47.128499 -114.870098
6.709987 13.267939 42.723085 5.543686 174.874465 36.082145 58.579861
6.459308 13.310741 42.772308 3.026711 100.313747 39.197801 127.653552
6.365359 12.967593 42.791888 9.024410 150.302298 49.960664 -96.553696
6.484174 13.341134 42.862134 9.773107 296.206052 14.548466 63.711147
6.696107 12.936033 42.882059 7.164305 170.891472 88.345111 -37.939322
6.447736 13.068293 42.724371 9.827169 330.152140 32.806304 -105.972337
6.449328 13.126068 42.716595 10.483990 175.844679 23.155808 66.938811
6.883955 13.020303 42.896367 10.326812 195.762787 49.307226 -44.576575
6.773852 13.052832 42.854223 14.479356 165.280903 77.528853 -113.670903
6.115915 13.291840 42.888568 22.567534 128.842036 34.303518 64.652054
6.609213 13.010275 43.145317 3.058337 147.560991 29.328086 71.834859
6.366967 13.064862 42.739528 12.057578 155.270870 81.222987 160.387810
6.124088 13.283171 42.739563 11.169155 18.822685 40.196821 -75.503073
7.158414 12.706219 42.848720 3.459700 2.501579 20.057833 72.330403
6.704763 12.653721 42.794553 11.689225 167.292266 27.791284 -53.555094
6.359368 13.044506 42.766698 12.143132 296.410092 55.401680 128.479252
6.758751 12.987547 42.870640 6.647065 103.082615 54.113485 -52.043093
6.456478 13.018704 42.881255 5.866529 328.604592 25.373400 -97.734843
6.640623 13.023537 42.596204 11.832666 223.649106 47.569171 -37.318759
6.879044 12.780507 42.609039 16.061991 163.964373 28.878258 16.380667
6.140108 13.178074 42.850700 9.661101 139.902339 26.709929 59.900000
6.673958 13.239832 42.663573 8.552425 242.997629 23.272470 -167.107831
6.577686 13.016675 42.980982 10.615361 124.682137 34.507498 -50.201532
6.682224 13.077252 42.653106 9.286257 349.000620 43.938971 -101.278760
6.345065 13.319451 43.030253 17.344167 156.038830 37.263739 77.276123
6.709203 13.160702 42.715938 11.986798 143.849298 37.493349 97.422842
6.405612 13.181487 42.931655 9.539335 146.088986 34.796345 77.982996
6.757311 12.774182 42.821166 19.494639 335.207941 23.141297 -86.180271
6.787771 12.703148 43.135755 4.706650 64.456634 46.787027 65.085741
7.152763 12.478466 43.028669 6.926503 23.921792 40.638654 125.931094
6.789111 13.306801 42.733625 13.756861 147.544069 32.484932 86.991964
7.082790 13.280820 42.897464 9.737336 62.965122 59.621972 81.622884
6.108377 13.111874 42.884499 4.294554 287.558136 28.247913 49.643505
5.962343 13.111146 42.832606 2.823741 15.353586 85.040256 159.125562
6.163357 13.070439 42.789149 14.529655 156.378410 64.050611 -117.013608
6.683747 12.886686 42.542866 12.551510 359.874139 24.074167 -54.064258
6.376344 13.174279 42.635682 15.298471 173.176988 48.578633 -93.056040
6.610931 13.294106 42.989914 12.387802 121.023748 82.156548 -168.422151
7.103264 13.412373 42.911644 10.326189 155.751969 48.752928 170.322818
6.201192 13.171489 42.929206 4.640789 146.704424 37.946345 121.514284
6.564251 13.031129 42.861085 15.668332 135.596213 80.559109 138.429973
6.657443 12.996785 42.879386 7.898888 151.851660 65.744380 -63.157388
6.789701 13.265782 42.985984 12.954223 304.969192 25.946858 63.713107
6.324730 13.112045 42.711914 3.533067 191.731540 53.824022 106.871492
6.944048 13.069457 42.957420 10.444256 155.213640 41.364996 -133.443813
6.476764 12.998499 42.726329 14.712449 108.606598 42.152112 -76.576700
6.492849 13.012103 43.026278 7.786297 37.287345 18.575524 109.457550
6.382851 13.121077 42.859788 11.233292 45.925065 83.251324 -170.992995
6.311562 12.986361 42.827164 9.173203 306.095217 75.334810 -100.780578
6.868914 13.188981 42.882864 10.319114 30.348422 59.998165 -70.458170
6.931804 13.006125 42.925985 10.764788 167.619782 42.251412 -123.807939
6.321346 13.165132 42.815776 14.582352 165.700510 36.416777 110.006938
6.769924 12.852285 42.869278 9.474927 37.851562 50.099079 -76.056574
6.733070 13.272216 42.873497 8.963974 146.793059 33.272324 88.480662
6.701438 13.066901 42.632731 11.471039 329.696516 21.719573 -91.161999
6.257285 13.103295 42.756177 10.500902 32.819524 26.707781 164.361118
6.445650 13.118515 42.859485 13.681134 158.215811 43.317590 -80.748731
6.633246 13.062220 42.901952 4.466535 177.641305 40.677936 -71.984894
6.393595 13.120172 42.749067 12.235977 248.695221 43.178948 53.524865
6.299167 13.063125 42.651107 9.303721 145.931569 58.100197 -69.885657
6.328392 13.436560 42.733384 11.105786 161.223915 32.773966 52.986449
6.498558 13.107975 42.877218 9.895201 174.887231 45.033551 -118.600828
6.078044 13.033498 42.827472 11.910622 96.410915 42.467066 -57.822379
6.460411 13.041697 42.564822 8.078822 319.466120 24.023236 -85.536727
7.109383 13.352134 43.065143 14.129034 160.566435 25.844565 69.405936
6.460194 13.220761 42.948425 9.767216 90.716018 52.230966 55.145614
6.059564 13.109416 42.871262 2.515020 345.197605 31.357797 -52.757809
6.281584 12.917874 42.764153 13.087033 150.151882 40.830107 -121.365479
6.450790 13.176190 42.562771 9.715874 143.374250 45.745969 -87.578886
6.457181 13.187279 42.971105 3.019941 167.468342 39.155894 64.175031
5.894900 13.135041 42.773086 15.545049 177.551442 55.963578 -131.367677
6.507423 13.399955 42.707556 5.134086 148.225453 30.882732 88.384265
6.454854 13.088371 42.863493 6.816482 167.875988 49.457016 -110.150620
6.632006 13.209243 42.846099 15.026072 174.486928 25.525252 121.279004
6.532249 13.008971 42.816019 4.366843 203.592699 72.608264 139.499135
6.651563 12.924788 42.772075 12.628377 140.750176 55.284710 -73.602029
6.246474 13.101454 42.799347 8.578538 216.244934 45.844692 -86.784091
6.268673 13.137691 42.736793 6.684349 68.882236 73.788732 -162.621189
6.578308 13.044007 42.871665 16.870878 277.606655 59.417884 -162.630044
6.275003 13.116438 42.719219 10.253284 265.087144 23.175723 -179.979864
6.154694 13.160103 42.791110 14.226640 137.586438 36.175933 126.706343
6.495095 13.199858 42.763371 10.699940 170.135347 83.632853 16.941563
6.703405 13.154008 42.669584 13.511248 159.422384 39.078304 88.910010
6.585504 13.043994 42.794417 8.506594 170.352171 47.340110 -131.869153
6.131706 13.227565 42.779980 7.321988 337.808781 52.793113 34.528037
6.561304 13.222552 42.988175 12.780559 300.123597 41.663517 -54.658948
6.883690 12.971622 42.763280 17.677685 351.342680 31.249551 -99.670869
6.317581 13.104614 42.714148 17.515881 156.555455 53.777408 -69.315633
6.826104 13.237485 43.020638 10.948127 167.496314 31.565532 129.732452
6.829388 13.138636 43.232317 21.010522 233.272636 59.577856 -70.081863
6.310415 13.018964 42.776252 14.543495 342.982068 33.781871 -54.113120
6.506967 13.244597 42.818234 4.475591 160.659473 42.957607 -96.984690
6.789542 13.069774 42.695630 11.693575 298.843643 43.854416 -103.689807
6.657577 13.156456 42.905001 13.385253 0.691897 89.209231 135.703321
6.768117 13.393065 42.987282 7.319956 59.474711 82.335870 -138.671996
6.522339 12.818849 42.785083 14.914479 355.411779 20.198786 -66.712665
6.885422 13.116005 42.599902 5.481476 296.073832 58.830063 -83.069266
6.348361 13.270129 42.914481 11.434196 158.515349 32.592187 132.916025
6.459497 13.030722 43.003280 14.576529 148.252722 45.609968 -133.684967
6.246861 13.278854 42.796180 11.553359 320.077006 70.287595 164.445990
6.335384 12.989098 42.808133 12.892662 323.772490 20.964349 -112.314022
6.184402 13.102082 42.769967 9.756479 163.420588 56.766113 -131.751204
6.591882 13.003516 42.884542 5.324002 176.329838 76.048981 -119.626257
6.332966 13.004455 42.777909 15.327239 48.480567 85.688144 -40.491473
6.590999 13.063461 42.866027 14.624760 177.068377 47.608821 -56.960984
5.897308 13.073343 42.773486 13.971153 161.360604 49.658775 -46.139110
6.841816 13.438222 42.901192 11.567073 3.606307 40.710249 -121.888425
6.703238 13.075484 42.781980 19.608855 178.468188 46.371045 -123.670728
6.532973 12.976661 42.744319 4.562049 161.820329 16.690243 83.026143
5.512225 13.083247 42.841652 19.320110 292.148503 59.027705 106.459197
6.398449 13.001686 42.724898 14.741283 226.693294 29.133203 159.749526
6.802459 12.941944 42.697798 24.165268 179.080141 42.443427 -101.125913
6.589649 12.994518 42.802652 3.907628 179.494873 51.293283 -86.152706
6.331235 13.079415 42.907855 4.781142 64.900677 46.174734 -166.093486
6.268493 13.172113 42.865906 4.220794 222.451573 45.631881 -146.005291
6.237484 13.021061 42.931375 11.644630 177.250372 41.834648 -113.841933
6.303417 13.245938 42.857982 10.984787 257.626530 24.001879 -146.739681
6.741610 13.212937 42.601812 12.278939 145.628780 86.826570 -165.968051
6.157189 12.928307 42.874332 7.340341 28.009254 81.288773 -95.754623
6.346580 13.156794 42.833201 15.141798 166.799757 41.750184 -72.263182
6.064770 13.174969 42.773090 12.383606 157.349390 53.109727 -130.832920
6.630223 13.064864 42.754297 18.529527 176.095533 58.646605 -82.670333
6.362272 12.825864 42.989057 13.055180 115.609945 83.373316 36.897634
6.877772 13.525794 42.995548 16.218262 247.422698 57.333973 155.087793
6.569867 13.257369 42.617546 16.163671 163.591701 53.820030 -87.441852
6.458375 13.288462 42.755592 5.786155 227.275488 73.175436 67.707900
6.594149 12.982759 42.840390 10.385980 190.696536 38.893282 79.168259
6.493829 12.701926 42.846454 16.508111 139.600886 22.671556 -106.623334
6.116032 13.094517 42.811497 5.987991 342.321854 20.597201 -83.252006
6.675226 13.177590 42.847633 18.199063 144.734666 32.356668 68.753435
6.454022 13.070328 42.755704 6.543341 161.671728 55.157192 95.546986
6.418888 12.927233 42.809371 9.937402 159.388501 50.782630 -84.135635
6.622919 13.204112 42.717050 9.491242 335.828999 78.605943 -59.784335
5.942776 13.095415 42.850832 7.538719 315.392907 42.803467 -80.052301
6.361423 13.348194 42.858586 7.427769 136.088073 34.992195 -89.193537
6.212585 13.030456 42.965372 14.886774 263.562751 39.055881 100.396211
6.657897 13.147311 42.581383 20.470023 139.429407 85.584472 -8.105073
6.495531 13.242025 42.784348 9.385583 204.747860 45.018055 -89.155257
6.113437 13.114312 42.840555 4.593094 157.034886 55.768642 134.183790
6.682411 12.864567 42.871921 11.218292 318.848478 60.425759 -44.899187
6.936062 12.689724 42.915557 11.034132 312.294854 58.385906 -61.275699
6.465456 13.222953 42.763461 14.675565 145.878031 31.215553 52.010922
6.415307 12.842828 42.576725 12.829825 275.939131 31.742244 -109.603789
6.173187 13.060438 42.711785 9.205141 137.551364 43.072366 -120.313682
6.669876 13.180251 42.740313 2.881164 137.204671 26.813921 116.928076
6.482056 13.144466 42.814831 14.731794 174.729799 21.269137 73.210689
6.699145 12.972444 42.902525 11.013070 177.771254 41.260345 -105.531188
6.760624 13.100542 43.187315 3.659451 112.987017 35.889065 103.247039
6.691388 13.262945 42.778448 9.316998 165.770058 50.117822 -120.308681
7.351015 12.945300 43.083865 14.441457 135.706908 11.311132 81.400172
6.610575 13.264829 42.831890 18.882980 144.591447 20.517440 70.215357
6.381032 13.146173 42.955183 14.187890 343.684863 28.131352 -49.497848
6.401683 13.241884 42.586973 14.007732 175.525418 44.758570 -121.308784
6.382931 13.110836 42.781819 14.687885 171.127503 33.432298 53.582979
6.093391 13.263235 42.807869 9.396255 156.218714 36.806891 67.563505
6.361236 13.071158 42.992454 5.127347 323.664718 78.005070 -67.665282
5.920183 13.220503 42.820602 15.264318 330.687200 61.427196 -123.055410
6.441287 13.122112 42.995269 19.670124 168.536920 58.839646 -68.289310
6.676738 13.297209 42.926014 8.905938 147.323509 33.030902 128.862630
6.746822 13.216973 42.962699 14.468952 169.868709 36.096681 57.640952
6.555545 13.130603 42.753850 12.659871 93.109329 54.878213 122.767061
6.839133 13.142923 42.584936 6.570271 148.210908 55.603072 -128.579544
6.602239 12.874812 42.747524 12.057556 348.409015 24.443576 -56.907895
6.890616 13.103044 42.894421 6.105507 303.338796 75.689139 -94.966904
6.579977 12.962720 42.767065 4.030062 141.466113 37.323737 49.416115
7.049425 13.008586 42.581168 13.284035 157.799330 48.463443 -55.137478
5.951446 13.135941 42.930492 15.507555 138.105468 55.441322 -130.954551
6.025793 13.092686 42.766062 13.913310 344.198734 32.306595 -50.706277
7.015270 13.100960 42.758630 9.884839 141.223807 53.027492 -75.713810
6.298214 13.088509 42.791856 11.125908 114.365500 28.584316 -96.081494
6.673392 13.033076 42.890894 7.918715 176.792547 48.151313 -134.665080
6.637734 12.872185 42.763281 11.022027 280.079409 50.922018 -100.634166
6.689316 12.802335 42.691231 14.863931 139.759016 55.366269 -92.873548
6.534383 13.019021 43.044656 13.370824 152.405899 24.328277 -55.582877
5.976997 13.243065 42.806203 13.429247 66.210488 46.163150 108.764484
6.741334 13.135463 42.573031 20.566563 174.572008 41.053914 -84.219656
6.351448 13.301337 42.806461 7.746160 145.554688 34.046714 61.407668
6.447892 13.101445 42.729843 6.106477 165.282481 56.098208 -124.538719
6.874586 13.110343 42.608124 14.686781 159.971673 40.616617 -118.201647
6.791849 13.002960 42.941391 6.303934 171.628686 35.855333 79.188122
6.490937 12.906490 43.009564 11.224170 96.361308 34.962641 105.155277
6.379410 13.317715 42.830294 14.039161 137.937472 56.277006 -98.747052
6.526311 13.189024 42.829042 10.911002 158.749344 30.186811 88.391528
6.456375 13.152673 42.927327 6.721560 166.798258 53.775604 115.586462
6.470515 13.312264 42.829109 7.519626 160.759242 35.721609 100.469930
6.355163 13.277724 42.739773 2.952330 267.088845 22.711152 -99.603800
6.179331 13.075606 42.866317 15.291929 174.829037 47.989511 -119.531756
6.815135 13.274942 42.921782 9.676364 178.760704 34.777348 96.354307
6.095655 13.040089 42.923779 11.669907 273.370771 64.465682 -143.104297
6.630157 13.127726 42.684185 5.899140 155.018516 53.217660 -67.663116
6.689523 12.919645 42.811585 10.929700 191.662353 23.082004 -60.329676
6.655697 13.145268 42.509299 17.420283 175.344044 40.070942 -102.303481
6.573772 13.332970 42.877807 12.059015 120.306505 72.511738 -127.906379
6.507725 13.026860 42.558930 7.653237 348.771241 30.906294 -20.221566
6.706536 13.541148 42.732419 14.271792 35.350490 84.552114 -25.791049
6.247662 13.231390 42.907706 15.277512 151.099832 30.906775 109.990323
6.605403 12.860336 42.817516 9.775156 334.444048 23.137110 -116.380702
6.636732 12.995647 42.956598 16.937402 330.959497 49.102020 -111.811690
6.432677 13.341288 42.689602 7.933256 173.486600 40.382487 -124.014571
6.602556 12.924730 43.051766 6.377502 155.502575 42.497644 -91.523461
6.394108 13.124710 42.969953 8.035520 136.075755 32.308400 67.314574
6.476289 13.360465 42.844860 17.407611 88.269551 70.540798 -130.419831
6.423678 13.272196 42.909661 12.349366 137.783320 37.654587 125.212428
6.248764 13.164195 42.856562 9.015775 140.049512 38.761479 77.525474
6.442841 13.204250 42.919161 11.603421 136.630534 30.782294 49.777480
6.596339 12.880792 42.834851 11.193152 314.619570 18.401778 51.648763
6.323438 12.965073 42.824398 13.521316 76.693107 65.329129 -42.373241
6.819878 12.680136 42.619761 10.307784 196.739701 33.058480 42.955106
6.679648 13.185350 42.849501 13.903035 359.237795 26.166073 -51.376485
6.593202 13.430353 42.978255 3.070665 150.814186 33.604863 121.096209
6.519008 12.902496 42.946330 9.387183 278.183987 41.097242 -81.977474
6.367394 13.175466 42.789690 8.432982 63.164218 80.356822 147.599068
6.360507 13.000570 42.904153 10.021783 244.182924 34.103313 -87.654007
6.807473 12.857270 43.035115 5.144251 145.558103 53.226383 -99.134137
6.436088 12.943723 42.872951 18.765372 344.683934 30.132242 -124.329440
6.612714 13.342214 42.912267 16.841913 70.008433 79.519487 -61.479395
6.564849 13.381750 43.018838 5.319670 10.044462 25.418998 13.898606
6.757832 13.162430 42.946041 14.330551 165.452549 33.160965 46.812998
6.593229 13.185412 42.833153 8.573912 152.690479 48.396639 -66.586402
6.250567 13.022965 42.906749 10.402647 167.816119 47.950436 -122.125070
6.459418 12.920350 42.815871 10.772763 171.236454 58.157767 -124.566438
6.611983 13.167018 42.938992 18.331535 107.832669 57.739651 54.998442
6.918887 13.048266 42.793864 15.901679 123.945218 41.281446 143.594989
6.278721 12.930040 42.803713 3.843735 161.501199 45.830653 -134.700395
6.452113 13.186916 42.862634 12.681527 156.529982 38.185155 64.531928
5.875017 13.209015 42.818024 18.193794 150.873486 24.929661 51.283681
6.120928 12.939816 42.805030 11.146018 164.833228 59.662006 -47.689351
6.833729 12.777896 42.803358 14.226997 353.109294 71.210617 -118.807448
6.548522 13.182527 42.848223 10.129920 260.917099 25.488252 81.773038
6.020002 13.127553 42.760392 11.847598 109.335866 62.252686 -111.482302
6.077872 13.102743 42.886288 8.096853 105.250900 53.801553 -106.347257
6.541960 13.195240 43.000730 5.096725 82.802541 72.070670 -126.485890
6.354812 13.166907 42.736956 15.966091 168.725281 30.271065 115.928102
6.548050 13.080487 43.027011 8.050978 335.919189 30.587874 -86.185464
6.492067 13.274555 42.789213 8.714372 147.569954 37.085869 49.118322
6.440062 13.321043 42.947024 14.885566 160.064965 38.020108 94.344306
7.066439 13.510804 42.833957 11.925712 175.565017 24.509811 54.038427
5.953464 13.080832 42.811890 14.712570 154.888296 45.195928 -125.659448
6.954393 13.022986 42.965005 6.863530 175.607923 81.566345 -176.168572
6.358231 13.461264 42.946843 12.327112 109.640072 56.917423 53.250213
6.633739 13.146996 42.428639 2.700014 69.386162 19.188264 70.674919
7.284596 13.485262 42.808865 12.540014 132.036336 86.320233 13.822026
7.046692 12.992016 42.952758 12.672725 352.975675 43.500447 -132.562608
6.855474 12.992767 43.190475 8.954106 145.563773 21.209552 74.845654
6.247629 13.225365 42.941353 9.582926 141.318890 23.143073 65.282933
6.815966 13.511968 42.993797 13.125521 148.998263 41.596119 93.729995
6.655020 13.106807 42.734120 14.336362 326.878406 44.143932 -89.005730
6.875819 12.924595 43.012088 12.680724 353.316916 22.077700 -25.477888
6.609563 13.224156 42.954790 13.850477 139.751009 29.427662 59.117063
6.380331 12.927621 42.996986 19.322564 141.093996 56.666795 -127.002881
6.678731 13.025489 42.838269 5.640098 344.951910 33.736007 -111.602018
7.350441 13.464298 42.306272 19.479265 103.174212 55.952943 -111.131638
6.583625 13.062737 42.850645 4.048619 140.337012 52.059178 -93.223720
6.133916 13.244129 42.719636 8.707811 138.445167 26.546349 89.285924
6.348712 13.079063 42.827480 22.163084 354.717012 20.275798 -96.657425
6.325603 13.239758 43.082244 5.335792 154.820471 33.373268 49.678454
6.932576 13.145020 43.085651 12.661703 175.328955 33.841154 95.098576
6.405459 13.052727 42.941011 8.920614 163.739835 51.289706 -47.723088
6.614084 13.327972 42.572966 11.726528 313.923835 23.707834 -131.523032
6.643407 13.020432 42.801611 19.311597 333.121972 35.457162 -104.268582
6.384974 13.124298 42.911682 8.424942 333.032747 49.866510 -66.592473
6.007952 13.250611 42.715115 12.375586 138.560270 26.555094 126.383706
6.667354 13.210800 42.781235 20.429626 168.862877 24.774694 80.955733
6.236944 12.977875 42.932748 18.197174 145.641237 13.122738 -89.985119
6.480449 13.075033 42.656119 11.890733 214.586606 56.156917 170.858887
6.777135 13.108756 42.814924 9.752131 332.788271 73.575153 -131.246405
6.039170 13.117009 42.722331 10.670015 281.395639 56.122437 -91.983985
6.351637 13.167327 42.702492 12.945974 147.702097 22.196499 74.549467
6.129102 13.020644 42.939353 7.259531 222.204744 51.136091 -124.398999
6.134899 13.155571 42.843407 12.430959 34.324795 48.057042 -45.541163
7.068046 13.405797 42.917884 11.925086 15.557439 43.028953 16.733795
6.563306 13.288738 42.706679 6.735324 43.486886 86.365527 3.924140
6.681365 13.003559 42.892508 12.263501 144.170448 75.508705 75.625123
6.374725 13.083950 42.854199 8.638303 77.282214 89.016001 -24.547458
6.553671 13.351809 42.945832 13.718151 58.143956 54.445731 123.152034
6.607776 12.947143 42.694316 10.000105 171.464713 52.666894 -131.524853
6.828304 13.245859 43.201159 14.474953 67.112738 47.245331 129.312433
6.625639 13.004659 42.961543 13.432599 172.868798 31.095606 97.891300
6.318641 13.181467 42.640160 8.662568 106.263343 49.560744 -100.772222
6.365339 12.987846 42.787948 8.228240 161.938231 58.340400 -60.892608
6.829985 12.903469 42.820181 12.803208 109.680139 22.924596 -68.713929
6.097266 13.216480 42.803250 12.664583 160.031476 57.223918 -113.097772
6.381717 13.053099 42.769118 11.829111 77.135013 87.119008 -150.988440
6.569261 13.122018 42.823268 7.884564 90.370110 69.903177 -80.130353
6.840187 12.788108 42.816334 11.362903 70.571202 81.572678 19.833561
6.690051 12.954873 42.625457 12.224496 281.397584 37.327846 -100.178807
6.098223 13.234012 42.943416 12.297014 296.631657 69.447676 109.095529
6.780882 12.776924 43.228093 4.654843 340.037350 51.911423 45.465534
5.977057 12.995818 42.790638 14.510948 349.569498 21.230152 -114.876788
6.589438 13.126927 42.918735 3.760210 173.941953 47.814368 -48.039549
6.928087 13.269017 43.035188 9.885851 154.874556 32.106975 84.681300
6.720971 13.115776 42.810261 3.472019 158.030267 34.774982 53.153013
6.524951 13.264726 42.898170 17.130619 171.194674 22.528289 86.805809
6.542476 13.091486 42.999086 6.446765 177.278622 42.730167 -88.279711
6.166061 13.227348 42.844078 14.798825 102.468428 51.328128 14.658060
6.924903 12.913583 43.001212 10.831159 136.333345 54.834774 -118.573708
6.427302 13.215590 42.887282 3.354001 280.862965 48.521386 -101.176918
6.673907 13.388726 42.960170 10.700352 130.828271 83.973479 -171.098886
6.306558 13.005592 42.843926 10.122136 281.598900 38.662337 -57.793306
6.521565 12.966842 42.781823 12.443276 139.928073 43.202763 -84.965691
6.385241 13.271708 42.637733 9.265276 173.086547 48.366462 -126.258699
6.297091 12.978315 43.043383 12.830610 145.054035 46.362975 -80.320231
6.119163 12.971864 42.763636 9.579011 206.506957 57.822334 -147.087246
6.550722 13.037444 42.871534 12.635759 284.071770 66.441662 119.440497
6.267830 13.083092 42.738229 6.200734 322.114308 49.780003 -107.788864
6.652963 13.228712 42.922731 5.607930 296.235542 67.282935 -11.414512
6.288552 13.080093 42.840978 9.013955 169.497581 41.343016 -134.275545
6.608926 13.113532 42.749390 7.756352 123.702888 53.724950 -105.022476
6.513180 12.927050 42.679491 15.445018 135.236619 47.325085 -58.688382
6.190090 13.235035 42.844078 8.876723 238.512956 19.388486 81.086700
6.640727 13.422514 42.885847 11.587368 173.893881 39.072850 62.940444
6.142009 13.097702 42.894816 6.583057 194.938254 21.930871 64.334522
6.971948 13.003269 42.425861 11.589737 277.765206 12.352637 109.538785
6.600108 13.035308 42.890832 12.024463 15.064552 10.915882 -131.164488
6.924972 13.152591 42.731968 6.477777 154.443325 23.129533 65.382063
6.796952 13.382601 43.080183 5.468782 179.733145 29.893307 77.292521
6.176275 13.084315 42.921832 12.707437 159.608885 66.354964 -29.465383
6.675793 13.252851 43.118698 15.518680 145.612747 40.928758 95.420006
5.969148 13.008205 42.754542 9.549983 140.039318 58.186817 -57.992460
6.248319 13.014065 42.851439 20.146223 108.244680 88.056425 131.914111
6.050049 12.955948 42.807265 6.973603 235.677988 52.577699 -159.091016
6.785835 12.768162 42.723756 13.958657 359.857458 32.465401 44.914935
6.459524 12.966982 42.766118 9.958114 17.999247 66.747184 19.278787
6.377566 13.010950 42.878025 20.212463 161.736155 41.587040 -155.080313
5.984010 13.191828 42.828063 10.859250 144.771446 46.464839 -102.816340
6.323139 12.960196 42.677442 8.152145 140.298771 51.626607 -97.732189
6.854447 12.944268 43.034186 11.028998 156.160812 45.004890 -132.996992
6.919603 12.825207 42.633081 18.365460 342.880808 32.476092 -68.194102
6.629536 13.177977 42.679391 13.419891 189.456931 15.972591 -121.991500
6.226221 13.196199 42.867970 12.383271 172.166780 35.139077 59.733883
6.197416 13.271763 42.878183 13.218095 47.565116 79.736316 38.599164
6.268378 13.115869 42.871951 10.231281 141.863746 55.037244 -46.646685
6.131089 12.983161 42.783566 6.957531 260.143187 49.880603 89.841844
6.713625 13.434083 42.748547 22.969358 324.685871 30.479076 98.268774
6.830876 13.009797 43.007465 10.120103 290.701503 52.619412 26.584493
6.371398 13.148498 42.781790 8.316562 352.598764 61.450529 151.602106
6.527238 13.130205 42.943637 3.721462 143.731194 51.702767 -113.283108
6.478331 12.937100 42.801201 5.221628 142.141323 45.391232 -93.369633
6.997460 13.365943 42.867050 16.692102 119.934117 47.440945 -97.788049
6.302730 13.089399 42.792163 10.033994 14.878226 67.453996 -133.204812
6.766924 12.948285 42.791557 9.477801 155.434171 40.167011 -120.514643
6.471806 12.957950 42.928631 12.782684 75.101529 84.041500 -175.288217
6.178868 13.154891 42.722939 17.823024 229.961804 56.921416 148.717104
6.519257 13.153437 42.862523 9.645589 19.063398 40.227276 -94.982379
6.658852 13.099548 42.733600 6.320125 59.019419 47.398189 62.328398
6.219159 13.217550 42.886518 11.510550 148.207272 27.377850 61.391086
6.537122 13.065510 42.782492 20.558919 135.073604 49.396196 -76.128507
6.416511 13.140821 42.979157 3.433966 356.985493 52.017886 11.735034
5.891454 13.146393 42.836587 12.753279 41.219267 23.947213 51.135184
6.772956 13.110204 42.550048 15.888120 159.104868 43.172079 -53.871419
6.125240 13.267411 42.759352 5.086467 156.769702 28.231039 121.526030
6.345788 13.182034 42.674332 18.559373 103.173315 24.844800 132.995754
6.821244 13.024246 42.908075 10.636536 163.066820 28.283610 116.912909
7.185210 12.874825 42.598566 5.601076 317.127199 38.466845 -87.382163
6.588396 12.878696 42.816467 16.815469 341.663050 26.800676 -127.331274
6.262383 13.232363 42.803147 15.129433 178.946827 48.646057 -53.178249
6.755470 12.904050 42.824889 13.806221 355.419876 25.510523 -92.200433
6.631132 13.461700 42.769626 12.605616 38.791946 81.378538 -14.607006
6.541033 13.223244 42.716594 11.911859 162.832674 20.827049 57.027451
6.204457 13.214040 42.959876 9.562960 62.904450 69.858039 -172.883693
6.343862 13.003543 42.982524 15.231020 169.832799 41.109234 -106.469068
6.276757 13.432618 42.826051 6.672572 178.122056 36.442899 47.390028
6.879690 13.051110 42.986472 7.710938 190.315156 46.360005 3.071917
6.487576 13.258351 42.762070 5.401317 94.308636 59.134853 -61.229800
6.004256 13.082008 42.779430 14.510884 60.870760 10.734813 105.098196
6.687297 13.013794 42.693392 17.355043 337.992109 26.395464 -105.018127
5.930643 13.084796 42.875338 11.572810 348.986940 25.063075 -125.130203
6.447363 13.331205 42.803276 13.785853 137.787423 41.894385 -94.181915
6.296053 13.266368 42.966573 5.236951 179.600276 37.995079 88.219399
6.424785 13.081384 42.987590 11.654952 170.449329 57.508984 -128.602412
6.718178 12.921416 42.910452 8.282966 147.313323 84.865251 -5.791406
6.518133 13.256140 42.907897 12.462114 156.881259 25.685776 74.214951
6.913315 13.326039 42.792184 10.211393 132.409029 62.985168 -118.497118
6.457007 13.104494 42.793382 5.303132 316.514220 39.127097 -102.804905
7.141921 13.497806 42.506849 11.646456 78.539111 71.428545 -121.236692
6.375882 13.270998 42.884651 14.480248 165.941728 36.615883 53.139616
6.793326 12.992998 42.851210 13.439322 49.664532 41.057479 75.050157
7.118174 14.038170 42.915615 7.639633 160.799045 59.340931 132.840430
6.827155 13.252729 42.992470 9.548592 37.790043 64.761146 -62.369637
6.149482 13.228831 42.937816 12.502581 146.775208 23.522922 94.947561
6.084136 13.105466 42.865058 8.288191 347.712290 22.474466 -58.308785
6.427556 13.229133 42.667036 7.929316 163.050995 41.610692 -73.779647
6.905465 13.312161 42.903165 3.425455 158.458238 22.238440 70.029520
6.754684 13.154414 42.891823 4.350373 78.133837 48.037647 -117.185337
6.511870 12.790737 42.742270 8.622872 350.143441 24.043620 -87.908956
6.099475 13.185588 42.859259 8.313606 76.622553 19.846718 92.360680
6.783213 13.592258 43.003095 16.597997 148.326808 68.386047 -116.757548
6.580612 12.927716 42.772875 6.935689 248.771828 63.890399 39.889417
6.610542 13.216733 42.948988 2.409485 166.832581 21.671878 134.735957
6.823379 13.139690 43.255364 9.582196 171.870971 27.154960 109.354852
6.622846 13.110104 42.810065 8.171023 165.688641 41.856705 -123.317742
6.480937 13.061698 43.032343 5.237798 173.670914 45.393567 -66.378746
6.087571 13.068980 42.740236 8.774816 77.356071 66.935082 -45.942718
6.624359 13.191921 42.770135 15.221974 300.501648 21.933625 -111.691992
6.947405 12.641852 42.938965 3.489051 265.224416 20.635503 -79.285622
6.138804 13.012423 42.833541 10.495957 138.992632 81.846534 72.089743
5.816543 13.237020 42.826118 8.005842 357.195103 78.536195 3.172247
6.146459 13.252431 42.816388 18.300475 18.967074 32.266111 -113.066262
6.787737 13.202169 42.716442 8.394244 237.895430 60.746006 1.298880
6.745705 13.054816 42.642832 20.988312 357.416656 32.821884 -85.733860
7.115049 12.955271 42.890753 6.295951 92.801119 50.917988 -105.254098
6.513909 13.044208 42.891277 13.091614 11.282091 81.192289 -42.571832
6.347201 13.118136 42.904411 6.635655 240.519670 46.926283 2.926824
6.642988 13.225124 42.895203 9.503914 302.168108 62.509393 85.686904
6.169937 13.121224 42.638926 12.581816 91.231211 42.933301 -50.256304
6.250078 13.195856 42.872136 6.920316 183.706201 25.437376 8.532924
5.983457 13.151503 42.818861 5.901560 284.759418 26.370776 -116.190808
6.199279 13.132794 42.802616 15.475078 230.469787 58.491702 56.182935
6.741999 13.223766 42.770501 4.347129 155.487933 48.920007 -131.608342
6.361828 13.236007 42.927717 4.313342 168.206692 26.206757 73.796255
6.320079 12.973378 42.943282 9.809153 99.352308 52.407644 69.012961
6.464939 12.858680 42.824023 8.309413 156.345896 39.901143 -83.832840
6.095363 12.946548 42.876201 11.507510 291.318732 50.252441 69.127826
6.778445 13.025254 42.640525 7.052407 159.364692 34.994416 15.830924
6.161815 13.110677 42.908628 9.082390 289.171729 77.159286 -80.850782
6.333922 13.069252 42.779190 21.324897 219.656591 51.528329 -106.324822
6.221753 13.165846 42.624444 9.890923 99.022906 66.755367 -153.878309
6.186850 13.060583 42.792649 9.809833 156.382353 28.343819 -98.318874
6.839792 12.937327 42.673939 5.250773 178.914723 43.498750 -97.054418
6.238008 13.202375 43.019723 9.189939 336.454600 75.559988 71.574501
6.352759 12.852174 42.811641 11.876107 359.120030 42.133395 -119.252023
6.634948 13.219981 42.926426 9.658783 172.266209 22.538006 107.893969
6.656811 13.081537 42.908201 4.017028 168.649190 48.544271 -109.913682
6.233255 12.981667 42.794868 7.192033 149.503556 40.835539 -126.589325
5.838323 13.056667 42.714126 10.231327 331.295151 20.875663 -54.068768
6.652556 13.061134 43.082448 4.691986 141.419534 45.917016 -102.602144
6.791701 12.675921 42.809108 17.409575 124.920629 75.266093 -170.950449
6.968706 13.125066 42.902602 8.153861 286.135330 29.715591 -97.904846
6.774377 13.008089 42.620447 11.382228 335.882541 74.647342 -51.328855
5.986418 13.248288 42.873172 6.151946 166.384114 23.125957 -76.200383
6.870083 13.058630 43.129541 10.041441 173.142886 23.180520 91.367400
6.067734 13.225142 42.850072 12.400189 173.914687 24.366345 133.186070
6.343504 13.119051 42.841253 15.668827 258.299322 37.125001 49.764511
6.514228 12.866575 42.687423 11.353501 143.011789 34.394994 -69.560540
6.574179 13.008794 42.990396 18.006512 327.051687 48.322577 -130.566060
6.438845 13.169135 42.615769 14.054874 347.042237 36.893438 -127.147208
6.442776 13.203567 42.710164 17.623191 153.966613 45.055488 -105.948970
6.074176 13.042260 42.870879 14.377914 348.987305 33.967376 -60.186562
6.321054 13.234346 42.837711 4.196851 318.906009 42.870753 -61.407027
6.526177 13.156363 42.872127 17.013402 352.979790 59.080014 -84.996580
6.596679 13.174073 42.680339 14.942968 37.536268 25.340042 170.699695
6.811851 12.789727 42.400484 12.749001 103.703721 64.355966 -97.569775
6.527760 13.259094 42.853147 8.059379 24.004277 86.679407 161.105987
6.486323 13.137826 42.821691 8.717218 140.975042 25.924486 98.981803
6.904093 13.202087 42.759096 6.143302 300.328294 62.640856 125.868137
6.517756 13.253492 42.710501 7.713343 173.573329 55.025401 -53.915774
6.770623 13.098285 42.488120 19.644281 116.959384 71.197335 49.865826
6.586871 13.065018 42.822620 15.648907 45.277384 31.043845 61.862419
6.137721 13.070220 42.946009 4.827844 348.659197 63.536007 -122.668860
6.585633 13.239003 42.871593 7.650084 336.633163 59.212878 134.903557
6.654397 13.055815 42.840388 6.965279 155.163681 57.221024 -45.585556
5.827257 12.909352 42.796014 8.963857 312.318599 27.473613 146.412491
7.009999 13.104260 43.006106 9.007050 174.840909 57.244173 -110.679638
6.919590 13.559335 42.926991 10.828153 175.305721 54.214862 80.304289
5.652104 13.012843 42.750123 11.016436 118.305207 84.636861 -143.560061
6.086907 12.865911 42.809509 10.110728 220.327532 36.016596 5.969943
6.428762 12.885366 42.738683 11.264590 147.040835 88.716269 174.726016
6.337803 13.175275 43.030156 9.743822 137.841997 33.592600 49.402750
6.733743 13.179987 42.920977 19.830286 281.623577 56.532388 74.144846
7.014166 12.879355 42.819835 26.786999 158.727963 40.882988 -46.975687
6.615010 13.376684 42.815015 7.370719 356.267556 35.153769 94.400253
6.915065 13.316166 42.615971 16.442632 85.024399 59.438380 124.650200
6.787313 13.046857 42.848954 13.216443 132.512621 65.259390 -135.389700
6.872366 12.986139 42.861687 8.197981 145.942507 56.983426 -94.205934
6.280110 13.146318 42.834011 11.240412 295.385844 26.403000 -150.182994
6.601542 12.900349 42.639464 13.061586 150.538403 33.264428 -130.340133
6.995359 13.090932 42.603084 13.720046 110.457260 78.069375 -57.613084
6.440170 13.190431 42.883951 13.928062 161.060488 34.567810 53.371058
6.660933 13.015466 42.993124 6.723709 142.130090 33.430639 70.741603
6.435205 13.204654 42.863895 6.255476 277.657768 45.261815 -88.034838
6.678247 13.176413 42.921097 6.130215 153.702828 72.011423 94.590075
6.732703 13.251427 42.720753 5.693823 287.203958 70.633075 51.939881
6.861061 13.056360 42.728040 8.093190 143.830000 31.785249 -61.002728
6.078282 13.147374 42.747099 4.536785 123.819313 70.626242 -58.236284
6.236035 13.174432 42.865591 11.188784 158.148807 30.677836 50.678060
6.334167 13.170350 42.893363 8.987779 145.896296 40.585873 -120.679385
6.329060 13.138269 42.869471 19.228333 163.478449 38.777674 77.956083
6.607558 13.286322 42.581244 4.440386 125.958756 64.755666 -128.716259
6.634724 12.995450 42.844933 14.623453 165.443035 40.457098 -99.960758
6.301269 13.162409 42.791540 14.286083 175.130788 33.311886 65.104050
6.694627 13.032702 42.820423 16.093991 174.170648 52.688130 -76.364787
6.680741 13.366736 42.744658 7.250123 156.459642 67.193023 -119.068554
6.762886 13.222796 42.692017 6.630275 164.933819 42.333787 -80.546635
6.091864 13.106032 42.849188 9.186825 154.424468 48.198761 -110.717097
6.918563 13.712725 43.017070 15.132001 156.585514 47.011317 134.548675
7.060871 13.233745 42.646782 17.978489 141.414746 53.739288 -60.137189
6.810925 13.027348 42.997005 11.382534 302.185195 66.749834 -171.790290
6.016720 13.089738 42.768697 11.516700 128.715723 30.098798 -128.711064
6.712228 13.114784 43.094297 8.430074 273.546227 50.466816 -130.893595
6.479026 13.165887 42.816930 7.461018 126.050158 66.874521 -111.238908
6.617801 12.780095 42.988989 5.318765 314.491363 48.297330 -77.774128
6.299458 13.003930 42.756635 9.403721 339.779657 21.728069 -130.509338
6.267913 13.026860 42.722342 9.730595 194.274179 69.045452 -16.241068
6.720427 13.564440 42.806486 11.751768 110.690742 21.454215 91.648915
6.361013 13.078628 42.855425 5.711408 158.630620 86.000537 11.223279
6.502619 13.096662 42.888152 9.725105 172.687931 31.867627 125.350567
6.506794 13.347849 42.818241 11.990168 173.021662 36.214696 102.140298
6.245201 13.148571 42.817314 6.004360 27.708630 80.311523 -6.336043
6.353251 13.103464 42.798029 5.884876 140.001851 44.529635 -118.074003
6.401285 13.134261 42.855311 10.270843 165.872721 85.477648 25.312300
6.540719 12.943708 42.840202 7.612646 318.134217 32.407836 -87.421429
6.703558 13.112835 42.788527 14.606156 168.401971 82.740656 -146.229846
6.542113 12.992211 42.680900 8.913606 179.221193 41.582972 -99.174488
6.363070 13.218020 42.988750 9.926515 155.578498 24.367657 82.581118
7.222685 13.301603 42.681713 15.950688 147.625657 85.047539 -92.972744
6.401751 13.033579 42.713475 16.041689 21.618265 43.651735 21.296538
6.580761 13.047835 42.849972 11.435918 336.811121 39.027337 -49.886601
5.908505 13.107711 42.768401 15.680632 164.521036 63.158998 -90.307660
6.478352 13.334472 42.731483 14.196059 154.830003 52.894297 -83.531411
6.675825 12.983540 43.021633 12.772915 172.561424 29.903325 74.850206
6.248180 13.015670 42.910943 6.333153 130.738187 38.884148 -53.015729
5.835706 13.068948 42.703829 12.319365 172.973053 25.077737 -89.414820
6.966390 13.259513 42.699168 13.071433 325.990052 58.407180 -121.897459
6.559613 13.028054 42.794575 5.647987 252.581337 20.641249 -94.818648
6.383259 13.026686 42.913727 15.967787 137.703843 56.667669 -118.410862
6.560022 13.395084 42.868873 8.406677 101.194066 57.190761 46.165815
6.551505 12.961260 42.913312 9.546977 277.719159 41.135756 -86.861612
6.364907 12.969046 43.021355 12.912680 140.796526 47.732338 -91.948998
6.499792 13.185439 42.946461 9.587871 12.835684 48.190796 0.122177
6.226564 13.118312 42.723589 10.056722 174.453649 53.432776 -104.232372
6.360729 13.281923 42.917464 11.985477 176.053161 63.524050 64.291887
6.910210 12.759975 43.221498 5.661675 178.370277 59.882640 -55.546872
6.631372 13.096912 42.841488 11.405570 331.383450 21.438680 -90.840222
6.990654 13.339694 43.209514 5.479301 147.563655 48.174285 71.168222
6.603854 12.992847 42.797355 8.281792 288.261855 32.714316 -69.449306
6.851719 13.137205 42.896651 14.198820 140.451784 55.565112 -119.182823
6.147328 13.296302 42.774522 9.243421 179.665033 36.238784 100.615625
6.590780 12.979457 42.622367 4.312040 353.601885 35.909404 -89.094033
6.333402 13.251708 42.823953 2.866045 171.066642 42.273229 -129.231401
6.747111 13.166724 42.847468 10.849257 166.118648 26.398659 127.973926
6.554422 13.117915 43.057138 11.463458 167.726953 35.045347 117.819306
6.320482 13.031356 42.898468 5.404084 155.236715 40.841271 -116.137630
6.670288 13.094833 42.773119 3.889011 143.718356 44.960357 -50.598466
6.536695 13.077081 42.767485 7.591872 321.651330 35.422702 -47.013125
6.664128 13.114481 42.874299 5.881194 164.843314 40.696554 -94.802189
6.723159 12.876054 42.922274 13.784838 234.215153 52.505519 114.865420
7.106358 13.376346 42.944138 12.426088 27.955109 84.159358 -12.961596
6.695106 13.083635 42.677370 6.683556 161.322590 59.129232 -110.752075
6.379206 13.426441 42.992843 4.393679 171.000976 28.803407 65.458142
6.075026 13.057035 42.724242 15.523424 168.533377 46.889867 -55.405739
6.025879 13.024878 42.795958 12.788088 137.438852 59.540671 -78.512447
6.568673 13.091745 42.576347 7.645076 145.896277 57.596964 -114.935590
6.326351 13.074024 42.804370 11.959860 160.227196 44.158452 -103.418422
6.571471 13.159989 42.757047 19.622850 166.662320 39.169156 127.151077
6.294541 13.095904 42.864727 7.349226 211.554780 52.849227 -116.774988
6.362693 13.089520 42.924989 9.127595 178.342671 49.402092 -61.485602
6.289769 13.153944 42.863550 18.854188 164.318903 31.024452 116.597313
6.774540 13.364994 42.669126 7.929648 159.022102 67.869421 -109.963647
6.648201 13.238928 42.887002 4.231226 158.707409 54.161743 -134.405821
5.962624 13.044560 42.796075 13.223787 334.232390 33.856829 -105.965414
6.540850 13.114793 42.998791 12.054137 82.755914 84.018425 3.385692
6.180886 13.233867 42.897370 12.775086 136.518819 28.033106 102.426330
6.143269 13.048875 42.824188 5.154331 137.924537 56.592648 -116.728226
5.895811 13.265264 42.899684 17.248172 137.853750 31.125057 74.662985
6.459639 13.146212 42.982465 5.446287 176.669185 83.999627 -146.983654
6.450714 13.005055 42.988046 11.405761 254.861188 39.667738 -115.674401
6.890652 13.013551 42.982948 6.127210 186.760700 74.135038 -160.437859
6.672108 12.700670 42.780566 10.005889 274.601226 24.524668 -82.023116
6.870598 12.902963 42.687943 10.071408 340.155395 20.703497 -62.913293
7.011548 13.261510 42.969981 16.342126 281.279971 79.761651 60.073553
6.584757 13.287521 42.594721 13.935860 150.248594 49.294343 -118.368981
6.100319 13.263267 42.952200 5.036925 166.653670 24.465178 105.617905
7.027908 13.253996 42.888465 10.468470 260.939170 30.056513 115.641669
6.876747 12.904424 42.986245 13.522709 245.860091 46.802870 133.629916
6.626821 13.200910 42.797748 5.051202 153.486856 33.467488 125.539841
6.440155 13.237074 42.786694 14.012440 148.545254 54.349961 -50.666214
6.755386 13.104571 43.003741 8.835642 346.659379 38.766686 -131.046977
6.287069 12.819927 42.931493 5.187166 160.078423 59.490132 -101.366456
6.333483 13.178266 42.760967 10.072744 144.916119 31.632080 106.140829
6.141086 13.109749 42.837106 9.993359 288.209004 71.273559 -105.245780
6.239747 13.242638 42.872123 11.251197 136.115832 19.852581 1.343467
6.319064 13.180898 42.808789 6.309118 143.442192 47.540179 -111.497115
6.087628 13.155019 42.725297 11.958489 174.229620 25.204326 134.978045
7.085961 13.330169 42.982896 7.818525 214.673363 37.074090 -14.905145
6.616084 13.073569 42.872862 3.085989 340.064151 32.892305 -104.215194
6.862241 13.041755 43.085093 8.191954 350.302022 79.485710 -91.347545
6.560596 12.750900 42.901813 10.195905 336.637201 38.002670 -116.708761
6.677148 12.998513 42.781746 17.722079 332.677764 45.238183 75.990991
6.373967 13.162703 42.697265 8.466917 148.757722 33.180413 93.222311
6.503545 12.995838 42.969244 13.806503 328.109438 45.424035 -45.944896
6.675329 13.045690 42.647134 13.093128 178.252651 47.680151 126.516365
6.692520 12.892288 42.744812 9.272531 140.398986 47.381175 -47.313681
5.948864 13.208911 42.965452 15.166491 331.315120 35.026533 105.858873
6.438769 12.885080 43.015377 8.152279 276.660780 57.393034 -92.205967
6.451958 13.149374 42.944543 5.865649 151.802572 34.459914 82.319280
7.060243 13.557728 42.468188 11.967255 116.839644 67.015543 -167.832779
6.550974 13.192517 42.824426 9.620833 157.821758 25.694373 86.065671
5.712475 13.040022 42.806055 15.957013 168.869074 56.516400 -115.933673
6.283921 13.271704 42.941593 18.780965 174.594309 22.203999 69.118248
6.606817 12.579105 42.802284 7.562994 152.327226 34.974098 -57.952125
6.164190 13.055661 42.968023 7.329550 315.670504 45.799273 30.430681
6.249889 13.032404 42.813134 10.264881 191.877315 39.182483 -52.974257
5.807974 13.035656 42.922546 13.619539 158.351979 28.871158 126.044243
6.741884 13.366721 42.783340 8.388606 142.253012 24.080753 120.242430
6.060811 12.965724 42.806137 10.507447 159.881507 46.625221 -81.702455
6.362091 13.119661 42.863830 14.949430 72.587339 67.329955 68.407991
6.474448 13.074569 42.608127 14.661042 128.812368 76.722020 -142.490317
6.596838 13.029133 42.788621 15.279166 343.791855 35.834207 -63.413258
6.844949 12.607441 42.749945 18.334872 321.399026 54.855805 -75.986122
6.480451 12.902931 43.194583 12.553434 28.637203 37.371635 -103.478528
6.662452 12.978484 42.915861 6.677649 63.615485 55.068408 136.292939
6.630451 13.337535 43.131136 8.209372 178.209430 10.694151 97.770622
6.337788 13.325229 42.900334 6.013145 177.801773 22.832381 65.357130
6.763298 13.142983 42.606244 7.474505 161.228903 58.975083 -58.407730
6.446154 13.155396 42.761207 5.515384 139.331502 24.373517 63.377069
6.752323 13.066484 42.794077 9.999215 137.320224 61.213133 75.612538
6.289676 13.091884 42.763385 7.745345 148.304388 42.456142 -104.818677
6.564292 13.152831 42.943148 9.914482 330.421262 52.087085 -114.020590
6.154608 13.076418 42.857206 12.388559 149.964565 52.220273 -131.625221
6.238201 13.259561 42.600480 8.584016 316.678656 22.725590 -52.789613
6.334974 13.243409 42.790367 10.894781 348.554010 20.448687 -61.393113
6.165541 13.211045 42.729044 10.558715 174.651389 40.550743 -86.316798
6.369944 13.172716 42.769194 11.476550 174.202452 59.303348 -72.135248
6.621282 13.143337 42.966295 8.047918 74.670000 58.671856 108.530198
6.605315 12.944611 42.781831 8.535414 178.041552 40.206896 -93.756988
6.612344 13.139399 42.908059 6.675565 139.108776 58.469026 -103.473613
6.348796 13.050162 42.969856 4.386100 300.670759 40.772460 -46.661445
6.795537 13.855292 42.927586 10.480345 288.077019 74.815006 97.252534
6.311328 13.080391 42.785996 5.064299 251.508879 46.969766 -95.943444
6.712180 13.565700 42.957248 8.577299 158.694564 44.746560 89.338778
6.037916 13.068168 42.806152 9.752089 143.612173 57.312692 -73.233222
6.826509 13.289372 42.761719 14.745036 149.466678 23.599941 92.081979
6.508472 13.070083 42.707905 12.923386 145.992640 43.288664 -104.689288
6.402212 13.208166 42.834526 11.527958 136.801344 34.789589 98.869145
6.204704 13.142735 42.775337 12.761342 47.615202 57.362172 -119.877302
6.533382 13.118502 42.950970 8.193733 122.484469 81.318561 171.834580
6.554255 13.121906 42.818566 5.038965 174.953232 81.517450 -166.985029
6.368778 13.183106 42.891980 6.092838 169.819089 59.226110 -112.884212
6.343136 12.775276 42.852878 9.186773 132.222972 56.656785 -49.166807
6.900552 12.961257 42.412440 18.717520 120.496534 51.101930 -91.890544
6.093298 13.265767 42.650297 10.315471 170.185963 46.826466 -76.520438
6.290645 13.119927 42.893179 3.195761 142.175770 48.242066 -120.684342
6.728774 13.022668 42.703627 12.009481 356.128868 40.643028 -124.937434
6.462572 13.232172 42.990344 9.201550 158.355486 20.762113 111.900405
6.502127 12.966879 43.080818 4.176274 176.882394 29.947063 66.609657
6.007964 13.073404 42.805998 7.786575 166.889864 75.265239 -122.158688
6.576279 12.913274 42.737993 11.627649 298.295948 27.248674 75.438307
7.078882 13.220688 42.491949 7.834182 316.759063 40.079963 -54.511452
6.976077 12.865329 42.827550 16.360568 288.433951 36.236108 -48.353563
6.678284 12.884798 42.717043 5.231017 160.284127 31.949009 -62.639692
7.033075 13.382737 42.895376 11.636454 179.934282 25.596214 112.960367
6.769569 13.247868 43.048812 5.624077 30.408500 85.777104 -158.310878
6.785128 13.543234 42.610033 19.030010 91.241743 69.167973 141.552235
6.522769 12.811316 42.875717 13.804512 345.505884 37.740777 -134.751610
6.247575 13.241678 42.774091 11.951028 295.823420 31.534620 -74.905587
6.513767 12.938454 42.658308 6.596123 226.005883 43.340342 -64.533188
6.096793 13.110643 42.805684 12.589865 154.732572 24.673250 58.060240
6.677290 12.950462 42.575910 9.222348 243.980982 46.036319 -57.242861
6.668814 12.815380 42.669008 6.354931 356.154079 24.829765 -83.423778
6.578838 13.273490 42.999771 17.933661 78.983915 24.984191 110.187006
6.111794 13.338605 42.832421 17.217346 357.121585 56.803247 -96.160041
6.528645 13.137184 42.719560 14.532005 143.108072 33.225381 98.504170
6.703764 13.097586 43.011744 14.062513 160.525656 41.860101 -111.959260
6.600654 13.349494 42.793154 7.252605 157.661129 52.976971 -91.088144
6.625528 13.706196 42.931653 7.300203 174.954772 56.745359 75.871223
6.419524 13.163822 42.925501 7.464203 179.611080 81.315458 116.571648
6.493156 13.300910 43.028545 3.722187 273.228645 54.728999 80.688792
6.018608 13.186981 42.618276 8.346993 152.879298 42.259272 -120.928066
6.505358 13.217023 42.818472 16.723714 153.382875 43.011948 -60.402279
6.636828 13.220484 42.852419 13.831641 326.090498 41.151006 -60.018349
6.090475 13.068477 42.795913 9.827862 302.491831 26.100481 -107.040727
6.772978 13.237103 42.695340 10.047570 151.625912 58.526794 -83.220611
6.768445 12.929026 43.093521 9.522925 325.008076 50.962662 -120.602610
5.963119 13.136341 42.834933 9.264311 357.831321 52.364026 -77.273251
6.079537 13.171503 42.708648 14.532521 261.097425 57.769217 -118.927967
6.399880 12.976858 43.066110 13.159407 295.514316 47.531207 -97.634503
6.557615 12.812545 42.746630 9.193077 338.979690 37.431137 -60.990957
6.274079 13.046869 42.760724 8.945281 178.389890 58.050622 -104.470687
6.124594 13.244997 42.887673 16.309803 356.369997 45.156716 -80.275098
6.595852 13.301940 42.778413 10.571822 148.953003 26.855302 49.230931
6.577840 12.941036 42.687441 11.672480 101.342965 25.675347 -93.194775
6.784439 13.082758 42.817838 12.842093 135.707026 44.505227 -84.456847
6.407212 13.052757 42.892788 12.142510 156.434638 58.391965 -103.326398
6.167710 12.970018 42.866286 12.760636 326.634808 25.364744 -74.079165
6.298197 13.169351 42.797857 22.232887 167.360318 25.631601 75.367208
6.712624 13.084976 43.012240 12.916017 147.605759 51.832951 -56.285454
7.237697 13.506531 43.036468 8.978341 141.110601 56.595911 99.114714
7.003895 13.197581 43.029954 5.049879 166.311357 33.283087 94.412009
6.436652 13.390612 42.700120 11.813916 151.264193 20.368827 50.554050
6.026181 13.101384 42.914804 19.681621 147.605291 40.622663 -63.349698
6.532546 13.095227 42.850914 4.968796 330.134526 65.068998 -79.374853
6.197933 12.975964 42.791716 5.531993 135.729797 52.552393 -107.470889
6.655263 12.962810 42.689486 18.855647 139.379558 58.356379 -87.745223
6.362341 12.760974 43.011745 18.640450 85.432917 57.550372 -70.339102
6.719044 13.111088 42.743437 16.186883 105.172910 86.987678 -153.576300
6.051753 13.145317 42.853766 7.638159 255.317572 20.366699 150.901169
6.179028 13.232716 42.796615 12.553435 154.603573 25.858862 92.873633
6.113464 13.216542 42.888073 5.145695 158.404129 21.342007 83.151821
6.107725 12.981567 42.915580 18.996731 162.961710 29.733874 103.241954
6.227219 13.090680 42.955768 6.192043 134.856771 45.991433 -93.210831
6.608119 13.371367 42.749995 4.167354 141.486047 56.323116 -93.189000
6.144759 13.222825 42.760702 14.086271 276.111991 72.297965 -57.491854
6.421068 13.047499 42.704749 10.943756 146.834350 41.924158 -93.913079
6.268996 13.397089 42.808364 7.209560 233.430868 73.245924 131.706758
6.358830 13.060363 42.849263 6.492260 178.891407 40.480823 -132.983577
6.344940 13.013142 42.669683 10.007758 182.765855 75.120993 -171.436138
6.263291 13.333451 42.794496 20.595357 18.262587 81.374375 131.421235
6.743673 12.970931 42.607383 24.966446 316.608437 36.937895 -128.923958
6.576656 13.116199 42.936347 5.205384 140.323274 33.690096 90.895391
6.107435 13.133327 42.844117 7.914619 306.775139 69.127051 101.736380
6.639212 12.761439 42.775912 8.809181 166.275985 20.698808 -104.276931
6.612610 12.998991 43.033729 4.140578 159.080108 55.173701 -128.121926
6.937410 12.974604 42.963100 5.226366 156.637076 44.856752 -114.824655
6.346994 13.193965 42.809870 14.423063 164.484142 32.721781 122.739961
6.228574 13.127548 42.728565 14.600402 165.561788 40.974468 -54.418082
7.318024 12.552202 43.081567 13.254672 333.703382 30.502545 -56.718084
6.819151 12.971935 42.976730 14.506143 149.848093 58.447733 -57.772392
6.069628 13.169917 42.807041 7.743357 122.235255 56.560499 -124.659667
6.861182 13.259436 42.817260 4.862844 148.386658 49.322868 -85.406405
6.847524 13.413247 42.438225 9.932974 118.408970 24.583222 49.575938
6.291157 13.264899 42.886630 11.108653 151.780192 33.574491 131.712241
6.601119 13.240228 42.823955 17.229488 227.963656 40.378705 71.372634
6.181838 13.035808 42.811966 7.358803 205.496999 15.008841 -16.493247
6.450090 13.171360 42.866106 15.836605 198.460901 73.116840 -18.988572
5.830494 13.059105 42.885076 6.433061 57.973358 84.553902 -42.218813
6.263358 13.144369 42.666049 11.602856 33.827056 61.263146 148.980188
6.938110 12.294146 42.385365 4.300589 175.639985 26.328261 -131.179271
6.036440 13.225510 42.950451 7.108394 170.081268 26.818367 87.299258
6.423402 13.067890 42.814774 7.764527 171.883629 44.933247 -93.054235
7.015213 13.317258 42.365026 10.093755 286.119871 59.844607 -78.917946
6.803543 13.153903 42.781005 3.927424 165.805487 34.256551 105.035490
5.964407 13.127465 42.910846 12.324321 161.168298 58.541055 -119.479947
6.539416 13.205693 42.634429 7.443338 111.510525 44.867349 -73.526109
6.618857 12.991252 42.787842 16.519138 46.876951 57.885119 -176.388005
6.731503 12.650026 42.830771 7.899102 141.243919 49.377510 -63.350799
6.469394 13.478376 42.889125 15.091809 149.676718 47.511922 83.402838
6.433406 13.179246 42.822212 6.510611 333.732895 22.580716 117.447256
6.624806 13.270339 42.915521 6.394425 171.014385 23.666786 52.626488
6.141193 13.243556 42.763108 6.556426 121.526988 53.047448 -99.994838
6.922615 12.967325 42.504571 13.366973 227.816689 78.794468 -51.315716
6.870555 13.137154 42.975521 10.852178 3.323836 15.142842 87.614070
6.451252 13.254040 43.057460 13.425526 162.648704 37.872929 68.816732
6.662713 12.935057 42.743351 9.360773 262.986618 50.687271 68.098570
6.772723 12.810890 42.576169 19.443026 342.469392 39.563633 -97.882634
5.979940 13.171435 42.877199 13.666775 351.630937 47.276311 -73.969309
6.043257 13.141314 42.706042 4.083698 29.774204 47.751465 47.224982
6.474445 13.077464 42.851203 16.092900 203.850753 57.346649 -64.131813
6.700884 13.358276 42.646821 12.188096 172.891335 40.396222 -58.851474
6.363637 12.926870 42.920911 15.151257 298.860523 40.126934 -173.390686
6.279610 13.127061 42.864090 12.902384 1.249517 71.407910 164.583703
6.706996 13.003621 42.935186 9.771327 222.106394 50.701506 71.488022
5.770795 13.274695 42.837837 1.882496 137.719626 20.796120 102.959301
6.052345 13.212462 42.751498 11.120524 355.019083 20.078244 -104.192273
7.003434 13.267203 42.494210 13.117085 126.627316 53.886168 -124.242847
5.838756 13.111556 42.772735 7.856425 336.403834 53.978097 -79.169866
6.644386 13.079724 42.807189 12.898965 158.586971 55.551702 -86.514179
6.730214 12.979467 43.128524 14.676494 173.720910 71.672454 -151.029175
6.500097 13.394176 43.035979 7.344804 153.611489 35.281474 64.500107
6.516309 12.969284 42.914779 6.959899 145.657317 44.908264 -74.941205
6.701408 13.206749 43.003803 20.107230 279.180329 75.129124 41.884571
6.922889 12.988028 42.715608 16.626155 133.103342 43.468250 -123.113686
5.948383 13.179559 42.751909 14.374029 341.419668 30.658452 -68.868878
6.491302 13.061949 42.787758 15.802269 153.392082 54.573214 -84.154726
6.138278 13.024543 42.851118 7.807149 85.679035 77.919357 -165.554279
6.365059 13.185920 42.817985 10.302795 169.377565 42.478722 -73.782319
6.286642 13.179842 42.933967 5.866689 261.252729 53.343487 75.846015
6.163039 12.945384 42.921461 8.107833 142.229024 31.031695 128.577622
6.614433 13.074285 42.805906 12.250935 331.311657 79.638289 -126.962800
6.502240 13.194217 43.011613 8.462437 178.567533 22.051732 57.418616
6.287158 13.054774 42.601186 11.929183 350.697127 30.675329 -48.798922
6.384341 13.092782 42.638098 16.490979 95.253017 42.748262 -110.059134
6.351231 13.219132 42.794016 6.671891 288.658877 50.164935 -96.176164
6.559758 13.057821 42.852072 18.890565 319.793910 58.713490 116.286272
6.507924 13.035335 42.763820 11.532564 349.318494 36.210808 -113.777190
6.288196 13.027832 42.880472 11.593378 152.303793 31.384485 -66.941531
7.054614 13.216598 42.624882 12.020028 156.020516 42.460276 -126.796497
6.614206 13.261523 42.912848 9.883842 276.846389 57.606705 -22.382688
6.298856 13.164893 42.890442 13.151979 145.863498 10.950438 -133.845047
6.892946 13.165867 42.964503 7.873857 145.693208 52.218161 114.511630
6.016271 13.122287 42.683007 9.626527 164.169578 52.825890 -83.717747
6.744761 13.508314 42.529650 12.577666 306.782266 74.611543 -179.286612
6.804821 13.221993 43.169298 7.810974 160.949657 62.069123 -33.214254
6.695091 12.981906 42.698247 7.347355 67.182149 63.764075 -22.085304
7.094995 13.143537 42.745477 13.908827 177.571603 38.843382 111.580246
6.527248 12.944807 42.793248 13.707807 313.866668 58.118432 -105.136601
6.785618 13.311418 43.013088 11.013184 177.899317 29.834129 109.397482
6.429835 13.101912 42.886721 13.753230 138.203059 26.309717 85.386743
6.416880 13.001837 42.811537 7.538747 341.679109 29.746373 -65.819249
6.738792 12.876420 42.946831 9.622733 135.394663 44.056024 -118.015669
6.422421 13.140541 42.753151 9.672798 176.622250 32.326100 86.279920
6.651675 12.957086 42.636655 10.918196 327.900027 36.631385 -63.961052
6.375178 12.967346 42.845639 7.808385 3.631835 31.071400 79.768221
6.496530 13.181849 42.776119 19.277703 342.382815 57.885609 -20.435882
6.825003 12.947576 42.922582 15.214886 172.375995 22.170498 125.185637
6.612285 13.170562 42.645662 6.916737 117.924827 43.253059 -99.254226
6.518200 13.330744 42.656397 16.205096 138.950714 39.577979 83.971273
